Safety_Score,Days_Since_Inspection,Total_Safety_Complaints,Control_Metric,Turbulence_In_gforces,Cabin_Temperature,Accident_Type_Code,Max_Elevation,Violations,Adverse_Weather_Metric,Accident_ID
75.29680365,6,7,65.13217867,0.52599423,77.77,6,47882.56666,2,0.011345195,621
1.141552511,20,0,54.46672744,0.369485034,78.92,4,36844.86827,2,0.067297134,622
21.91780822,18,13,68.04922516,0.345684097,79.53,6,38634.49184,2,0.009410406,623
70.3196347,11,1,66.68185962,0.192781103,82.43,4,38719.68751,3,0.070990535,624
41.73515982,16,9,76.25341841,0.387876668,81.86,7,19804.49457,1,0.001585053,625
32.14611872,12,8,68.59617138,0.245431662,81.83,4,35237.77755,2,0.064536414,626
45.29680365,15,1,60.34639927,0.355060224,80.54,2,26035.33714,3,0.352349973,627
58.31050228,11,8,45.25979945,0.714238009,76.37,2,36575.09962,0,0.492287323,628
46.16438356,11,4,64.40291705,0.303130905,81.69,6,27372.91297,0,0.006658766,629
38.44748858,10,8,79.12488605,0.301327804,81.01,7,46445.7091,3,0.004131035,630
25.57077626,14,10,70.73837739,0.302409665,79.17,4,28549.75555,2,0.051585265,631
39.6347032,17,8,75.25068368,0.251922827,76.69,5,32791.84219,3,0.021647601,632
46.84931507,14,2,69.18869644,0.330898666,82.1,5,38711.39357,1,0.025972153,633
69.7260274,8,15,65.26891522,0.40410458,83.11,2,36844.46116,3,0.499845233,634
41.68949772,19,4,55.97082954,0.30998269,76.12,3,30380.73455,2,0.151734513,635
80.95890411,8,35,53.96536007,0.341717274,83.08,7,37378.44026,3,0.003606835,636
63.97260274,9,9,76.98268004,0.299885323,80.12,2,33959.19162,3,0.45982132,637
35.25114155,18,1,60.16408387,0.434396682,82.31,3,3855.743817,2,0.048589004,638
13.78995434,17,4,62.53418414,0.237137396,76.45,4,45972.13598,1,0.085368589,639
43.92694064,15,3,76.89152233,0.426823657,87.11,2,23513.76332,3,0.317264638,640
21.32420091,18,3,50.18231541,0.564219978,78.9,3,42526.73924,1,0.212243576,641
53.47031963,16,0,80.12762078,0.269953841,78.23,7,37908.77657,2,0.003539786,642
40.73059361,9,13,49.86326345,0.347487198,75.94,1,23171.54509,3,0.848784775,643
22.73972603,15,8,55.69735643,0.260938334,83.85,4,20973.12273,2,0.038989965,644
57.67123288,11,0,83.91066545,0.224876307,76.18,3,27803.31303,1,0.138524831,645
55.89041096,15,21,49.63536919,0.696567616,76.02,7,47156.93843,4,0.003887206,646
72.46575342,10,3,37.28350046,0.577923549,78.08,7,26531.17709,2,0.002374989,647
52.96803653,9,11,78.9881495,0.333062387,85.92,6,15414.09902,3,0.003353359,648
44.33789954,15,11,69.46216955,0.439445366,78.96,2,32597.01971,2,0.440362865,649
32.05479452,15,6,62.07839562,0.287263613,78.31,6,43459.93175,2,0.010812271,650
30,19,2,56.83682771,0.551958889,82.38,3,24371.51422,1,0.122543644,651
75.20547945,9,1,81.81403829,0.226679409,81.1,7,36962.13154,4,0.003553235,652
36.43835616,14,26,65.40565178,0.293394158,81.8,7,33401.02555,2,0.002980999,653
41.96347032,12,2,56.88240656,0.473704291,79.79,6,32656.99709,0,0.008016858,654
16.48401826,16,0,51.91431176,0.421774973,79.65,7,34458.29672,2,0.003214794,655
15.02283105,21,3,63.76481313,0.408071403,80.6,5,39215.05929,3,0.026259912,656
52.46575342,13,4,46.26253418,0.438724125,80.5,3,22169.2086,2,0.11037399,657
45.75342466,11,2,75.25068368,0.222351965,78.93,3,36748.27037,4,0.183405433,658
27.57990868,13,30,75.25068368,0.532124775,81.3,1,31619.82942,1,1.161445046,659
25.66210046,14,10,83.36371923,0.25552903,83.32,3,30445.29914,3,0.150707712,660
42.28310502,9,7,88.05834093,0.251201587,82.8,2,30619.78737,1,0.413798628,661
35.25114155,11,6,45.80674567,0.456755139,80.44,1,34595.36334,2,1.276659279,662
41.64383562,19,5,80.40109389,0.22920375,76.94,7,37908.77657,2,0.003662182,663
32.42009132,12,5,68.32269827,0.191699243,80.99,6,25205.44116,2,0.00640985,664
18.53881279,16,6,77.301732,0.243989181,80.92,4,25245.63477,3,0.045245346,665
38.72146119,13,4,74.15679125,0.388958529,77.25,2,19525.85738,2,0.253283471,666
43.97260274,12,10,69.55332726,0.369124414,79.42,6,33346.97171,1,0.008502117,667
69.8173516,11,7,66.1349134,0.298803462,77.25,6,53751.55782,4,0.012895052,668
36.21004566,17,11,41.43117593,0.58044789,77.91,2,26064.93189,2,0.352422366,669
69.7260274,8,2,71.05742935,0.272838803,75.58,4,14453.96797,1,0.026105531,670
20.456621,15,19,62.12397448,0.461803823,86.58,1,24312.57633,4,0.905640294,671
25.98173516,17,1,51.91431176,0.524191129,78.63,1,35966.24702,2,1.329209211,672
51.82648402,13,12,79.30720146,0.324768121,78.02,2,9065.404171,1,0.059507622,673
8.538812785,19,6,29.89972653,0.856683015,78.9,4,37920.67541,2,0.069478554,674
26.11872146,17,6,70.8295351,0.438724125,83.64,2,12444.52133,0,0.162877093,675
28.67579909,13,2,62.26071103,0.396892175,83.27,3,22169.2086,2,0.109620845,676
72.46575342,10,12,57.52051048,0.478392355,81.2,5,32937.21825,2,0.021553358,677
31.73515982,19,4,54.32999088,0.192059863,79.21,1,42018.92911,2,1.544452162,678
31.96347032,12,16,68.59617138,0.364436351,82.54,1,32279.38141,1,1.18372104,679
59.45205479,14,3,54.42114859,0.392564731,74.82,7,45857.96599,0,0.004257461,680
82.69406393,8,35,45.89790337,0.804753696,79.79,7,41252.48252,3,0.004016691,681
13.65296804,18,1,73.79216044,0.217303282,77.58,6,28461.56958,2,0.00745328,682
44.33789954,15,14,77.84867821,0.262380815,78.56,1,32538.65913,3,1.187492079,683
51.59817352,17,2,70.8295351,0.337750451,79.81,2,29150.1822,3,0.395809076,684
29.40639269,16,10,50.68368277,0.628410386,80.19,7,31988.19599,3,0.002900879,685
67.30593607,8,7,70.37374658,0.330898666,82.04,2,27060.51787,2,0.36446301,686
35.34246575,11,34,71.05742935,0.249759106,82.45,5,36210.3572,1,0.024510974,687
38.85844749,10,0,57.70282589,0.288706094,79.31,4,41703.45329,2,0.07637104,688
12.64840183,21,2,68.77848678,0.189535521,76.46,3,35012.60116,0,0.174810007,689
17.85388128,16,3,65.58796718,0.239661738,79.15,4,28976.83875,3,0.054036196,690
10.63926941,18,4,36.78213309,0.454952038,75.5,4,23042.4621,2,0.042283526,691
69.26940639,11,4,81.58614403,0.434036062,83.07,2,41146.51755,0,0.55365091,692
21.27853881,15,8,62.71649954,0.392925352,79.85,4,38995.88552,2,0.071378948,693
46.11872146,8,3,67.50227894,0.257332131,82.14,2,47814.23112,2,0.648170989,694
45.61643836,11,6,39.88149499,0.584775334,81.74,4,22022.45204,3,0.040419359,695
27.57990868,13,1,53.78304467,0.510848179,77.35,6,31432.12423,2,0.008176606,696
42.05479452,9,5,57.976299,0.435839163,80.9,4,35320.94545,1,0.065277033,697
37.48858447,10,21,74.52142206,0.375976199,78.44,7,42630.26185,1,0.003837084,698
59.31506849,14,3,55.69735643,0.370206275,83.28,7,42842.03827,4,0.003835866,699
48.53881279,17,2,66.54512306,0.426823657,76.89,7,24370.22654,2,0.002123894,700
25.84474886,14,2,66.90975387,0.304573386,79.57,1,41982.56248,3,1.531616535,701
68.67579909,11,16,56.70009116,0.448460873,80.83,4,24737.33679,2,0.045459722,702
43.19634703,15,9,70.28258888,0.328734944,80.35,2,26545.82771,2,0.359258711,703
41.36986301,13,10,64.3573382,0.273560043,81.31,6,34616.53373,1,0.008268092,704
41.14155251,12,2,74.02005469,0.250119726,75.78,3,26194.68629,2,0.131214853,705
41.91780822,12,1,35.82497721,0.705583123,79.89,6,32744.17068,2,0.00811696,706
51.27853881,10,4,59.6627165,0.523830508,79.21,3,43704.68597,2,0.216076014,707
24.93150685,14,8,48.3135825,0.496783988,81.45,4,36010.89648,2,0.066514574,708
59.8173516,14,5,58.75113947,0.414923188,77.26,7,49860.81887,3,0.004696116,709
61.78082192,14,7,67.77575205,0.294476019,78.7,2,26340.29948,2,0.356822655,710
45.25114155,15,3,71.05742935,0.243267941,77.56,2,38858.4503,0,0.530620426,711
30.82191781,15,14,56.83682771,0.53897656,79.53,2,23322.72064,3,0.316958074,712
22.28310502,15,4,69.09753874,0.468294987,76.19,3,18915.50902,4,0.094498942,713
56.57534247,11,6,55.97082954,0.405186441,86.42,2,41094.83861,3,0.556857561,714
33.69863014,15,6,61.21239745,0.287263613,77,6,30419.63028,1,0.007222059,715
45.98173516,15,0,59.98176846,0.503635774,76.23,2,31596.31707,1,0.427609652,716
23.42465753,15,8,62.53418414,0.425381176,80.64,4,45769.78183,0,0.083991795,717
48.99543379,14,6,60.71103008,0.409874504,77.16,1,33700.42268,2,1.242369148,718
56.21004566,8,1,58.84229717,0.41816877,75.7,3,29428.5998,2,0.147082419,719
82.23744292,7,5,58.93345488,0.370927515,83.41,3,7330.433139,3,0.036496078,720
31.55251142,19,7,62.26071103,0.379943022,80.26,1,29232.00684,2,1.075385434,721
65.43378995,12,4,71.19416591,0.292312297,86.97,7,31484.43664,2,0.002693542,722
39.6347032,17,2,74.33910665,0.328734944,76.93,1,23350.89106,2,0.859539949,723
60.54794521,7,20,49.95442115,0.433675442,80.79,5,26088.95293,3,0.017223947,724
31.73515982,15,1,73.60984503,0.388958529,79.14,3,38973.16475,2,0.195925057,725
63.33333333,6,3,40.47402005,0.529600433,84.96,3,8373.440127,2,0.036496078,726
32.87671233,19,0,67.8213309,0.30926145,76.96,1,26992.78692,1,1.008607933,727
42.32876712,12,2,57.61166819,0.333423008,88.62,1,37496.2411,3,1.375305577,728
59.08675799,11,1,69.37101185,0.343880995,83.56,2,38384.43182,0,0.51935507,729
40.86757991,13,0,70.19143118,0.547270826,78.93,1,46503.70913,4,1.675368473,730
56.94063927,11,10,76.57247037,0.245431662,77.99,2,31870.41615,3,0.433461888,731
51.73515982,13,15,41.61349134,0.48560476,86.59,3,18083.04954,5,0.090816876,732
45.06849315,15,3,81.81403829,0.338471691,79.45,6,29720.29382,1,0.007438602,733
36.43835616,14,13,80.85688241,0.32296502,84,3,35986.69183,2,0.178747299,734
48.26484018,14,5,44.39380128,0.72902344,78.9,7,27755.4735,2,0.002500161,735
19.9086758,16,10,76.93710119,0.288706094,78.24,1,30017.31061,1,1.103234634,736
45.89041096,18,13,50.0911577,0.752463758,79.51,7,34371.86276,2,0.003075499,737
64.65753425,9,12,54.05651778,0.381024883,75.49,2,38600.79941,3,0.521352905,738
25.89041096,14,1,42.84412033,0.409874504,78.91,4,40296.81608,1,0.074467291,739
37.30593607,17,11,60.02734731,0.407710783,78.18,1,21489.47502,1,0.788798023,740
46.57534247,15,0,64.6308113,0.502914533,76.95,5,24084.88732,1,0.015497243,741
30.91324201,12,16,69.2342753,0.474425532,79.88,6,8652.455948,3,0.002657776,742
20.2283105,15,1,56.15314494,0.409153264,76.78,5,31533.39615,3,0.022173434,743
31.96347032,19,6,62.62534184,0.307818969,79.54,2,30419.63028,4,0.409147604,744
15.43378995,17,9,60.16408387,0.267429499,79.17,5,24854.10184,3,0.017223947,745
50.86757991,13,0,70.60164084,0.294115398,78.78,2,15487.67017,2,0.217473855,746
41.14155251,13,2,95.07748405,0.314310133,77.73,4,21554.55213,2,0.039167902,747
29.40639269,13,5,64.81312671,0.388237288,78.7,1,38266.75565,1,1.412637009,748
55.25114155,12,2,78.76025524,0.313228273,84.96,6,23833.67341,2,0.006119164,749
17.57990868,21,2,54.01093892,0.62083736,76.35,4,24455.0852,2,0.044704784,750
52.46575342,9,5,58.93345488,0.417086909,76.13,6,37002.51928,4,0.008398254,751
49.7260274,7,0,72.97174111,0.391482871,82.26,4,33053.91631,2,0.059831348,752
43.92694064,15,0,79.21604376,0.223433826,81.73,5,31078.83336,4,0.019970105,753
52.23744292,13,7,53.372835,0.63418031,83.39,2,41874.66365,1,0.566805569,754
37.30593607,14,3,56.92798541,0.569268662,82.99,6,28454.4614,2,0.007442839,755
20.3652968,15,2,49.08842297,0.590545258,79.75,1,45027.38573,3,1.668343207,756
76.66666667,6,12,74.33910665,0.330898666,75.94,2,40744.70302,3,0.551040805,757
20.2283105,15,3,55.69735643,0.418529391,76.51,1,38752.94775,0,1.428695679,758
28.90410959,13,15,67.09206928,0.351093401,81.72,4,43635.75469,3,0.08065624,759
31.55251142,19,3,68.77848678,0.17475009,81.26,2,30479.98025,2,0.408642256,760
38.03652968,14,8,61.39471285,0.391482871,78.7,3,18673.7669,0,0.089813358,761
59.45205479,14,4,39.88149499,0.44521529,74.82,7,38880.40073,2,0.003434911,762
38.76712329,13,12,66.77301732,0.415644428,81.2,6,22792.17401,1,0.005383992,763
91.23287671,6,2,52.46125798,0.292312297,77.98,7,32053.66984,0,0.002834829,764
40.2739726,9,3,59.20692799,0.488850343,79.12,2,25642.19634,2,0.346527328,765
40.63926941,9,7,49.86326345,0.434396682,85.1,2,17182.47277,1,0.225648057,766
41.36986301,19,2,59.7538742,0.468294987,79.66,7,34452.59787,4,0.003339886,767
11.78082192,18,3,51.18505014,0.564219978,81.14,1,28064.35466,1,1.045190491,768
38.40182648,13,10,61.21239745,0.438363505,76.8,3,29640.20943,3,0.147692401,769
24.88584475,17,9,70.9206928,0.378500541,81.02,3,52430.45212,2,0.260940879,770
54.79452055,12,1,73.42752963,0.463246304,84.74,5,8645.355704,1,0.00868878,771
19.40639269,19,3,58.75113947,0.609658132,80.07,4,36967.4489,2,0.067701807,772
60.2283105,7,6,74.43026436,0.274281284,79.79,5,42639.23444,2,0.028789198,773
41.05022831,13,1,89.97265269,0.298803462,80.85,6,39017.57592,0,0.009562795,774
42.10045662,16,0,74.02005469,0.250119726,79.6,2,23048.79008,3,0.315041983,775
48.99543379,14,9,60.66545123,0.421774973,78.5,2,49813.67387,1,0.677300019,776
60.1826484,11,23,69.87237922,0.41780815,85.97,1,40846.2083,1,1.485857649,777
47.71689498,14,1,67.45670009,0.379582402,78.42,2,27650.34958,3,0.371472026,778
30.1369863,12,20,85.96171376,0.326571223,75.84,1,34809.44519,3,1.274150561,779
33.42465753,15,0,78.48678213,0.376336819,79.07,6,42493.86496,2,0.01075244,780
28.40182648,13,6,81.35824977,0.226679409,78.76,4,21267.70437,1,0.038790882,781
37.57990868,10,12,65.72470374,0.305294627,78.29,7,20692.524,2,0.001603338,782
45.11415525,11,2,71.42206016,0.333423008,79.06,1,31436.33354,1,1.158499315,783
30.0913242,16,9,54.46672744,0.303491525,78.35,3,37007.77514,0,0.185150092,784
26.62100457,17,3,77.11941659,0.355781464,77.19,1,23811.18487,1,0.867035654,785
43.19634703,12,14,77.80309936,0.249759106,83.29,6,22659.25734,1,0.005389075,786
43.97260274,15,9,74.47584321,0.238940498,79.3,1,49358.53257,1,1.882949811,787
29.17808219,13,1,65.04102097,0.345323476,82.41,4,33053.91631,4,0.059945972,788
74.70319635,6,0,52.46125798,0.313228273,79.19,3,36219.52131,2,0.179039159,789
62.42009132,13,16,69.5077484,0.361551388,88.48,7,23226.23689,4,0.00253164,790
4.794520548,20,9,64.99544211,0.390040389,80.12,3,42500.22323,1,0.210513626,791
67.12328767,12,6,57.74840474,0.370927515,81.14,4,29347.28239,4,0.052536702,792
53.92694064,12,17,75.25068368,0.301327804,75.05,5,41509.54528,0,0.027458842,793
32.55707763,12,3,50.86599818,0.562777497,77.86,1,31787.11525,2,1.16938262,794
37.48858447,14,11,66.49954421,0.43079048,76.2,5,30858.54314,1,0.019585569,795
51.55251142,13,2,84.91340018,0.292312297,81.53,1,32904.31631,3,1.211024263,796
36.48401826,14,2,73.10847767,0.340274793,78.86,3,36459.19601,2,0.181365646,797
21.78082192,15,12,74.74931632,0.533927876,82.13,5,45350.76032,1,0.029100155,798
63.19634703,13,19,71.37648131,0.335586729,82.71,7,28715.68393,2,0.002761391,799
71.78082192,10,2,62.9443938,0.639589614,78.96,7,27755.4735,3,0.002338856,800
37.53424658,10,0,59.29808569,0.488850343,79.33,4,18784.40868,4,0.034202197,801
70.1369863,4,14,62.80765725,0.211893978,79.26,1,47715.83146,4,1.756611611,802
56.94063927,8,1,89.24339107,0.158882798,82.45,6,39207.16762,2,0.009682691,803
59.9543379,14,33,60.84776664,0.523469888,83.23,7,23561.29284,2,0.00253164,804
5.205479452,20,15,80.53783045,0.317195096,82.93,4,38100.97047,1,0.069478554,805
70.0913242,11,7,62.39744758,0.33666859,77.97,6,40833.46522,5,0.010121604,806
30.82191781,16,16,67.7301732,0.375615579,82.54,3,27170.40517,1,0.134763236,807
54.38356164,9,2,62.80765725,0.279690588,81.59,6,15156.44694,2,0.003405809,808
43.33333333,16,21,70.28258888,0.394007212,77.27,2,36883.78997,3,0.499470696,809
35.70776256,14,15,61.48587056,0.624804183,77.34,3,34371.86276,2,0.170783216,810
44.20091324,19,4,66.68185962,0.307458348,82.66,2,26493.13457,2,0.360857469,811
82.23744292,7,14,72.01458523,0.32368626,84.03,3,34977.681,2,0.174153414,812
32.42009132,12,14,55.46946217,0.475507393,84.8,4,44914.36915,1,0.081792847,813
58.58447489,11,22,78.53236098,0.271035701,81.18,2,38728.4865,2,0.521352905,814
34.47488584,11,11,73.19963537,0.378500541,77.65,2,20374.98756,0,0.274727998,815
27.71689498,13,5,65.13217867,0.549434547,78.66,5,32429.45872,2,0.022259921,816
33.97260274,15,0,84.91340018,0.248316625,82.44,3,39017.57592,2,0.194627897,817
77.48858447,8,1,74.79489517,0.338471691,79.85,1,30270.79367,1,1.110431765,818
24.65753425,17,4,75.29626253,0.238940498,80.78,6,26632.01297,2,0.006512082,819
56.57534247,11,13,64.12944394,0.448460873,77.36,2,42036.96527,1,0.569213826,820
60.1369863,10,2,64.49407475,0.317555716,81.49,2,32218.46564,1,0.43598353,821
35.06849315,11,12,52.32452142,0.405186441,81.89,4,25131.3222,3,0.045349159,822
41.32420091,16,8,71.55879672,0.333423008,77.27,5,37986.34565,3,0.026029375,823
36.02739726,18,6,80.40109389,0.293394158,75.4,2,37038.54145,4,0.499845233,824
34.47488584,11,8,69.2342753,0.331980527,77.94,2,34813.80328,1,0.472579041,825
46.11872146,15,11,61.48587056,0.570350523,79.06,5,20654.0788,2,0.013989315,826
58.17351598,15,3,59.98176846,0.338832312,80.85,1,21079.16911,3,0.771558067,827
50.4109589,13,6,65.95259799,0.30998269,78.48,1,23123.37793,2,0.843848408,828
59.26940639,14,1,65.13217867,0.368403173,77.32,7,47673.75429,2,0.004949685,829
39.5890411,16,8,51.41294439,0.533927876,81.79,5,27420.82739,1,0.018701491,830
23.47031963,14,7,79.39835916,0.366960692,78.32,4,46688.72896,4,0.085265848,831
51.41552511,10,13,62.21513218,0.402301479,81.45,7,42642.809,2,0.004244527,832
29.45205479,13,34,52.55241568,0.542943383,76.62,1,32193.5466,2,1.19173458,833
31.27853881,16,4,65.13217867,0.466491886,84.55,1,40822.78545,1,1.484524286,834
46.34703196,11,0,62.16955333,0.32368626,82.41,6,19949.51783,4,0.004774618,835
40.63926941,16,6,51.5041021,0.556286332,81.8,1,24314.56676,0,0.894482923,836
36.11872146,11,15,65.86144029,0.449542734,81.39,1,39396.11662,1,1.445692578,837
71.91780822,7,0,56.3810392,0.365878832,75.12,4,19872.46918,3,0.035320494,838
72.32876712,10,2,64.40291705,0.277526866,78.96,7,31436.64457,3,0.00258767,839
42.28310502,12,4,65.13217867,0.333423008,78.36,6,50885.13073,2,0.013041778,840
58.67579909,1,2,75.38742024,0.33630797,75.96,6,29146.68785,3,0.00752559,841
43.19634703,12,21,45.44211486,0.675651641,78.61,2,20799.92559,2,0.279104058,842
12.46575342,18,1,60.30082042,0.281493689,78.16,4,30477.31908,2,0.056055804,843
67.53424658,12,15,45.89790337,0.411316985,82.01,7,49884.00905,2,0.004696116,844
61.32420091,10,1,63.67365542,0.568547422,78.78,5,26164.09624,2,0.017035891,845
18.94977169,16,7,89.42570647,0.248677245,77.1,4,16355.89056,4,0.02996615,846
43.97260274,12,0,66.77301732,0.246513523,83.07,6,23291.3274,3,0.005441969,847
26.25570776,14,2,51.04831358,0.48596538,80.23,1,36873.07077,1,1.350050265,848
50.0456621,17,8,74.2023701,0.234973675,77.95,7,43755.47222,2,0.003750067,849
32.19178082,12,4,73.51868733,0.394728453,76.27,1,44739.94352,2,1.645890542,850
55.70776256,12,6,64.67639015,0.331980527,80.22,3,30035.71555,1,0.149886331,851
47.99086758,7,11,66.31722881,0.426823657,75.88,1,59153.88674,2,2.057714104,852
44.93150685,12,5,73.92889699,0.413841327,81.23,1,26600.52883,0,0.978454627,853
50.3652968,13,5,68.86964448,0.284739272,78.74,5,36028.49759,3,0.024540663,854
26.66666667,17,2,65.67912489,0.346405337,83.21,6,22547.19524,1,0.005757292,855
64.56621005,9,2,71.96900638,0.45855824,79.53,5,27305.72939,1,0.018217361,856
21.73515982,21,4,73.01731996,0.246874144,80.62,4,24487.79195,2,0.04455572,857
16.80365297,16,14,75.25068368,0.199993509,80.27,4,26198.21584,2,0.048063291,858
25.89041096,14,1,48.08568824,0.382106744,79.49,4,36511.61432,2,0.065822195,859
62.69406393,13,3,47.40200547,0.438724125,77.44,7,28287.9926,2,0.002747853,860
44.52054795,8,0,52.59799453,0.41780815,79.62,2,15521.1855,2,0.212995087,861
22.37442922,18,5,62.80765725,0.400498377,76.87,3,20743.33747,2,0.103606695,862
31.96347032,15,3,62.07839562,0.452788316,82.45,2,41604.61056,1,0.55986212,863
34.74885845,14,11,59.07019143,0.465770646,81.08,6,36093.8087,3,0.008990355,864
44.01826484,8,2,83.54603464,0.199632889,78.33,4,15690.49424,2,0.028858732,865
26.16438356,17,0,63.17228806,0.330898666,78.78,3,37047.55116,2,0.184886419,866
57.12328767,11,17,58.0674567,0.37741868,79.62,2,32215.06761,4,0.437330248,867
30.1826484,13,11,63.71923428,0.383188604,80.37,7,27170.40517,2,0.00243244,868
63.83561644,13,4,51.27620784,0.53897656,79.07,7,31314.17631,1,0.002602079,869
41.41552511,9,2,72.01458523,0.4311511,80.85,4,26023.20726,1,0.047833368,870
57.44292237,12,0,68.82406563,0.198911648,82.43,5,30043.79113,3,0.019926368,871
40.77625571,16,8,47.08295351,0.438363505,78.33,2,27716.34617,1,0.37567404,872
48.72146119,10,4,64.99544211,0.250119726,77.29,6,19643.59874,2,0.004433201,873
57.76255708,14,3,67.45670009,0.219827624,79.14,4,13192.67464,3,0.025111558,874
36.07305936,14,16,88.650866,0.245071042,75.25,6,35317.91194,1,0.009067668,875
47.12328767,11,7,66.90975387,0.450263974,81.15,4,28878.39582,2,0.053900361,876
50.73059361,13,0,51.91431176,0.444133429,80.5,3,36885.69795,1,0.182958865,877
72.96803653,7,6,80.40109389,0.33702921,77.77,2,29821.78236,2,0.403593936,878
39.36073059,13,5,66.49954421,0.465770646,83.94,2,41604.61056,1,0.561343947,879
31.18721461,12,0,74.74931632,0.399055896,76.02,1,34544.14446,3,1.275979044,880
37.57990868,14,6,71.69553327,0.277887486,76.3,3,26538.32226,2,0.132090953,881
64.15525114,9,9,86.23518687,0.306737108,81.53,7,29926.32686,2,0.002728928,882
36.25570776,11,1,73.74658159,0.2959185,84.4,4,31592.25349,2,0.057413658,883
27.16894977,17,2,78.8969918,0.397613415,85.07,3,25735.80475,2,0.128896402,884
43.47031963,15,2,55.24156791,0.194944825,79.85,2,25223.04717,2,0.339470395,885
56.84931507,11,1,68.82406563,0.198911648,82.66,2,19364.54539,2,0.254442294,886
49.5890411,10,35,56.28988149,0.49894771,83.6,3,19850.68132,2,0.099943014,887
22.64840183,15,4,47.21969006,0.582611612,79.09,1,42207.89892,2,1.563651046,888
53.78995434,5,5,71.23974476,0.304573386,79.03,7,38405.20903,3,0.003672815,889
46.21004566,15,7,37.64813127,0.557728814,79.74,6,45760.75609,2,0.011644007,890
44.06392694,8,2,85.18687329,0.269953841,78.21,4,42198.55431,2,0.076960353,891
54.10958904,16,15,64.03828624,0.339192932,77.78,2,57329.68061,2,0.798164897,892
36.75799087,14,3,60.30082042,0.243989181,84.15,6,39996.55482,3,0.009777122,893
38.08219178,14,54,74.52142206,0.334144248,82.69,3,34608.2944,2,0.173121148,894
26.48401826,13,25,72.01458523,0.205042193,79.88,6,29310.95524,2,0.007438602,895
42.83105023,15,4,59.98176846,0.374894338,78.46,2,48111.33803,1,0.653318297,896
54.29223744,9,2,87.28350046,0.316113235,87.27,6,40757.32301,3,0.010099866,897
47.71689498,11,13,45.85232452,0.586939055,81.12,2,36575.09962,3,0.494990147,898
53.74429224,9,2,62.80765725,0.279690588,80.34,3,46064.89618,3,0.228868428,899
46.07305936,11,0,63.76481313,0.366960692,79.28,5,27665.29984,1,0.018515923,900
46.25570776,15,18,70.00911577,0.403022719,80.35,2,43568.95209,1,0.596791289,901
36.39269406,11,1,73.74658159,0.300967184,81.76,5,29518.33153,1,0.019846267,902
21.96347032,15,10,55.69735643,0.58044789,77.63,4,22678.68097,3,0.041976807,903
28.90410959,13,0,66.1349134,0.438002885,80.62,2,31748.25295,1,0.430069222,904
24.70319635,18,16,38.78760255,0.654375045,79.25,2,18556.77004,2,0.236919313,905
21.87214612,15,9,48.58705561,0.582250992,78.54,1,48437.44008,3,1.799131254,906
55.93607306,12,7,72.01458523,0.380303642,81.92,3,20630.71685,3,0.102714291,907
27.48858447,13,0,76.52689152,0.286181753,78.66,1,33007.88159,0,1.212235923,908
48.99543379,14,22,67.04649043,0.192059863,86.57,3,44263.04351,3,0.220238164,909
36.02739726,14,2,72.92616226,0.406989542,80.9,3,51754.9704,2,0.253342148,910
53.74429224,16,2,66.54512306,0.317916336,83.07,7,30955.53085,4,0.002902411,911
37.30593607,14,11,63.35460346,0.320801298,83.82,6,38835.97504,2,0.010255003,912
56.11872146,8,4,62.21513218,0.278608727,78.8,5,39110.39587,3,0.026259912,913
27.16894977,13,1,72.01458523,0.390040389,76.35,1,34544.14446,1,1.273394446,914
64.65753425,12,16,67.00091158,0.276084385,77.27,5,32301.43418,1,0.022408031,915
61.78082192,13,17,64.4484959,0.408071403,78.85,7,43425.61295,2,0.003850961,916
37.57990868,14,6,66.63628077,0.316834475,80.26,7,23998.30486,2,0.002381187,917
44.88584475,18,7,52.82588879,0.467573747,81.35,6,17731.55428,1,0.004792302,918
38.44748858,10,2,54.05651778,0.590905878,77.3,4,28211.07661,2,0.052136115,919
37.80821918,17,7,78.48678213,0.329816805,79.31,3,24946.53147,1,0.12463111,920
32.60273973,12,6,62.9443938,0.44485467,76.23,1,44739.94352,2,1.710775853,921
20.1369863,15,0,85.5515041,0.280051208,78.73,4,30415.65224,0,0.055659983,922
23.60730594,18,7,78.07657247,0.367681933,81.23,6,37616.41493,2,0.009436131,923
56.75799087,8,3,74.43026436,0.435478543,85.72,3,13504.54645,4,0.065923824,924
27.89954338,13,3,65.13217867,0.318637577,79.73,1,27761.95386,2,1.025113282,925
64.93150685,9,0,61.21239745,0.461082582,80.72,2,20134.14523,1,0.266623439,926
29.08675799,16,2,68.59617138,0.308540209,78.3,5,40821.19588,3,0.027306216,927
31.36986301,12,2,80.674567,0.219827624,80.73,1,22102.03854,2,0.819092325,928
68.26484018,8,14,65.26891522,0.334865489,81.92,2,48274.05545,1,0.659387128,929