Safety_Score,Days_Since_Inspection,Total_Safety_Complaints,Control_Metric,Turbulence_In_gforces,Cabin_Temperature,Accident_Type_Code,Max_Elevation,Violations,Adverse_Weather_Metric,Accident_ID
47.99086758,11,1,84.04740201,0.270314461,81.53,1,22036.1723,3,0.813088559,1236
80.95890411,8,14,58.93345488,0.511208799,78.33,1,33179.916,3,1.223295255,1237
23.65296804,18,0,78.07657247,0.367681933,77.36,1,32854.55899,3,1.214292103,1238
45.47945205,11,35,55.60619872,0.727580959,76.14,6,35760.97362,3,0.008323577,1239
1.141552511,20,9,70.41932543,0.198911648,78.7,6,38858.4503,0,0.010052366,1240
19.17808219,16,6,74.61257976,0.204320952,77.1,1,24200.37242,2,0.894409699,1241
36.89497717,14,5,57.88514129,0.35037216,84.82,1,49722.57434,2,1.818558216,1242
32.64840183,15,13,73.10847767,0.317916336,76.56,6,38661.07702,2,0.010209253,1243
28.72146119,13,0,71.87784868,0.409874504,82.43,4,33053.91631,1,0.059954534,1244
25.11415525,14,8,65.86144029,0.391843491,78.63,7,46847.45839,3,0.003891851,1245
76.11872146,6,23,64.49407475,0.371288136,78.37,2,20083.32539,2,0.266623439,1246
57.71689498,11,7,77.07383774,0.242907321,81.12,2,42650.26914,2,0.577778977,1247
100,6,17,72.97174111,0.36335449,84.03,6,36458.58021,2,0.008633995,1248
63.65296804,10,0,40.3372835,0.584414713,76.92,2,33751.11217,4,0.456771633,1249
28.21917808,20,22,72.65268915,0.355420844,80.52,4,38630.47568,2,0.070527103,1250
24.38356164,14,4,80.44667274,0.375976199,80.64,1,35522.81412,2,1.308970841,1251
68.49315068,11,0,60.71103008,0.368403173,84.38,7,831.6955534,3,0.001298572,1252
38.44748858,17,6,73.74658159,0.352535882,76.96,2,29821.78236,2,0.403086321,1253
40.0913242,13,0,66.90975387,0.420332492,88.71,6,38521.30389,2,0.010080947,1254
38.76712329,10,2,49.68094804,0.368403173,78.28,7,26005.32299,3,0.002433605,1255
56.02739726,12,3,57.47493163,0.416726289,76.09,5,28287.9926,3,0.017945824,1256
46.89497717,11,1,51.36736554,0.480556076,79.89,2,40177.30178,3,0.542971582,1257
50.50228311,10,3,78.71467639,0.232088713,80.98,3,26266.36796,1,0.131340505,1258
46.84931507,18,0,57.74840474,0.448100252,82,7,41187.06796,2,0.00394519,1259
57.48858447,8,3,67.7301732,0.25588965,79.52,6,29471.70223,3,0.007513309,1260
68.12785388,8,11,49.40747493,0.456755139,83.17,2,33490.62287,1,0.456771633,1261
33.56164384,18,8,47.21969006,0.484522899,76.66,6,36997.32988,2,0.008414036,1262
28.63013699,13,0,88.14949863,0.203960332,82.49,4,31646.74844,2,0.057087891,1263
23.47031963,14,0,56.4721969,0.710992427,78.99,7,28162.02042,4,0.002793739,1264
36.07305936,14,2,64.49407475,0.507963217,77.6,4,29091.2627,1,0.05288747,1265
49.5890411,10,15,55.78851413,0.502914533,77.62,4,24023.58775,1,0.043569537,1266
55.25114155,12,2,50.95715588,0.507602596,77.93,2,42036.96527,3,0.570660424,1267
39.6347032,10,4,74.15679125,0.388958529,79.37,4,29026.3215,2,0.052987804,1268
60.54794521,14,30,72.37921604,0.385712946,85.4,7,34197.45388,0,0.002998567,1269
36.25570776,11,2,57.42935278,0.442690948,78.06,3,29407.40537,2,0.146834842,1270
43.01369863,12,4,76.07110301,0.401940858,80.79,6,21905.49453,2,0.005695697,1271
29.7716895,20,4,79.62625342,0.333783628,79.42,1,23811.18487,0,0.87917692,1272
40.63926941,13,1,76.66362808,0.281854309,79.99,3,27827.85143,3,0.138546714,1273
26.48401826,17,9,86.9644485,0.346405337,76.66,4,10813.84934,3,0.007273313,1274
39.8173516,17,0,59.16134913,0.484522899,81.42,5,21701.2102,2,0.014549465,1275
48.72146119,11,2,79.76298997,0.29555788,88.47,3,40757.32301,1,0.205286209,1276
31.64383562,12,3,66.08933455,0.405547061,80.62,5,30528.14245,3,0.02003023,1277
41.14155251,12,3,73.83773929,0.356863325,81.27,6,34987.98323,3,0.008360823,1278
27.26027397,20,3,71.23974476,0.438002885,80.13,4,16252.90089,2,0.029923051,1279
35.52511416,14,11,67.18322698,0.274281284,77.1,6,40101.91966,2,0.009307813,1280
53.78995434,9,1,66.72743847,0.419971872,79.32,1,37933.399,1,1.389579598,1281
53.56164384,12,15,70.10027347,0.425020555,81.26,2,42371.65869,2,0.576201429,1282
58.35616438,4,12,51.00273473,0.564219978,82.2,3,35387.67007,1,0.175707515,1283
38.76712329,13,8,64.67639015,0.388237288,76.4,3,12474.36,2,0.057862583,1284
34.06392694,11,6,69.09753874,0.460000721,80.43,4,43780.07396,3,0.080319288,1285
62.69406393,6,19,48.58705561,0.418529391,83.17,4,33757.00536,1,0.061934769,1286
36.21004566,11,13,51.27620784,0.422856834,85.26,4,34804.22081,1,0.063620211,1287
43.74429224,15,5,82.04193254,0.319358817,87.79,7,31810.9878,2,0.002796283,1288
44.88584475,8,11,53.64630811,0.538615939,82.23,4,36601.5953,1,0.067782105,1289
17.35159817,20,12,67.6390155,0.231367472,77.3,3,42760.64013,1,0.211728167,1290
41.36986301,19,11,53.96536007,0.621197981,80.45,7,45955.03814,2,0.004004598,1291
33.78995434,11,0,72.47037375,0.374533718,76.3,4,37915.6428,2,0.069701428,1292
25.66210046,14,8,71.87784868,0.43079048,76.86,2,33309.94,1,0.450092606,1293
29.22374429,13,3,64.94986326,0.45891886,80.43,2,40840.64636,3,0.551419592,1294
59.8173516,14,1,84.54876937,0.264183916,78.7,7,35819.0665,3,0.003035193,1295
27.39726027,13,8,51.04831358,0.583693473,82.27,4,28144.16173,3,0.052254272,1296
69.543379,8,1,58.34092981,0.244349802,81.16,2,26210.19223,5,0.354201915,1297
33.56164384,11,7,63.17228806,0.551958889,75.95,4,36687.85366,1,0.0670328,1298
65.75342466,5,7,60.43755697,0.306376488,79.26,5,53831.73853,1,0.033947757,1299
18.17351598,16,7,71.87784868,0.224876307,81.23,4,34397.75742,3,0.063407852,1300
55.57077626,12,21,64.58523245,0.414201947,79.59,5,26640.10908,3,0.018034112,1301
49.7260274,10,10,59.02461258,0.360108907,78.75,4,13364.51005,3,0.025039997,1302
62.51141553,13,3,60.98450319,0.368403173,80.67,7,46010.30875,1,0.004129995,1303
33.97260274,11,14,71.46763902,0.371288136,79.33,4,31651.937,2,0.05793462,1304
27.16894977,13,4,54.19325433,0.335226109,78.98,4,26544.37977,2,0.04765914,1305
56.30136986,8,0,52.68915223,0.2692326,78.97,2,40237.22278,2,0.547044614,1306
37.76255708,17,7,59.11577028,0.504717634,78.46,2,35540.86906,2,0.482687409,1307
51.00456621,10,1,62.26071103,0.52527299,83.85,3,34165.52878,4,0.17071495,1308
36.94063927,11,0,73.70100273,0.369845655,82.2,2,7075.273788,2,0.095753418,1309
59.17808219,11,1,50.50136737,0.319719437,83.51,7,28988.7327,2,0.002793739,1310
62.69406393,6,20,75.34184139,0.321161918,86.09,7,40757.32301,1,0.003378299,1311
27.57990868,13,35,64.94986326,0.379582402,85.09,1,21051.94699,1,0.774457849,1312
51.00456621,10,12,46.7183227,0.505799495,82.32,7,30336.89053,2,0.002611961,1313
32.96803653,12,1,78.66909754,0.224876307,81.26,4,24926.76721,3,0.046205977,1314
42.37442922,12,4,61.89608022,0.374894338,79.68,6,38801.36905,5,0.009514099,1315
9.497716895,18,4,73.06289881,0.32332564,80.03,4,21240.30066,1,0.038408982,1316
28.49315068,16,17,80.08204193,0.295197259,78.78,3,26032.9419,2,0.12826303,1317
12.69406393,18,13,53.69188696,0.547631446,79.03,1,22401.79227,1,0.82662142,1318
69.8630137,8,2,45.89790337,0.657981248,79.74,7,38888.75301,2,0.003665215,1319
32.64840183,15,3,55.42388332,0.194944825,80.54,3,26930.37623,2,0.13428819,1320
69.8173516,11,3,57.33819508,0.381746123,75.8,7,49860.81887,2,0.004347284,1321
65.34246575,4,8,53.91978122,0.284739272,86.98,6,33112.52185,2,0.007651089,1322
43.78995434,9,0,32.72561531,0.584775334,82.34,5,32628.39949,1,0.022303336,1323
77.30593607,2,14,49.45305378,0.380303642,87.08,2,15521.1855,2,0.217882733,1324
44.20091324,15,1,51.23062899,0.487407862,79.33,2,36091.55277,0,0.488682348,1325
67.48858447,12,6,59.6627165,0.365878832,83.12,4,20739.63188,1,0.037591496,1326
42.10045662,12,22,61.94165907,0.527436711,78.52,6,52249.61015,3,0.012601336,1327
83.65296804,7,0,70.00911577,0.305294627,78.08,7,38872.67956,4,0.003471402,1328
46.43835616,11,7,52.46125798,0.387155427,80.55,4,17731.55428,2,0.031766025,1329
20.54794521,15,2,86.64539654,0.346405337,79.07,3,18915.50902,4,0.09559865,1330
20.50228311,19,4,79.67183227,0.35037216,77.19,1,23811.18487,0,0.87447727,1331
39.45205479,13,3,59.29808569,0.318637577,77.16,6,28183.32313,2,0.006513426,1332
52.23744292,13,11,54.28441203,0.47117995,78.49,1,34349.70647,1,1.26281554,1333
44.61187215,12,13,63.85597083,0.245792283,78.54,6,32094.80418,3,0.007685757,1334
49.22374429,17,3,75.38742024,0.392925352,77.47,7,22348.30814,4,0.001595517,1335
42.51141553,9,3,63.94712853,0.277526866,79.26,4,43621.7314,2,0.08016312,1336
30.3196347,12,1,54.64904284,0.478392355,77.69,4,37599.70963,3,0.067978271,1337
45.20547945,11,3,67.09206928,0.413841327,79.94,6,32471.86678,2,0.007703673,1338
46.98630137,11,1,77.07383774,0.465049405,82.74,6,37987.3496,3,0.009850566,1339
0,20,1,65.86144029,0.368042553,81.64,7,49433.30298,1,0.004577784,1340
39.45205479,17,1,64.90428441,0.25516841,84.43,2,32629.29756,3,0.44115269,1341
21.18721461,15,0,62.9443938,0.631295348,79.58,1,33313.71926,2,1.225134717,1342
50.77625571,17,7,68.04922516,0.362272629,78.89,2,38266.38841,2,0.5197813,1343
57.71689498,11,1,76.89152233,0.428266138,87.23,2,37649.20665,2,0.506953609,1344
30.59360731,19,3,62.26071103,0.307818969,78.31,4,40724.08358,4,0.073650921,1345
55.57077626,12,21,77.11941659,0.278969347,79.99,5,15958.64307,2,0.010692073,1346
47.48858447,14,8,76.98268004,0.332701767,82.8,2,49881.27037,3,0.680017846,1347
70,8,13,49.27073838,0.422496213,83.17,2,36037.43565,3,0.484710456,1348
76.66666667,6,1,63.90154968,0.205042193,76.28,6,48288.14244,2,0.011241529,1349
28.08219178,13,2,60.61987238,0.380303642,76.8,1,25013.50879,1,0.920195563,1350
40.2283105,10,1,69.18869644,0.445936531,84.48,4,26603.69433,2,0.049517866,1351
31.96347032,15,1,61.57702826,0.432593581,83.57,1,39741.34628,2,1.462002426,1352
46.48401826,11,1,77.98541477,0.384631085,76.95,6,28967.63533,3,0.007545438,1353
1.141552511,21,4,68.77848678,0.271396322,85.22,3,31224.52824,1,0.156961863,1354
38.12785388,10,4,86.9644485,0.346405337,77.08,2,38183.18091,2,0.516166765,1355
15.75342466,20,4,82.22424795,0.436199784,78.54,3,42777.42594,0,0.212171769,1356
55.02283105,15,9,80.35551504,0.247234764,81.35,3,31177.11801,1,0.155972033,1357
36.75799087,10,2,56.15314494,0.543664623,81.79,4,35769.93378,2,0.065379487,1358
31.96347032,12,8,73.51868733,0.412398846,87.86,4,34859.8064,1,0.064025012,1359
25.66210046,14,10,70.73837739,0.258053372,78.84,1,25158.31211,2,0.925964716,1360
69.9086758,4,21,74.79489517,0.321161918,79.83,6,22659.25734,2,0.005056601,1361
8.03652968,19,12,68.45943482,0.198911648,80.74,6,24534.8445,2,0.006088804,1362
56.75799087,8,21,63.26344576,0.373451857,82.36,2,26040.29909,3,0.351388022,1363
29.22374429,16,7,47.17411121,0.537173458,81.45,3,30708.33811,3,0.153305644,1364
50.77625571,13,6,72.01458523,0.225958168,80.98,5,26069.35508,3,0.01638905,1365
45.25114155,11,1,60.16408387,0.345684097,79.15,6,32832.41769,1,0.008117908,1366
32.92237443,15,5,78.30446673,0.267429499,76.61,6,14582.4607,3,0.003838975,1367
23.56164384,14,1,56.4721969,0.784558961,77.64,4,26257.38792,1,0.048506476,1368
14.24657534,17,0,71.60437557,0.290148576,77.36,4,24287.31335,3,0.044928916,1369
52.51141553,13,7,69.91795807,0.426102416,84.2,2,37251.6714,3,0.50537782,1370
44.84018265,8,10,66.77301732,0.373451857,78.47,4,29261.07244,2,0.05310589,1371
36.89497717,14,0,57.52051048,0.560974396,77.04,2,25806.04805,2,0.348220671,1372
61.27853881,11,3,67.77575205,0.252644068,82.53,2,35370.91147,2,0.476480327,1373
34.65753425,18,0,71.55879672,0.36371511,79.89,5,24905.06199,1,0.016698755,1374
42.42009132,12,19,58.61440292,0.462164443,82.02,3,39034.37043,1,0.195713491,1375
44.42922374,8,2,66.72743847,0.316834475,77.02,5,42734.06131,1,0.028373615,1376
52.92237443,9,2,51.5952598,0.509045078,83.39,3,38304.32592,0,0.190986047,1377
60.1826484,14,33,38.96991796,0.631655968,85.4,5,21212.0283,3,0.014568029,1378
48.31050228,10,6,85.87055606,0.260217093,82.66,6,32213.696,2,0.008203656,1379
30.91324201,16,2,62.62534184,0.307818969,76.68,4,35012.60116,1,0.063852543,1380
36.39269406,14,11,71.42206016,0.392564731,79.2,6,34804.22081,2,0.008552156,1381
38.72146119,14,5,65.67912489,0.578644789,77.78,3,39759.02259,3,0.196796526,1382
43.05936073,9,1,62.8532361,0.312507032,83.44,1,26641.24651,3,0.978454627,1383
41.41552511,13,14,73.15405652,0.334504868,81.85,3,33680.09968,1,0.167563589,1384
39.6347032,13,6,77.75752051,0.260938334,81.04,6,39739.71866,2,0.010131041,1385
25.25114155,17,3,73.33637192,0.432954201,78.75,3,15991.41476,2,0.078236346,1386
60.54794521,11,0,61.2579763,0.456394519,79.97,5,33640.83004,1,0.022836769,1387
41.09589041,9,2,72.01458523,0.35001154,86.57,4,26023.20726,2,0.048461958,1388
31.96347032,15,0,62.07839562,0.372369996,79.29,5,35701.09213,2,0.025344491,1389
58.44748858,11,10,64.58523245,0.339553552,83.01,2,33226.13069,2,0.449741029,1390
47.71689498,11,2,75.93436645,0.293394158,82.19,5,26346.50481,1,0.01671128,1391
65.43378995,12,9,56.97356427,0.63418031,78.71,4,36159.90088,4,0.066406422,1392
73.60730594,10,11,71.46763902,0.30998269,81.13,7,16229.72834,3,0.001102636,1393
50.2283105,13,12,68.59617138,0.359748287,83.97,2,38266.38841,0,0.5197813,1394
43.28767123,12,1,59.84503191,0.430429859,77.25,7,32243.55261,4,0.003072618,1395
61.41552511,10,1,66.31722881,0.315752614,83.71,5,30955.53085,1,0.019585569,1396
55.57077626,12,21,46.08021878,0.541140281,80.44,6,43993.90753,3,0.01075244,1397
54.42922374,12,11,64.58523245,0.348569059,81.26,2,16069.26517,1,0.221040334,1398
49.5890411,10,6,45.2142206,0.382467364,77.46,3,27686.24136,2,0.137435802,1399
74.20091324,10,3,66.90975387,0.427905517,78.9,7,36281.15944,2,0.003080723,1400
45.47945205,11,2,66.90975387,0.419971872,80.4,6,32471.86678,2,0.008145496,1401
32.10045662,15,20,62.07839562,0.299524702,80.58,3,20692.524,2,0.104226105,1402
47.71689498,11,9,74.70373747,0.225236928,78.56,3,41528.1513,2,0.208475823,1403
14.88584475,20,13,75.93436645,0.2959185,81.33,6,22659.25734,4,0.005383992,1404
37.44292237,17,16,69.59890611,0.354699603,77.86,2,23214.49122,2,0.313941715,1405
44.56621005,12,3,56.10756609,0.345323476,76.96,3,23159.69887,4,0.115019368,1406
61.27853881,10,3,79.30720146,0.31034331,84.53,2,60869.7487,2,0.777801803,1407
27.85388128,17,5,67.31996354,0.494620267,84.63,2,23407.411,1,0.3156387,1408
26.48401826,13,5,57.06472197,0.502553913,78.31,4,14367.96572,3,0.027279609,1409
48.90410959,14,1,68.77848678,0.32332564,76.87,7,36156.82636,2,0.003309241,1410
48.12785388,17,1,57.74840474,0.395810314,78.88,7,28203.48913,2,0.002884408,1411
31.96347032,15,0,62.07839562,0.466491886,82.45,3,23157.29823,1,0.115019368,1412
60.456621,11,2,60.71103008,0.380303642,87.34,2,52077.30167,3,0.697358893,1413
35.25114155,18,8,67.68459435,0.343159755,78.18,4,38634.49184,1,0.070322073,1414
33.78995434,15,2,61.21239745,0.318276956,80.27,4,33538.20926,4,0.061124831,1415
12.46575342,18,3,74.61257976,0.235694915,79.84,6,24801.73798,0,0.006246517,1416
45.52511416,11,0,69.87237922,0.381746123,79.32,3,41727.73226,1,0.208364579,1417
24.79452055,14,12,39.83591613,0.433314821,81.45,4,34205.12781,0,0.061828112,1418
29.8173516,12,0,56.88240656,0.364436351,84.72,6,38521.30389,4,0.009578553,1419
38.99543379,10,0,67.09206928,0.385352326,78.68,4,44040.99295,0,0.080032343,1420
23.88127854,18,7,58.43208751,0.28221493,76.75,7,30605.43215,2,0.00258767,1421
24.84018265,18,2,84.18413856,0.333062387,78.92,1,19621.87595,2,0.717630664,1422
70.50228311,11,0,46.8094804,0.459640101,75.54,7,22083.71535,5,0.001981072,1423
72.46575342,10,8,63.90154968,0.448100252,79.27,7,42647.06331,1,0.003777834,1424
50.4109589,10,9,85.77939836,0.221270105,83.55,3,36676.1006,3,0.183310929,1425
34.70319635,11,19,61.66818596,0.523469888,75.98,5,31702.32966,0,0.022272615,1426
30.0913242,16,4,47.76663628,0.4311511,82.22,2,27933.34536,1,0.374914819,1427
45.43378995,11,1,62.71649954,0.234613054,79.17,4,29944.11548,2,0.054865468,1428
34.79452055,11,10,55.10483136,0.440887847,82.03,2,38406.93188,2,0.5197813,1429
43.97260274,12,0,57.20145852,0.441609088,83.9,3,25050.0245,1,0.123741287,1430
45.02283105,15,8,74.02005469,0.238579877,77.95,2,32538.65913,1,0.441091387,1431
24.79452055,14,7,40.29170465,0.577923549,84.38,3,22327.52466,3,0.112198794,1432
23.42465753,15,7,44.75843209,0.522748648,76.18,4,24189.27751,1,0.044928916,1433
32.96803653,12,14,72.33363719,0.237858637,78.08,4,35054.26086,1,0.064025012,1434
53.97260274,12,12,44.71285324,0.705583123,79.53,2,33768.96286,1,0.453246293,1435
59.6803653,14,1,65.13217867,0.293033538,77.41,7,32218.46564,2,0.002961233,1436
40.2283105,10,10,74.97721057,0.326571223,78.4,5,35683.71709,1,0.024534755,1437
31.55251142,12,2,62.71649954,0.424299315,82.73,4,21651.04946,1,0.040093979,1438
34.84018265,15,14,46.627165,0.537173458,78.95,6,21768.78552,2,0.005326978,1439
28.94977169,16,7,42.023701,0.479113595,81.45,2,11503.38856,3,0.134834939,1440
41.73515982,16,22,72.15132179,0.272117562,79.73,2,28549.75555,0,0.383674121,1441
40.3652968,9,5,59.20692799,0.356863325,82.8,4,14251.91589,1,0.026458831,1442
36.71232877,14,1,62.71649954,0.424299315,75.4,5,19872.46918,3,0.012833612,1443
38.17351598,17,2,63.71923428,0.320801298,78.52,3,38835.97504,1,0.193047059,1444
33.60730594,18,12,56.70009116,0.293033538,80.54,3,27850.91708,2,0.138981059,1445
42.60273973,16,5,70.00911577,0.547270826,76.98,2,30649.19132,3,0.415919627,1446
40.91324201,16,3,61.71376481,0.386794807,83.1,1,23785.9624,1,0.876481843,1447
27.94520548,13,5,57.24703737,0.211172737,79.15,3,26044.91155,4,0.12803262,1448
45.70776256,15,7,41.61349134,0.676733502,82.49,7,48338.77861,2,0.005550603,1449
23.92694064,14,7,86.91886964,0.234973675,81.35,1,28834.57693,3,1.060390686,1450
76.39269406,9,5,66.36280766,0.339914172,88.57,7,30197.04997,3,0.002918772,1451
44.93150685,18,10,40.29170465,0.557368193,78.87,6,21720.57383,3,0.00522411,1452
58.03652968,11,0,46.49042844,0.634901551,77.69,2,9963.029309,1,0.167498544,1453
5.205479452,20,6,77.84867821,0.247234764,76.44,4,37164.64198,0,0.068069416,1454
36.11872146,11,3,79.67183227,0.284739272,81.21,3,33784.22606,1,0.167794868,1455
70,7,20,42.023701,0.575759827,86.52,2,33768.96286,1,0.456494523,1456
61.46118721,10,1,57.24703737,0.244349802,81.16,2,37177.37893,1,0.50126215,1457
28.63013699,20,1,61.62260711,0.355420844,81.23,4,26059.56051,4,0.047833368,1458
17.39726027,16,19,68.64175023,0.267429499,81.23,7,15246.09305,2,0.00135807,1459
26.30136986,17,30,61.48587056,0.364436351,83.28,3,38168.28455,2,0.190028699,1460
28.81278539,16,2,47.99453054,0.407710783,83.22,1,11648.26424,1,0.428515694,1461
40.63926941,16,1,56.97356427,0.303491525,81.62,5,27850.91708,2,0.017996512,1462
46.25570776,8,8,68.50501367,0.422496213,82.22,4,36056.32474,4,0.066531454,1463
71.32420091,7,2,56.3810392,0.231728092,83.6,2,39521.7363,2,0.533684622,1464
22.92237443,19,7,52.96262534,0.449542734,83.97,3,56224.44631,3,0.274477876,1465
30,16,6,49.04284412,0.374533718,78.33,3,15252.22178,2,0.075609171,1466
51.23287671,13,14,57.38377393,0.412038226,80.81,4,20375.81543,1,0.037319608,1467
30.59360731,12,3,86.9644485,0.362993869,79.31,1,45265.38821,3,1.645890542,1468
57.30593607,8,5,77.43846855,0.414201947,80.79,3,37288.21197,2,0.186318355,1469
42.96803653,15,4,58.70556062,0.414923188,79.6,3,47462.72803,1,0.233867616,1470
73.51598174,10,4,66.90975387,0.3777793,77.02,7,29676.60197,3,0.002834829,1471
35.52511416,18,0,79.1704649,0.321161918,80.39,2,26701.6895,2,0.362071261,1472
26.30136986,17,4,65.17775752,0.45891886,78.83,3,23070.42827,2,0.114395822,1473
38.72146119,14,5,71.92342753,0.277887486,76.3,5,26538.32226,2,0.019310035,1474
26.71232877,17,0,61.2579763,0.294476019,81.02,3,17011.95524,2,0.084151839,1475
58.99543379,14,4,61.62260711,0.368403173,81.93,3,18915.50902,1,0.095805918,1476
38.81278539,20,2,51.54968095,0.491014064,81.42,7,35247.2888,1,0.00300587,1477
59.7716895,10,17,68.73290793,0.192059863,78.56,2,46546.88881,3,0.637297327,1478
52.96803653,12,15,60.02734731,0.335947349,81.01,2,32215.06761,2,0.436765191,1479
38.44748858,17,10,78.94257065,0.262380815,78.47,1,23072.3623,0,0.846302654,1480
29.7716895,12,2,78.12215132,0.276805626,79.68,3,38068.54425,4,0.189127877,1481
22.78538813,15,4,37.28350046,0.594512081,77.91,1,37034.40564,3,1.347849527,1482
38.76712329,13,2,68.18596171,0.237498017,81.07,3,27416.80617,2,0.135864511,1483
83.65296804,7,9,62.53418414,0.410235124,86.09,3,53739.52912,3,0.264749961,1484
50.50228311,6,5,61.30355515,0.483080418,84.14,4,36969.19838,3,0.067317117,1485
39.8173516,13,2,70.69279854,0.205402813,81.52,4,31677.45113,2,0.056990514,1486
30.0913242,16,3,41.65907019,0.497505229,81.74,6,28014.71853,3,0.006794821,1487
27.94520548,17,6,60.07292616,0.381024883,82.98,3,25131.3222,2,0.125717902,1488
23.37899543,15,4,63.90154968,0.456033898,78.67,7,19028.49362,2,0.001603338,1489
47.48858447,14,1,65.08659982,0.502914533,76.65,7,23927.73723,1,0.002477745,1490
16.66666667,20,20,65.99817685,0.49930833,77.3,1,16023.96444,1,0.589488708,1491
23.92694064,14,16,69.64448496,0.302409665,84.36,2,28793.16869,3,0.38954501,1492
31.36986301,15,12,71.87784868,0.314310133,81.85,6,25158.31211,3,0.005931093,1493
76.02739726,9,7,57.52051048,0.393285972,86.43,7,30951.06339,4,0.002854197,1494
22.19178082,15,27,57.88514129,0.494620267,77.65,5,26607.92399,2,0.01796405,1495
41.96347032,13,2,73.92889699,0.373451857,89.19,6,22719.48409,1,0.005595536,1496
28.85844749,16,0,52.46125798,0.401219618,82.53,2,37999.3671,1,0.516166765,1497
58.03652968,11,18,64.58523245,0.339192932,83.96,2,40909.57632,1,0.553451831,1498
28.21917808,13,6,66.54512306,0.298803462,79.51,4,41982.56248,3,0.077687034,1499
44.70319635,8,10,64.22060164,0.462525063,83.08,4,33892.77025,2,0.062135441,1500
52.19178082,13,3,69.4165907,0.306376488,80.44,4,41493.49388,3,0.075829901,1501
30.3652968,16,9,70.69279854,0.424299315,79.21,2,37236.74911,0,0.506304901,1502
32.73972603,12,0,69.5077484,0.33702921,79.14,4,26453.27692,3,0.048450867,1503
52.14611872,6,3,73.29079307,0.244349802,81.53,3,27827.85143,3,0.138981059,1504
33.33333333,15,0,68.00364631,0.240022358,75.55,1,45132.30485,2,1.693863577,1505
41.09589041,13,1,48.22242479,0.589824017,80.25,4,41437.80404,0,0.075886726,1506
67.67123288,12,0,77.301732,0.344602236,78.64,7,28815.05953,1,0.002563311,1507
40.77625571,16,6,55.60619872,0.262020195,82.99,2,32028.74208,1,0.433461888,1508
36.84931507,17,1,66.18049225,0.329456185,78.11,1,24420.713,4,0.890281948,1509
45.75342466,11,2,81.90519599,0.216582041,81.23,5,33729.96606,3,0.02354737,1510
41.59817352,12,28,68.14038286,0.276084385,80.68,3,30098.57239,1,0.14944739,1511
20.2283105,15,1,53.91978122,0.551598269,76.43,4,36683.45992,3,0.0670328,1512
24.38356164,14,11,41.06654512,0.62083736,79.64,6,45350.76032,3,0.011757469,1513
30.3196347,16,2,54.37556974,0.375254959,81.2,3,31568.91907,2,0.156147792,1514
46.57534247,11,0,57.976299,0.619394879,82.71,2,25377.61392,2,0.343448657,1515
18.17351598,16,9,57.01914312,0.288706094,78.29,4,23654.68494,2,0.043325067,1516
29.40639269,20,10,57.61166819,0.219467003,76.74,1,32734.06616,2,1.20865168,1517
54.52054795,8,0,57.42935278,0.370206275,80.9,3,31639.1855,2,0.156343719,1518
39.8173516,10,2,66.59070191,0.405907681,78.68,3,34132.24122,2,0.170899114,1519
68.26484018,8,2,53.23609845,0.457476379,79.1,2,26637.37469,1,0.359258711,1520
28.40182648,13,12,46.7183227,0.633098449,77.71,3,39222.40512,4,0.195609414,1521
69.36073059,11,13,57.976299,0.62047674,77.6,3,34887.21721,4,0.173942207,1522
18.17351598,16,1,74.15679125,0.222351965,79.15,1,30184.66489,0,1.112216944,1523
51.46118721,13,3,58.97903373,0.32368626,79.71,2,17341.30483,2,0.234381066,1524
40.54794521,20,6,59.7538742,0.488850343,74.85,6,35977.01231,1,0.009145793,1525
25.89041096,14,2,59.5715588,0.367321313,79.23,6,24892.55613,2,0.006246517,1526
43.19634703,12,13,61.03008204,0.408071403,81.45,6,38809.34849,4,0.009597841,1527
39.7260274,10,6,73.10847767,0.330898666,84.48,4,35704.47714,3,0.065021549,1528
47.53424658,18,4,71.87784868,0.238940498,76.8,7,38899.65944,2,0.003512413,1529
36.57534247,14,5,59.48040109,0.47190119,81.02,4,25740.88034,2,0.046480814,1530
25.57077626,14,7,40.56517776,0.735153985,78.46,3,31006.55725,1,0.15363564,1531
44.74885845,12,6,80.40109389,0.340996033,78.56,3,34481.22582,3,0.170794963,1532
61.73515982,10,2,57.24703737,0.414562568,80.19,5,27404.70712,4,0.019172465,1533
38.81278539,13,23,67.77575205,0.25552903,82.54,6,29821.37766,2,0.007291694,1534
35.20547945,11,2,57.29261623,0.444133429,84.27,3,23340.34701,3,0.116154201,1535
29.08675799,16,2,41.65907019,0.447379012,78.13,7,41724.56872,3,0.003837084,1536
35.98173516,11,1,74.2935278,0.368763794,84.4,4,831.6955534,3,0.020264181,1537
57.94520548,4,7,49.68094804,0.470819329,82.27,3,43564.09444,0,0.217592819,1538
54.10958904,12,2,55.97082954,0.604970069,78.46,3,38671.1085,2,0.192838802,1539
58.99543379,14,5,64.31175934,0.40374396,77.76,7,38259.14067,1,0.003734089,1540
45.11415525,11,2,75.84320875,0.28293617,79.03,3,48317.93035,1,0.241790541,1541