Safety_Score,Days_Since_Inspection,Total_Safety_Complaints,Control_Metric,Turbulence_In_gforces,Cabin_Temperature,Accident_Type_Code,Max_Elevation,Violations,Adverse_Weather_Metric,Accident_ID
55.93607306,15,4,68.96080219,0.199632889,80.54,7,31719.30836,2,0.002798876,1542
42.51141553,16,0,75.11394713,0.288345474,77.96,2,32922.51019,3,0.447344516,1543
52.19178082,9,11,78.9881495,0.308540209,77.22,4,41509.54528,3,0.07602536,1544
20.2283105,15,3,70.51048314,0.382827984,81.55,4,37773.35538,2,0.069867542,1545
77.89954338,3,6,58.61440292,0.416726289,83.72,7,28426.25986,4,0.002867923,1546
58.67579909,11,22,76.93710119,0.428266138,86.39,2,31919.67993,1,0.433893499,1547
24.88584475,14,0,59.29808569,0.37741868,81.78,4,29969.74838,2,0.055063367,1548
36.02739726,14,2,64.26618049,0.502193292,76.58,3,16215.8644,2,0.078488125,1549
21.23287671,15,5,62.71649954,0.392925352,84.03,4,20862.63434,2,0.03824749,1550
35.11415525,14,1,72.15132179,0.374894338,77.87,2,20374.98756,2,0.275745471,1551
48.63013699,7,2,76.75478578,0.305294627,77.27,4,33323.29099,2,0.060964781,1552
26.71232877,17,3,62.03281677,0.452067075,80.19,3,18241.05709,1,0.09206491,1553
48.85844749,17,13,69.91795807,0.369124414,77.78,5,33095.91158,1,0.022303336,1554
26.48401826,14,2,55.15041021,0.334865489,77.22,4,26544.37977,1,0.048670086,1555
43.01369863,12,0,48.13126709,0.589824017,81.15,6,40797.96021,0,0.009292795,1556
29.36073059,16,10,82.86235187,0.211893978,79.58,3,33137.90774,2,0.166293914,1557
70,8,1,55.65177758,0.508684457,81.42,2,40177.30178,1,0.542720465,1558
44.65753425,12,3,72.5159526,0.378139921,82.23,3,38140.79811,1,0.189891852,1559
52.73972603,13,5,58.29535096,0.287263613,77.16,1,26210.19223,3,0.957561434,1560
57.16894977,8,3,69.87237922,0.381746123,77.91,5,28602.60429,1,0.0187658,1561
70.50228311,7,30,67.04649043,0.557368193,83.13,5,28354.12168,0,0.018697298,1562
59.31506849,11,1,54.92251595,0.392564731,86.42,7,31869.39797,1,0.002822372,1563
41.00456621,16,5,58.84229717,0.388237288,79.72,3,51754.9704,3,0.263814687,1564
33.97260274,11,22,60.02734731,0.448460873,78.64,4,32746.02867,1,0.060177744,1565
33.56164384,18,12,54.55788514,0.293033538,81.49,3,35893.87681,1,0.179225377,1566
74.70319635,6,1,52.46125798,0.313228273,79.19,6,26685.29636,2,0.006983566,1567
30.3196347,12,0,54.37556974,0.527797331,78.63,4,29502.76342,2,0.053593328,1568
54.52054795,9,1,66.36280766,0.368763794,75.27,3,33573.26994,2,0.167541354,1569
41.00456621,9,7,41.02096627,0.428987378,81.62,4,35698.62678,1,0.065163674,1570
19.17808219,16,10,68.50501367,0.388237288,80.7,7,34441.42096,3,0.003339886,1571
32.14611872,12,10,85.59708295,0.312146412,87.86,4,41697.17492,4,0.075850778,1572
60.54794521,14,25,70.10027347,0.33702921,75.02,7,43511.62897,1,0.004158124,1573
67.94520548,12,2,75.34184139,0.243989181,82.15,7,42650.26914,1,0.003972531,1574
22.64840183,15,25,91.11212397,0.257692752,78.73,1,34035.08161,3,1.257212598,1575
17.44292237,16,3,68.64175023,0.17475009,82.75,1,24534.8445,2,0.890281948,1576
43.60730594,12,2,43.84685506,0.413120087,75.98,3,24707.19699,2,0.122682626,1577
46.89497717,18,11,37.96718323,0.399416516,76.34,4,14139.90679,2,0.027781477,1578
56.71232877,15,7,57.976299,0.393285972,78.7,7,50201.50057,2,0.004729735,1579
33.92694064,15,0,58.29535096,0.468655608,76.07,7,32785.64591,2,0.003214137,1580
41.32420091,16,7,61.71376481,0.237858637,77.74,2,31251.83484,2,0.423475054,1581
38.67579909,13,11,61.03008204,0.465770646,76.8,3,49341.22322,3,0.24511841,1582
65.98173516,9,5,68.45943482,0.416005049,83.36,2,27154.08525,3,0.367490582,1583
39.13242009,13,0,76.75478578,0.346405337,79.03,6,40619.77897,5,0.010300756,1584
46.21004566,8,29,63.12670921,0.392204111,77.39,4,58297.48027,2,0.11442123,1585
55.02283105,15,2,67.6390155,0.25588965,77.99,6,23665.66037,1,0.006276541,1586
38.44748858,17,3,67.13764813,0.414923188,81.09,4,47101.48575,4,0.086747169,1587
57.12328767,8,19,64.99544211,0.389319149,86.43,3,30641.64772,3,0.153207762,1588
41.64383562,13,9,65.26891522,0.225958168,79.89,6,27255.61956,2,0.006872156,1589
46.02739726,8,0,58.52324521,0.470458709,79.69,5,36884.00239,2,0.025252146,1590
28.49315068,16,17,60.30082042,0.387876668,80.39,3,22341.097,2,0.111229772,1591
50.50228311,13,3,84.09298086,0.259856473,84.4,2,50545.07023,2,0.691152161,1592
34.93150685,14,5,62.07839562,0.338832312,78.31,3,33651.58052,1,0.168314611,1593
66.57534247,5,3,50.59252507,0.476949874,80.17,2,31738.54631,1,0.42849355,1594
67.67123288,12,3,72.28805834,0.339914172,81.46,4,12666.7712,3,0.022417824,1595
54.42922374,16,0,53.23609845,0.392925352,76.79,5,29213.84098,3,0.019995937,1596
65.43378995,9,0,76.48131267,0.455673278,78.52,5,30982.48581,3,0.019585569,1597
36.48401826,17,2,69.00638104,0.460000721,81.42,2,36933.84468,2,0.500932954,1598
40.1826484,16,2,59.93618961,0.453509556,80.25,6,34587.88621,3,0.008900999,1599
24.06392694,14,7,71.05742935,0.35001154,76.36,4,17717.0226,2,0.031700452,1600
46.16438356,11,4,73.88331814,0.21441832,81.1,3,39961.82076,1,0.198336005,1601
29.31506849,16,3,80.53783045,0.346765957,81.85,6,15487.53227,2,0.003556877,1602
21.23287671,15,3,71.0118505,0.240022358,81.87,4,39835.71831,4,0.072388521,1603
28.21917808,13,20,61.48587056,0.448460873,78.66,1,43221.11226,1,1.590015862,1604
36.52968037,14,1,78.80583409,0.298442842,80.06,3,33701.37394,2,0.167563589,1605
32.83105023,15,7,74.2935278,0.304573386,78.54,1,40538.78082,3,1.50178635,1606
1.141552511,20,0,49.63536919,0.470458709,78.73,4,39366.31833,5,0.071372815,1607
45.15981735,8,6,74.52142206,0.478392355,79.53,4,44417.40704,2,0.082333407,1608
36.11872146,14,1,64.49407475,0.386434187,75.4,4,18869.58762,3,0.034464031,1609
40.82191781,13,1,64.3573382,0.303130905,76.04,3,35490.47604,2,0.17721569,1610
35.98173516,11,6,54.8769371,0.478392355,81.05,1,30513.4373,3,1.123572692,1611
33.19634703,11,1,41.43117593,0.457115759,79.22,4,24865.19608,1,0.045151652,1612
24.70319635,18,0,77.75752051,0.452067075,78.54,3,40580.03774,3,0.200477178,1613
52.73972603,6,3,57.52051048,0.402301479,80.55,5,29322.78815,3,0.019585569,1614
18.53881279,16,7,62.62534184,0.314670754,77.53,6,24144.01153,3,0.006181037,1615
42.28310502,12,8,54.9680948,0.362633249,78.09,1,28433.32995,1,1.045190491,1616
69.9086758,8,2,56.70009116,0.517339344,79.21,6,38888.75301,2,0.009456813,1617
43.60730594,12,5,40.29170465,0.692240173,82.58,3,32986.7833,3,0.163962378,1618
22.83105023,18,14,65.90701914,0.387876668,81.44,6,37241.40147,1,0.009142216,1619
58.03652968,11,10,64.58523245,0.388237288,83.01,2,36844.46116,2,0.502666446,1620
58.12785388,11,0,54.9680948,0.384991706,80.13,3,12320.28353,2,0.062723562,1621
29.7260274,13,19,87.55697356,0.216582041,77.33,7,30357.98583,4,0.00266007,1622
46.43835616,11,6,39.88149499,0.45891886,76.05,3,29347.28239,1,0.145942988,1623
51.55251142,10,0,60.34639927,0.444133429,87.43,5,20265.04262,2,0.013989315,1624
48.99543379,14,2,69.91795807,0.374894338,77.32,3,31151.75116,4,0.154517429,1625
22.73972603,14,7,73.42752963,0.234613054,81.03,4,36453.54501,2,0.065952202,1626
16.11872146,20,19,74.2023701,0.206484674,76.8,3,30476.6917,3,0.151931986,1627
52.14611872,9,3,93.11759344,0.185208078,78.6,4,32932.72392,3,0.060299681,1628
34.33789954,11,4,88.650866,0.226679409,78.18,4,53915.33299,1,0.100005417,1629
40.1826484,10,8,54.9680948,0.240382979,87.06,4,28377.24994,3,0.051937315,1630
54.24657534,12,1,78.62351869,0.39076163,87.51,2,35859.4448,2,0.485116944,1631
32.51141553,12,16,64.26618049,0.368763794,77.39,4,36838.81095,2,0.0672593,1632
38.26484018,17,0,76.57247037,0.21550018,76.8,5,21954.47166,2,0.014216882,1633
45.70776256,15,2,52.50683683,0.433314821,76.78,2,40868.65379,1,0.553097084,1634
44.79452055,8,12,52.91704649,0.366960692,77.25,1,23171.54509,3,0.844304692,1635
27.89954338,13,0,61.2579763,0.380303642,76.51,3,29969.74838,3,0.149082972,1636
62.69406393,6,5,78.03099362,0.414201947,78.47,2,19380.34444,3,0.25611363,1637
37.80821918,14,0,74.74931632,0.251922827,77.07,3,37178.37697,3,0.18482686,1638
15.66210046,17,3,68.45943482,0.308540209,81.36,4,18000.50563,2,0.032080508,1639
38.44748858,17,6,69.4165907,0.298803462,76.62,2,47572.05906,1,0.641805739,1640
48.26484018,7,6,82.95350957,0.484522899,78.47,2,28523.71103,3,0.385110182,1641
64.88584475,13,19,64.67639015,0.339192932,87.89,7,50549.59003,3,0.004366325,1642
21.00456621,15,1,80.62898815,0.308900829,78.84,4,23639.8521,3,0.043855655,1643
48.21917808,14,6,85.77939836,0.317916336,82.09,6,25820.20182,3,0.006353241,1644
28.72146119,13,6,62.53418414,0.383909845,78.66,5,37519.01385,2,0.024672829,1645
35.43378995,11,14,73.42752963,0.222351965,82.07,6,37066.96224,2,0.008398254,1646
42.28310502,12,11,50.86599818,0.493899026,82.25,3,30810.90656,1,0.152703287,1647
47.48858447,11,9,56.92798541,0.405907681,86.42,2,41094.83861,3,0.556857561,1648
43.74429224,9,3,83.7739289,0.22884313,79.48,4,40745.76859,2,0.07439772,1649
36.43835616,10,7,74.2935278,0.283657411,81.76,4,22918.56025,0,0.042757913,1650
25.66210046,14,1,91.79580675,0.238940498,81.94,4,54601.10753,0,0.100579962,1651
48.44748858,7,2,59.61713765,0.324768121,82.04,4,37435.14562,2,0.068812079,1652
58.99543379,14,5,57.83956244,0.388237288,79.78,7,28891.49802,2,0.002768918,1653
1.141552511,20,1,67.7301732,0.199632889,77.03,7,29368.54965,0,0.002892621,1654
39.7260274,10,0,53.50957156,0.395089073,80.84,2,30028.28408,3,0.405867134,1655
39.8173516,10,6,58.52324521,0.304573386,83.44,4,32020.87124,2,0.05941457,1656
63.19634703,13,8,67.86690975,0.345684097,78.5,2,45878.87959,3,0.62857432,1657
31.73515982,15,0,54.64904284,0.456033898,81.74,1,44135.70429,3,1.597441144,1658
50.2739726,16,0,70.60164084,0.360469528,83.5,7,54279.88661,1,0.00442897,1659
65.79908676,9,15,54.23883318,0.462164443,78.79,2,37908.08189,3,0.513814377,1660
49.17808219,10,5,67.31996354,0.416005049,78.54,6,27776.61034,2,0.00670008,1661
38.44748858,17,9,52.32452142,0.424659935,79.39,2,39434.25611,2,0.533684622,1662
51.41552511,9,4,71.37648131,0.227040029,79.22,5,31149.04887,3,0.020409747,1663
58.85844749,14,9,78.53236098,0.308900829,79.99,2,33844.09863,3,0.460248037,1664
25.29680365,14,0,48.58705561,0.641753336,79.03,2,22332.08569,2,0.302231914,1665
18.67579909,19,8,69.73564266,0.329456185,77.02,3,38634.49184,1,0.192469683,1666
38.72146119,13,0,56.15314494,0.556646953,77.19,3,33315.56836,4,0.165002364,1667
38.76712329,14,0,73.06289881,0.20143599,85.28,6,22199.14644,1,0.00566677,1668
51.05022831,10,0,37.83044667,0.605691309,80.09,1,45255.70074,3,1.700026888,1669
20.0456621,19,28,71.1030082,0.422135593,80.41,3,34198.75696,1,0.171510134,1670
32.64840183,15,7,47.21969006,0.407710783,81.18,3,30205.14111,1,0.151734513,1671
33.74429224,11,3,60.34639927,0.231728092,77.8,4,31624.1853,4,0.058088148,1672
50.2283105,13,0,63.53691887,0.41780815,84.8,3,17805.01055,1,0.088645928,1673
63.88127854,13,7,78.62351869,0.311064551,79.09,7,32690.62577,1,0.003214794,1674
38.90410959,10,0,51.82315406,0.639950234,77.93,5,22131.73628,3,0.015228581,1675
54.84018265,9,40,73.01731996,0.467213127,79.42,7,42049.77575,2,0.004244527,1676
60.1826484,14,22,48.81494986,0.638147133,78.91,2,39313.00596,2,0.533890828,1677
44.20091324,18,1,52.87146764,0.328374324,81.46,3,25852.3582,3,0.128711313,1678
44.42922374,15,8,54.8769371,0.30998269,80.95,2,22381.05289,2,0.303007317,1679
29.8630137,12,2,67.04649043,0.462885683,79.61,2,35004.05412,1,0.473371437,1680
45.75342466,11,29,72.28805834,0.215860801,80.65,5,28923.90026,1,0.019889753,1681
27.89954338,13,5,66.90975387,0.355420844,79.61,4,35662.48086,2,0.065632541,1682
44.70319635,12,4,73.92889699,0.335586729,79.97,1,33218.17025,4,1.225543242,1683
40.3196347,13,9,83.59161349,0.25552903,78.31,6,38642.64107,0,0.009555622,1684
34.74885845,14,4,62.07839562,0.493899026,83.19,1,23728.35171,3,0.875036656,1685
65.89041096,5,2,58.20419325,0.52635485,83.42,7,25173.32812,3,0.002092937,1686
43.78995434,15,6,76.70920693,0.21550018,78.08,4,22004.47041,3,0.040551605,1687
26.21004566,14,7,50.86599818,0.527076091,77.75,4,20719.49308,2,0.037326661,1688
27.48858447,20,2,75.25068368,0.242907321,79.6,4,23049.14593,0,0.042334375,1689
47.99086758,14,19,62.30628988,0.462164443,81.43,2,28957.80882,1,0.391182536,1690
62.78538813,10,4,56.01640839,0.456033898,84.41,3,7330.433139,3,0.047600965,1691
35.06849315,11,7,50.77484047,0.562777497,87,4,22678.68097,0,0.041643137,1692
15.15981735,17,22,61.349134,0.263823296,76.74,1,31392.44288,0,1.163182128,1693
27.80821918,13,1,50.13673655,0.576481067,78.51,1,35861.41835,2,1.319267854,1694
33.78995434,11,2,73.60984503,0.394728453,81.76,1,33951.85584,4,1.257212598,1695
53.74429224,9,6,91.38559708,0.168980166,77.53,3,18110.9171,2,0.089911648,1696
29.17808219,13,4,82.31540565,0.17438947,82.43,4,35236.63188,1,0.064307931,1697
29.13242009,13,11,75.75205105,0.339192932,84.96,4,23459.11372,4,0.043471713,1698
68.99543379,11,10,54.05651778,0.605691309,82.25,2,31738.54631,1,0.429074922,1699
42.51141553,16,0,64.49407475,0.354699603,76.36,2,38079.84275,3,0.515462917,1700
57.39726027,8,16,78.44120328,0.276084385,80.01,6,40413.03865,2,0.009617898,1701
43.19634703,15,2,38.33181404,0.759315543,80.47,7,35769.93378,1,0.003019385,1702
55.02283105,9,15,64.08386509,0.277887486,81.04,7,15738.4878,3,0.00136724,1703
40.456621,16,2,58.70556062,0.414562568,82.22,2,48162.87229,2,0.65080304,1704
25.57077626,14,8,83.36371923,0.29555788,82.16,1,29715.3911,2,1.082698752,1705
28.21917808,13,0,83.81950775,0.185208078,82.49,7,32693.57769,2,0.002961373,1706
19.543379,19,5,52.55241568,0.638507753,80.65,3,35892.79834,3,0.179246049,1707
50.3652968,13,5,58.38650866,0.416005049,80.81,1,26565.04758,2,0.972402663,1708
16.80365297,16,16,67.7301732,0.505078255,81.18,2,30757.5517,2,0.416258197,1709
2.648401826,23,5,60.98450319,0.275363145,87.11,4,26418.0518,1,0.048241062,1710
33.78995434,15,2,54.9680948,0.372009376,81.71,2,44363.18912,1,0.600082621,1711
76.11872146,9,6,67.41112124,0.463246304,86.47,7,29171.21137,3,0.002854197,1712
43.47031963,12,3,82.04193254,0.317195096,78.36,3,40088.60228,2,0.198336005,1713
38.85844749,13,23,71.69553327,0.205042193,81.29,5,31424.39275,2,0.022303336,1714
47.16894977,11,7,69.91795807,0.349290299,79.4,3,32679.28706,0,0.161299163,1715
16.48401826,16,16,45.53327256,0.496783988,77.56,1,20937.43522,1,0.771558067,1716
50.73059361,13,0,68.45943482,0.399777137,79.61,1,33501.2328,2,1.232454646,1717
27.48858447,13,3,61.21239745,0.369124414,78.66,4,21330.27379,1,0.038790882,1718
49.17808219,7,7,65.63354603,0.530682294,84.14,3,32578.59435,2,0.161430275,1719
35.15981735,11,1,78.8969918,0.205763433,76.8,6,22834.14869,3,0.005383992,1720
72.00913242,10,4,75.7976299,0.325849982,82.15,7,37242.77491,2,0.003363907,1721
73.60730594,10,19,71.46763902,0.388958529,76.56,7,42910.63802,1,0.003972932,1722
50.50228311,10,2,63.99270738,0.245431662,78.94,3,41385.36858,2,0.205700937,1723
12.96803653,18,2,70.55606199,0.324046881,76,4,22656.98047,2,0.041976807,1724
36.62100457,14,5,41.61349134,0.558089434,84.94,6,30889.14569,2,0.008116929,1725
47.53424658,17,1,68.50501367,0.638147133,79.81,7,37921.07399,4,0.003567768,1726
56.48401826,15,0,67.6390155,0.507602596,76.41,5,39083.41233,2,0.025719249,1727
38.03652968,17,2,63.58249772,0.453509556,81.42,5,19433.6328,2,0.012870065,1728
26.30136986,17,26,72.56153145,0.385712946,78.56,3,32099.60495,2,0.160120932,1729
78.21917808,8,1,75.84320875,0.342077894,82.49,3,36104.85699,1,0.179225377,1730
24.84018265,18,2,60.80218778,0.47117995,78.47,1,44135.70429,3,1.624445559,1731
26.39269406,13,22,53.96536007,0.434396682,84.87,2,44340.44154,2,0.599383374,1732
57.99086758,11,0,61.53144941,0.414201947,76.95,2,47324.95278,3,0.641936905,1733
16.80365297,16,7,75.25068368,0.334865489,76.45,3,21862.35138,3,0.107173258,1734
15.75342466,20,23,50.82041933,0.493899026,76.53,7,36290.23036,2,0.003175886,1735
47.48858447,11,16,52.68915223,0.366960692,81.55,3,23007.88876,2,0.115148815,1736
35.89041096,11,6,68.50501367,0.400498377,76.18,4,33944.64314,2,0.061893579,1737
41.68949772,19,6,69.87237922,0.231006852,76.94,2,44762.50455,3,0.607642842,1738
44.61187215,8,12,52.82588879,0.366960692,78.67,1,21782.81755,3,0.804372517,1739
47.12328767,14,0,97.76663628,0.370927515,79.54,6,28145.04092,4,0.006788015,1740
56.02739726,12,13,50.18231541,0.505799495,82.2,1,35415.6753,3,1.300281783,1741
53.10502283,16,3,52.55241568,0.392925352,76.79,7,31087.67392,3,0.002599787,1742
49.22374429,14,4,90.15496809,0.300606563,78.64,5,36834.78284,2,0.024712214,1743
45.38812785,15,2,45.80674567,0.668078615,80.47,5,36297.4081,3,0.023959793,1744
37.67123288,14,4,88.01276208,0.266708258,77.77,6,42113.49542,0,0.009972989,1745
36.16438356,11,13,65.40565178,0.353257122,79.73,4,34120.05902,1,0.062135441,1746
29.6347032,16,3,66.77301732,0.355420844,84.62,6,40669.4426,2,0.009972989,1747
54.29223744,12,6,51.00273473,0.76869167,82.86,3,33020.68268,3,0.16601024,1748
61.36986301,10,1,69.59890611,0.408071403,78.22,2,49803.08314,1,0.670132177,1749
75.66210046,9,15,66.95533273,0.557368193,78.67,7,20654.0788,0,0.001731781,1750
66.25570776,12,5,70.41932543,0.421774973,76.85,2,23642.19958,1,0.321537842,1751
33.15068493,15,0,68.64175023,0.40482582,80.67,3,41727.73226,4,0.208296819,1752
41.78082192,9,1,71.14858706,0.516978723,88.78,1,24312.57633,2,0.905184704,1753
42.10045662,12,12,65.72470374,0.267790119,79.08,6,31076.14321,1,0.008176606,1754
36.84931507,14,0,66.2260711,0.340996033,77.59,3,32158.99176,3,0.160120932,1755
25.89041096,14,1,73.10847767,0.268150739,77.07,5,30693.40252,4,0.020207746,1756
35.70776256,14,15,72.19690064,0.527076091,83.57,6,43914.07682,1,0.010525203,1757
64.93150685,9,15,54.23883318,0.45891886,79.22,2,26637.37469,1,0.359258711,1758
35.29680365,11,4,78.07657247,0.250840966,81.25,4,20515.55039,1,0.037591496,1759
31.18721461,19,4,61.48587056,0.456033898,80.2,3,29589.38541,2,0.146661195,1760
33.97260274,11,5,57.52051048,0.428626758,78.06,1,29989.02658,2,1.103234634,1761
39.8173516,9,2,54.92251595,0.384270465,77.48,4,29292.69031,2,0.05406471,1762
33.15068493,15,2,62.03281677,0.368763794,80.36,6,36364.52379,3,0.008276873,1763
31.18721461,16,4,61.75934366,0.456033898,80.06,6,21614.48895,3,0.005307261,1764
64.56621005,9,2,78.57793984,0.30962207,78.2,2,28201.73534,1,0.381757277,1765
49.40639269,14,4,69.69006381,0.351454021,79.8,1,32562.57724,1,1.183045268,1766
38.03652968,20,2,58.20419325,0.414562568,82,7,24371.51422,2,0.002216365,1767
47.30593607,8,6,59.61713765,0.284739272,80.34,6,29574.73639,3,0.007512567,1768
19.543379,19,12,48.95168642,0.590545258,80.53,3,45290.88375,2,0.224640366,1769
69.7260274,8,15,62.35186873,0.409513884,81.96,2,48274.05545,2,0.653900333,1770
30.59360731,12,0,78.12215132,0.276805626,78.53,4,28715.70804,2,0.053282506,1771
23.01369863,14,15,56.19872379,0.362633249,78.22,4,51330.72819,2,0.09666903,1772
38.44748858,10,1,67.8213309,0.399055896,78.59,7,36315.72701,2,0.003079773,1773
44.93150685,12,1,65.63354603,0.305294627,79.28,3,33141.61073,0,0.166467316,1774
56.52968037,12,4,39.83591613,0.676733502,77.28,2,49762.79706,3,0.680017846,1775
33.97260274,11,4,64.3573382,0.324046881,76.23,1,31106.67856,2,1.147070467,1776
35.25114155,18,0,71.55879672,0.424299315,80.76,7,24905.06199,1,0.002294141,1777
24.70319635,18,3,81.40382862,0.224876307,78.7,2,35183.57731,1,0.477812896,1778
31.82648402,19,9,56.5633546,0.695485755,78.95,4,40424.93221,2,0.073997785,1779
40.2283105,13,2,82.22424795,0.238940498,79.43,3,21156.47779,2,0.105814391,1780
41.73515982,16,0,89.19781222,0.317195096,80.5,2,13945.57287,2,0.200787563,1781
68.21917808,8,2,56.70009116,0.557007573,82.71,7,29654.87216,3,0.002677742,1782
79.49771689,8,13,56.74567001,0.45891886,83.26,7,31143.04043,4,0.002839878,1783
65.43378995,12,4,69.64448496,0.232449333,78.22,7,12798.70583,3,0.001123464,1784
39.13242009,10,1,52.64357338,0.387155427,77.48,3,27182.92171,3,0.13422401,1785
24.10958904,14,5,71.05742935,0.331980527,76.36,4,42483.53744,1,0.077150985,1786
29.543379,20,12,63.90154968,0.409874504,81.8,5,42726.9587,3,0.02824564,1787
44.42922374,12,3,53.73746582,0.312867652,80.25,3,33608.55612,2,0.167563589,1788
40.77625571,13,6,79.03372835,0.205402813,78.38,5,42630.00168,2,0.028105937,1789
40.2283105,13,19,53.60072926,0.393285972,78.62,3,47132.95711,3,0.236464525,1790
41.36986301,13,20,58.0674567,0.582611612,80.23,7,15196.44352,4,0.001299831,1791
62.14611872,10,15,58.75113947,0.495702128,83.71,2,36517.87608,5,0.488682348,1792
65.66210046,9,20,49.77210574,0.433675442,78.79,2,17182.47277,0,0.225648057,1793
56.62100457,8,2,64.81312671,0.365518211,77.53,5,31387.73033,2,0.020296259,1794
34.24657534,15,19,59.7538742,0.294836639,79.45,4,37917.17971,2,0.069748216,1795
23.33333333,18,4,80.08204193,0.32296502,78.92,3,32624.49113,2,0.162552102,1796
23.78995434,14,7,65.99817685,0.520945546,80.42,6,40424.93221,3,0.009855709,1797
46.11872146,15,24,74.97721057,0.281133069,79.99,2,27206.77747,2,0.367490582,1798
60,10,1,70.32816773,0.318637577,77.82,2,19783.47135,2,0.272305673,1799
80.3196347,8,11,68.59617138,0.388958529,79.89,4,48388.1503,1,0.088524034,1800
70.50228311,11,0,66.68185962,0.353257122,86.96,7,40160.7024,2,0.003378299,1801
17.57990868,16,9,38.14949863,0.590905878,79.53,6,31006.55725,2,0.008048971,1802
31.59817352,19,3,62.26071103,0.427184277,79.29,4,41851.14446,1,0.075829901,1803
35.25114155,11,4,79.21604376,0.301327804,81.82,4,32806.28957,1,0.060223054,1804
31.23287671,12,2,55.37830447,0.240382979,79.89,1,32028.74208,1,1.184334393,1805
53.42465753,12,13,70.10027347,0.460361342,75.05,2,61815.49829,0,0.736627401,1806
53.47031963,16,2,67.6390155,0.449542734,82.33,4,28356.8132,0,0.052047201,1807
65.34246575,4,17,58.20419325,0.436199784,81.62,4,38242.13065,1,0.070741208,1808
42.83105023,9,0,59.79945305,0.474786152,85.1,4,24973.68369,3,0.046336507,1809
28.03652968,13,6,71.83226983,0.331980527,80.47,4,41117.87372,1,0.07553804,1810
40.91324201,13,1,57.01914312,0.303852146,77.24,3,40968.8743,2,0.203686645,1811
44.47488584,15,7,56.74567001,0.487768482,81.89,2,28957.80882,1,0.392272812,1812
25.89041096,14,2,49.17958067,0.511569419,77.39,4,14367.96572,3,0.027924193,1813
54.10958904,12,6,75.25068368,0.288345474,79.47,2,35348.59958,4,0.478778936,1814
56.62100457,8,2,70.69279854,0.480556076,78.32,2,24904.90183,1,0.336595105,1815
35.70776256,14,8,80.44667274,0.313588893,81.48,3,24377.04536,2,0.122498421,1816
53.10502283,16,0,32.72561531,0.682864046,78.23,6,38537.36341,0,0.009555622,1817
67.67123288,11,3,59.02461258,0.360108907,82.81,4,35634.89413,2,0.065604909,1818
48.35616438,11,13,51.00273473,0.53897656,80.98,2,20134.14523,3,0.271798253,1819
46.11872146,15,3,72.33363719,0.268150739,79.09,2,39338.09069,2,0.534343512,1820
14.47488584,17,5,38.14949863,0.556646953,77.5,1,31633.69064,4,1.162902068,1821
40.63926941,13,2,87.46581586,0.372009376,81.53,6,29720.29382,3,0.007513309,1822
24.38356164,17,0,67.54785779,0.25516841,80.55,4,42659.83795,1,0.078572719,1823
40.54794521,9,1,75.7064722,0.325849982,79.51,4,41432.74871,2,0.076751246,1824
33.92694064,15,1,79.85414768,0.21550018,75.68,4,46463.26667,3,0.084692897,1825
43.97260274,15,6,72.01458523,0.287624234,76.81,7,39338.09069,2,0.003533139,1826
42.10045662,19,0,76.57247037,0.335226109,78.09,7,41578.71699,1,0.003802181,1827
47.71689498,11,0,83.81950775,0.203599712,81.83,1,19352.87618,3,0.723355682,1828
67.53424658,8,2,45.39653601,0.478392355,81.8,4,29654.87216,1,0.054286267,1829
66.25570776,12,5,62.30628988,0.314670754,79.88,7,38466.93709,2,0.003527233,1830
51.82648402,13,12,83.40929809,0.265987018,79.62,2,40745.76859,3,0.552348029,1831
49.36073059,14,6,48.22242479,0.516618103,85.4,5,45350.76032,3,0.029588226,1832
30.1826484,12,0,50.50136737,0.356863325,77.21,6,32058.5032,3,0.007941893,1833
49.26940639,10,5,66.90975387,0.464328164,82.03,6,24203.68958,2,0.006094288,1834
50.50228311,10,2,73.06289881,0.244349802,83.34,7,42627.76317,1,0.003972531,1835
50.50228311,7,0,78.94257065,0.343880995,80.5,4,26453.27692,2,0.048506476,1836
68.49315068,11,1,66.68185962,0.308900829,81.99,7,26493.13457,3,0.002281694,1837
11.59817352,18,31,89.60802188,0.200354129,77.63,1,34124.3377,4,1.249339977,1838
47.48858447,14,8,50.18231541,0.564219978,77.89,3,45350.76032,3,0.2251048,1839
51.23287671,13,1,58.0674567,0.329456185,77.24,1,26949.95577,2,0.998432425,1840
63.42465753,6,0,33.68277119,0.414562568,75.98,2,49762.79706,4,0.670132177,1841
63.42465753,6,6,60.43755697,0.391482871,81.15,2,30232.14602,1,0.41108465,1842
46.02739726,15,2,59.98176846,0.453509556,83.32,7,25648.66761,2,0.002186707,1843
67.30593607,8,13,70.37374658,0.394007212,81.96,5,45578.4419,3,0.029774434,1844
61.32420091,10,1,61.2579763,0.395449693,81.76,5,31639.1855,1,0.021794667,1845
26.62100457,17,3,78.76025524,0.414562568,78.75,3,31959.50601,1,0.159286052,1846