Safety_Score,Days_Since_Inspection,Total_Safety_Complaints,Control_Metric,Turbulence_In_gforces,Cabin_Temperature,Accident_Type_Code,Max_Elevation,Violations,Adverse_Weather_Metric,Accident_ID
56.75799087,8,4,69.14311759,0.321161918,83.74,6,28510.12249,2,0.007078022,2152
40.63926941,9,3,54.05651778,0.487407862,78.08,1,20142.47068,2,0.744647606,2153
54.01826484,12,3,56.79124886,0.469376848,83.31,2,20482.4787,1,0.277200206,2154
32.73972603,12,9,73.19963537,0.325489362,82.53,4,34386.24699,2,0.063407852,2155
66.57534247,9,37,45.39653601,0.725777858,80.24,1,48367.58932,2,1.787288872,2156
36.43835616,10,0,63.76481313,0.379221781,75.95,4,19689.99187,4,0.035517131,2157
42.32876712,12,10,73.42752963,0.319358817,77.49,3,29977.7218,1,0.149220529,2158
51.73515982,10,1,40.10938924,0.509766318,79.35,2,49762.79706,3,0.675069585,2159
17.48858447,16,1,62.89881495,0.477671114,78.72,4,40580.03774,3,0.073699076,2160
36.11872146,14,3,62.71649954,0.443772809,80.62,3,25272.12489,2,0.125121486,2161
48.63013699,17,3,71.87784868,0.395810314,77.41,4,34315.19241,4,0.062792924,2162
8.03652968,19,36,85.50592525,0.219827624,76.96,1,31250.15837,2,1.141176238,2163
37.39726027,17,15,60.02734731,0.391482871,79.17,1,25631.34571,1,0.938862345,2164
23.83561644,14,0,72.74384686,0.219106383,77.91,5,32944.33368,3,0.021553358,2165
39.26940639,10,5,72.01458523,0.239661738,79.86,5,35594.72289,1,0.024540663,2166
64.29223744,9,1,78.57793984,0.40374396,78.7,4,17700.92009,1,0.032193075,2167
75.43378995,10,1,49.22515953,0.524191129,88.39,7,44888.76314,1,0.003913116,2168
38.49315068,13,14,70.19143118,0.439805986,79.51,6,33528.51335,1,0.009103878,2169
48.67579909,7,8,86.00729262,0.270314461,81.28,1,26663.96084,2,0.984261737,2170
56.48401826,12,20,63.94712853,0.245792283,76.5,2,33495.77609,2,0.453246293,2171
31.68949772,19,17,70.60164084,0.388958529,77.83,6,34956.47223,3,0.008699993,2172
29.22374429,13,1,64.94986326,0.438002885,79.51,2,23407.411,2,0.316958074,2173
49.31506849,14,2,81.90519599,0.158882798,81.83,1,17287.25562,2,0.664870454,2174
47.35159817,14,1,48.08568824,0.447739632,80.43,3,38720.45237,0,0.191866235,2175
69.543379,11,9,78.66909754,0.208287775,79.77,7,19550.42361,3,0.002025695,2176
33.05936073,15,3,52.59799453,0.401219618,79.22,4,28716.27546,2,0.053758613,2177
29.22374429,13,1,77.71194166,0.362272629,86.43,5,29078.85711,1,0.019551683,2178
64.29223744,9,0,65.49680948,0.578644789,89.82,1,18897.27746,1,0.703984358,2179
50.1369863,14,2,51.91431176,0.494620267,79.46,2,16200.33643,2,0.213127819,2180
69.7716895,8,2,71.05742935,0.330538045,76.14,2,29821.78236,3,0.403561046,2181
38.35616438,17,3,59.29808569,0.524551749,82.69,5,19433.6328,2,0.012514412,2182
42.05479452,20,15,72.88058341,0.240022358,81.62,4,35684.88277,0,0.065408585,2183
45.79908676,11,4,81.90519599,0.317195096,81.75,3,46567.49655,1,0.231870737,2184
24.88584475,14,19,74.33910665,0.373451857,78.54,4,32099.60495,2,0.058588425,2185
28.08219178,13,5,59.11577028,0.426823657,85.11,5,30677.10545,2,0.019927301,2186
28.99543379,13,22,87.55697356,0.302409665,80.8,4,42829.49917,2,0.079028322,2187
45.57077626,8,17,48.54147675,0.514093761,79.45,1,39029.73356,3,1.45138366,2188
42.10045662,16,5,70.00911577,0.493899026,76.3,2,28473.78615,2,0.383236114,2189
45.15981735,11,4,68.73290793,0.276084385,82.73,3,36790.50081,2,0.183423033,2190
38.81278539,17,20,66.1349134,0.449542734,80.04,1,25958.13746,1,0.959037978,2191
24.79452055,14,3,38.96991796,0.654375045,77.91,7,32734.22227,2,0.003006204,2192
51.05022831,10,6,69.82680036,0.35037216,85.64,6,25227.60874,2,0.006300939,2193
33.19634703,11,3,58.79671832,0.609658132,81.13,1,33313.71926,0,1.222971208,2194
40.1369863,13,12,55.05925251,0.448100252,85.26,3,50314.72046,4,0.247733689,2195
43.78995434,9,24,66.1349134,0.530682294,79.65,6,31702.32966,2,0.008060077,2196
38.90410959,10,0,54.32999088,0.204681572,79.31,1,15261.99326,4,0.563737504,2197
41.14155251,13,3,69.14311759,0.253725929,86.18,6,36790.50081,3,0.008690673,2198
31.27853881,12,2,82.90793072,0.264183916,84.55,4,20578.67283,1,0.036900366,2199
18.90410959,19,9,70.9206928,0.424299315,78.42,1,22087.48601,5,0.819092325,2200
24.38356164,14,0,59.29808569,0.392564731,81.32,2,43290.0146,2,0.588559895,2201
36.07305936,11,3,45.80674567,0.456033898,79.12,4,43562.3601,3,0.08016312,2202
63.33333333,6,1,52.64357338,0.307818969,76.65,7,36219.52131,3,0.003324592,2203
40.63926941,9,10,75.7064722,0.245431662,84.48,4,40666.47071,3,0.073997785,2204
46.02739726,15,8,68.82406563,0.278248107,84.36,2,19364.54539,1,0.264253744,2205
33.47031963,11,1,65.13217867,0.514093761,80.36,4,31168.93238,2,0.057672738,2206
38.26484018,17,0,68.00364631,0.339914172,80.96,1,33745.49303,3,1.242204645,2207
39.7260274,17,8,69.4165907,0.306376488,76.92,2,49422.62777,3,0.673466223,2208
75.98173516,6,12,65.90701914,0.335586729,81.26,4,34804.4675,2,0.063932188,2209
12.10045662,18,13,74.61257976,0.290509196,77.58,4,25262.93231,1,0.045459722,2210
68.67579909,11,16,56.19872379,0.466131266,80.53,7,47797.84674,1,0.004451269,2211
19.17808219,21,3,50.68368277,0.527076091,76.64,3,21741.07941,3,0.108435418,2212
31.23287671,12,0,73.33637192,0.342799135,84.48,5,43276.56458,1,0.029283072,2213
39.6803653,10,12,54.9680948,0.468655608,78.67,1,24314.56676,1,0.901972619,2214
13.69863014,18,17,70.32816773,0.333423008,78.93,4,26501.39455,2,0.048461958,2215
44.20091324,8,6,85.77939836,0.17475009,79.87,3,41205.68903,4,0.205151046,2216
15.06849315,17,0,61.2579763,0.395089073,79.45,4,32880.40967,2,0.059734503,2217
17.39726027,16,2,68.64175023,0.246874144,84.93,1,18000.50563,1,0.651623743,2218
65.43378995,12,9,62.30628988,0.289066715,78.52,7,31436.64457,3,0.002561626,2219
39.45205479,13,13,58.84229717,0.472622431,85.11,3,29640.20943,3,0.147491836,2220
42.23744292,12,4,66.95533273,0.419971872,81.27,7,35247.2888,1,0.003309241,2221
45.47945205,11,2,59.48040109,0.340274793,80.66,6,35902.35475,3,0.00857915,2222
33.05936073,15,2,47.90337284,0.429708619,81.14,2,41045.694,2,0.556857561,2223
56.48401826,12,4,59.98176846,0.374894338,77.74,3,42110.17765,3,0.20952489,2224
29.17808219,12,2,82.31540565,0.177995673,82.38,6,26360.68314,1,0.006448712,2225
51.64383562,9,1,88.92433911,0.276805626,78.84,6,36295.10335,4,0.009016833,2226
57.67123288,4,12,42.98085688,0.735153985,84.9,3,27604.71866,3,0.137841679,2227
27.67123288,13,2,69.4165907,0.314310133,77.86,4,49422.62777,3,0.089775732,2228
56.94063927,11,5,73.92889699,0.232809953,78.16,2,33256.46682,2,0.452214632,2229
39.13242009,10,8,57.47493163,0.333423008,77.13,3,40698.99932,2,0.201783602,2230
55.34246575,12,4,61.66818596,0.633098449,77.16,2,29071.49595,3,0.395809076,2231
23.78995434,14,0,66.49954421,0.360108907,85.22,6,831.6955534,1,0.001206359,2232
9.680365297,19,9,49.58979034,0.302049044,81.91,2,30448.47001,1,0.411684928,2233
29.08675799,13,0,66.2260711,0.455673278,82.81,4,25836.48744,2,0.047527435,2234
53.47031963,16,0,76.48131267,0.29627912,82.66,7,22214.44546,4,0.001595517,2235
41.18721461,13,4,60.11850501,0.548352687,76.79,4,13468.0085,2,0.025039997,2236
47.89954338,7,14,78.07657247,0.329456185,80.2,5,18887.31616,3,0.013301896,2237
52.96803653,9,16,68.36827712,0.398334656,75.98,3,26782.02428,1,0.13309957,2238
55.66210046,12,10,56.06198724,0.281133069,79.28,6,37014.21695,2,0.008427571,2239
14.10958904,17,9,66.72743847,0.254447169,75.55,4,21193.42533,2,0.038211248,2240
34.42922374,15,23,70.87511395,0.224876307,79.2,6,19271.92219,2,0.004316395,2241
41.64383562,16,8,53.23609845,0.724335377,79.61,1,36597.97026,2,1.363369436,2242
24.70319635,17,12,41.06654512,0.578284169,77.4,7,21720.57383,2,0.001949146,2243
1.415525114,21,5,53.73746582,0.488129102,77.62,1,22401.79227,1,0.821132663,2244
58.08219178,11,2,52.41567912,0.313228273,77.4,2,32053.66984,1,0.432315046,2245
38.44748858,17,5,66.77301732,0.419971872,78.64,1,21489.47502,2,0.788798023,2246
53.01369863,12,7,59.29808569,0.504717634,78.37,5,53455.04511,1,0.035047967,2247
37.67123288,14,16,59.07019143,0.447018392,83.92,7,35110.9407,1,0.003022079,2248
57.57990868,11,7,76.89152233,0.428266138,78.52,2,25723.82936,3,0.349502745,2249
58.17351598,15,3,61.62260711,0.656538767,80.98,5,33871.58628,4,0.023608923,2250
37.48858447,14,1,79.76298997,0.251201587,80.58,3,26266.36796,2,0.131453134,2251
53.65296804,9,4,45.39653601,0.637425893,77.41,7,30664.96845,2,0.00269001,2252
18.12785388,16,14,61.03008204,0.523469888,78.91,2,46832.98709,2,0.630774369,2253
38.85844749,13,19,61.03008204,0.366960692,77,3,29921.1345,1,0.149082972,2254
42.87671233,12,14,68.96080219,0.192059863,79.08,3,48088.20172,4,0.234735222,2255
3.287671233,23,3,64.12944394,0.406628922,78.84,3,24998.05022,3,0.12433665,2256
29.7260274,13,0,64.6308113,0.438363505,77.56,2,20377.44427,2,0.275745471,2257
45.57077626,11,1,63.44576117,0.334865489,81.03,3,30772.60164,1,0.153207762,2258
36.02739726,14,4,51.09389243,0.375615579,79.97,2,57472.21153,2,0.736627401,2259
33.78995434,11,2,63.90154968,0.502553913,75.95,1,44739.94352,1,1.700026888,2260
52.10045662,6,1,80.03646308,0.134,79.3,4,22331.87513,1,0.041338453,2261
29.36073059,20,10,69.05195989,0.24146484,77.13,1,36086.89996,2,1.329734801,2262
51.18721461,10,1,59.6627165,0.531764154,81.72,6,41050.34183,1,0.009796937,2263
40.82191781,13,2,62.9443938,0.312507032,77.53,6,24590.30396,3,0.006353241,2264
45.98173516,15,0,67.86690975,0.373451857,76.95,2,46974.3904,2,0.637457087,2265
60.0913242,10,5,70.41932543,0.325849982,76.45,2,44265.54378,2,0.597413022,2266
42.64840183,8,5,74.79489517,0.233531194,77.6,4,42329.01793,1,0.077798183,2267
28.67579909,13,10,86.9644485,0.312146412,76.56,6,25187.71192,2,0.006276541,2268
34.84018265,14,0,72.56153145,0.345323476,89.43,6,29078.85711,1,0.007241248,2269
48.81278539,10,7,58.43208751,0.52635485,82.64,6,52249.61015,2,0.012159953,2270
32.46575342,15,0,64.72196901,0.345323476,89.43,6,23921.68749,3,0.006276541,2271
56.75799087,8,5,74.70373747,0.233531194,78.67,6,41528.1513,2,0.010153212,2272
32.10045662,12,1,41.43117593,0.538615939,78.51,4,29502.76342,2,0.054036196,2273
56.02739726,12,18,72.47037375,0.194944825,77.41,5,28923.90026,1,0.019585569,2274
63.28767123,10,1,53.23609845,0.427905517,83.9,2,26298.07196,2,0.35562409,2275
70.3196347,4,11,56.24430264,0.538615939,82.25,3,29313.43283,3,0.144784764,2276
56.30136986,12,7,55.46946217,0.409153264,81.43,7,50201.50057,3,0.004358599,2277
55.34246575,8,10,87.69371012,0.277526866,83.07,3,20210.96474,1,0.098496104,2278
48.40182648,7,22,77.34731085,0.40374396,75.88,2,14865.90565,2,0.201266098,2279
14.70319635,17,1,50,0.745972593,79.97,1,36597.97026,5,1.360401716,2280
17.71689498,16,7,57.01914312,0.375615579,78.04,2,26266.13898,2,0.355905702,2281
33.01369863,12,5,54.6946217,0.478392355,77.74,4,15949.80734,3,0.029742008,2282
29.45205479,13,11,75.75205105,0.339192932,83.02,1,17157.86318,2,0.62840817,2283
58.49315068,1,5,75.38742024,0.245792283,76.11,6,16149.3177,3,0.003678584,2284
30.0913242,16,0,71.46763902,0.322243779,79.42,6,46240.75501,1,0.011241529,2285
37.57990868,10,6,77.16499544,0.242907321,81.25,4,24926.76721,1,0.045409833,2286
39.9086758,13,1,70.69279854,0.20143599,78.2,3,32921.01472,3,0.164009611,2287
51.82648402,13,5,55.83409298,0.503635774,81.42,2,41874.66365,4,0.567201133,2288
36.80365297,11,10,53.2816773,0.405186441,81.56,4,21037.27854,1,0.038830771,2289
54.70319635,12,1,43.66453965,0.48596538,78.94,3,22564.4372,3,0.112198794,2290
27.94520548,20,6,76.48131267,0.381746123,81.82,4,32328.21992,3,0.058717197,2291
27.71689498,13,5,65.13217867,0.58044789,79.73,5,32372.42226,1,0.021375751,2292
34.79452055,14,5,61.57702826,0.51229066,76.07,3,36736.64282,0,0.183310929,2293
43.10502283,15,1,58.79671832,0.28221493,81.08,2,20737.02088,1,0.281139883,2294
54.74885845,9,28,82.08751139,0.395810314,76.56,2,25019.92995,3,0.336595105,2295
58.99543379,14,7,69.4165907,0.324768121,79.22,7,31856.30338,3,0.002855483,2296
47.76255708,14,1,65.08659982,0.330538045,82.3,2,16099.47741,4,0.209602823,2297
16.11872146,17,3,78.85141294,0.247234764,79.51,3,30206.16457,1,0.151103536,2298
37.80821918,10,4,76.89152233,0.370566895,81.25,4,16209.2903,0,0.029688351,2299
58.12785388,11,5,81.54056518,0.29627912,77.56,2,12595.42888,1,0.134834939,2300
6.575342466,19,6,75.7976299,0.20143599,80.83,5,23270.13309,4,0.015390659,2301
19.9543379,15,8,63.94712853,0.20143599,85.75,2,21997.4295,3,0.29685444,2302
42.83105023,9,1,59.79945305,0.416005049,81.15,4,29969.74838,2,0.055088709,2303
40.0913242,13,16,72.19690064,0.527076091,77.11,6,47882.56666,2,0.011305769,2304
45.06849315,15,1,69.325433,0.294476019,83.34,2,36790.50081,3,0.499167816,2305
36.07305936,11,3,62.57976299,0.480556076,77.65,2,40813.30576,3,0.55117256,2306
3.287671233,21,8,67.41112124,0.421774973,77.22,4,29968.12533,3,0.055027123,2307
23.83561644,14,2,72.74384686,0.233531194,77.08,4,32944.33368,4,0.059734503,2308
40.63926941,13,11,63.35460346,0.298442842,79.9,3,34937.22622,1,0.174856049,2309
55.43378995,12,8,65.72470374,0.54005842,78.31,6,60252.16337,1,0.01504029,2310
18.94977169,19,3,59.98176846,0.47117995,80.13,3,39951.82323,3,0.199585421,2311
39.7260274,10,0,72.15132179,0.206124053,79.25,4,22172.72266,2,0.040419359,2312
30.59360731,13,4,77.75752051,0.321161918,77.4,1,31763.14636,4,1.172214296,2313
20.54794521,15,5,81.35824977,0.20107537,77.1,6,35236.63188,2,0.008505971,2314
48.49315068,14,4,66.90975387,0.450263974,76.92,4,42708.85447,2,0.079131196,2315
29.40639269,16,19,87.55697356,0.302409665,82.37,6,26959.58191,0,0.006569039,2316
27.26027397,20,8,72.65268915,0.312146412,80.26,1,28770.87501,2,1.057537313,2317
37.99086758,13,1,79.1704649,0.22920375,77.89,3,26032.9419,1,0.128131027,2318
40,10,1,53.50957156,0.245792283,78.06,1,18614.26809,2,0.685290137,2319
29.08675799,13,11,69.96353692,0.261659574,86.57,4,17948.52506,1,0.031158483,2320
18.67579909,19,1,59.98176846,0.47117995,80.6,6,44313.05798,2,0.010998811,2321
61.41552511,10,0,70.32816773,0.237137396,76.45,4,24386.64992,1,0.04455572,2322
32.64840183,15,1,35.68824066,0.611100613,82.2,7,13528.41621,2,0.000502774,2323
75.43378995,9,1,74.15679125,0.402662099,79.43,5,23692.09703,2,0.015754392,2324
45.06849315,11,0,51.36736554,0.5396978,80.78,6,32732.61836,3,0.007972714,2325
41.91780822,12,4,51.27620784,0.510848179,77.67,3,27780.31609,2,0.137228469,2326
62.10045662,14,5,52.59799453,0.456033898,74.82,7,43447.15183,2,0.004000459,2327
49.8173516,10,7,68.77848678,0.200354129,78.11,6,48088.20172,4,0.01194006,2328
39.6347032,10,18,59.43482224,0.419611251,82.8,1,10730.43013,0,0.202495647,2329
60.54794521,14,1,89.51686418,0.217663902,78.5,7,44434.08715,3,0.003791488,2330
54.06392694,12,8,57.52051048,0.284739272,76.35,5,43870.35704,2,0.029811797,2331
61.32420091,10,1,65.36007293,0.547631446,82.19,2,32702.14799,2,0.444536319,2332
45.43378995,15,1,72.83500456,0.259135233,85.61,5,41247.21387,3,0.027306216,2333
38.67579909,14,2,68.04922516,0.311064551,79.81,6,20231.09826,2,0.005305214,2334
29.08675799,16,14,61.39471285,0.386073567,78.32,3,24750.87159,2,0.121638568,2335
35.43378995,11,34,65.40565178,0.254807789,81.28,2,23362.5383,4,0.318224182,2336
50.77625571,13,8,70.41932543,0.572153624,77.61,7,25200.24923,3,0.002354009,2337
63.19634703,13,16,64.4484959,0.414923188,78.85,3,26319.28977,2,0.131215115,2338
40.73059361,9,1,53.78304467,0.572153624,79.53,4,26164.09624,1,0.047983706,2339
42.10045662,20,9,82.86235187,0.257332131,76.97,2,13214.85189,3,0.185368698,2340
12.19178082,18,4,61.30355515,0.395089073,82.39,5,25175.00869,0,0.01708235,2341
13.37899543,18,1,53.73746582,0.273199423,75.61,2,28475.16001,1,0.385350791,2342
49.08675799,10,1,64.99544211,0.175471331,77.3,3,29944.11548,3,0.149511411,2343
37.39726027,11,0,67.31996354,0.219827624,76.33,4,40589.518,2,0.074467291,2344
32.05479452,15,20,61.57702826,0.366960692,78.12,6,45004.0014,1,0.011676444,2345
72.37442922,9,1,37.28350046,0.602806347,79.6,7,29656.97675,1,0.002595273,2346
30.3196347,12,6,66.68185962,0.304212766,79.68,3,40973.90952,3,0.205151046,2347
26.71232877,13,1,48.81494986,0.520945546,81.05,4,32732.61836,2,0.060446553,2348
62.10045662,14,0,45.62443026,0.522388027,79.22,7,29656.97675,0,0.002855861,2349
41.91780822,12,1,35.82497721,0.881926433,82.45,2,20873.65038,3,0.280846251,2350
16.11872146,17,12,80.21877849,0.483080418,81.82,4,19391.6963,2,0.035320494,2351
43.65296804,15,2,53.0993619,0.439805986,77.35,2,47423.38606,1,0.642916519,2352
25.29680365,14,1,76.57247037,0.286181753,87.62,3,29518.33153,1,0.147352119,2353
21.36986301,15,9,59.84503191,0.382827984,82.39,4,34205.12781,2,0.062500905,2354
41.36986301,13,6,61.39471285,0.330898666,77.09,3,33346.97171,1,0.16601024,2355
33.74429224,11,3,60.57429353,0.395089073,76.73,1,41720.13355,2,1.534388923,2356
80.3196347,8,22,45.39653601,0.60713379,80.24,4,31898.64017,2,0.058381927,2357
12.92237443,17,5,59.29808569,0.392204111,82.81,2,30757.5517,1,0.416258197,2358
41.09589041,16,5,71.14858706,0.307458348,76.11,2,20020.27019,1,0.272305673,2359
34.74885845,15,8,62.71649954,0.425020555,77.38,7,32624.82262,3,0.00301174,2360
67.53424658,12,8,72.28805834,0.231006852,76.71,7,41428.98307,2,0.004025388,2361
52.37442922,9,14,91.06654512,0.328734944,80.77,3,32746.15549,2,0.163526333,2362
70.50228311,11,0,68.64175023,0.374533718,84.64,7,831.6955534,2,0.001102636,2363
58.85844749,14,2,70.64721969,0.386434187,79.89,7,28891.49802,3,0.002761391,2364
19.22374429,16,7,72.15132179,0.382827984,78.32,4,40491.88624,4,0.073522785,2365
48.49315068,10,1,73.70100273,0.273560043,81.63,3,20406.49179,2,0.101175219,2366
13.69863014,18,17,76.02552416,0.30962207,79.63,2,35006.64787,2,0.475322666,2367
44.20091324,8,0,83.54603464,0.212254598,81.61,4,44941.58098,1,0.082427704,2368
49.17808219,17,9,71.87784868,0.573596105,78.66,7,25824.62744,3,0.002381187,2369
43.51598174,12,2,58.38650866,0.619394879,83.03,3,38660.09595,1,0.19273268,2370
41.91780822,16,3,64.49407475,0.243267941,75.14,2,35067.70508,1,0.473685159,2371
71.91780822,7,2,50.13673655,0.482719798,77.3,2,35000.86211,3,0.473728358,2372
28.21917808,13,5,65.13217867,0.439084746,79.73,4,26548.89266,1,0.048241062,2373
42.42009132,12,9,35.27803099,0.705583123,81.11,5,46104.70299,1,0.031358572,2374
49.7716895,14,6,37.64813127,0.542582762,84.87,4,47124.24111,2,0.086740473,2375
48.40182648,11,9,55.24156791,0.276805626,79.28,2,35207.39867,2,0.478473146,2376
34.01826484,18,8,54.55788514,0.371648756,80.67,3,33896.02326,1,0.168173043,2377
42.37442922,12,8,62.12397448,0.427905517,81.45,6,28542.00418,1,0.007545438,2378
56.62100457,3,12,57.52051048,0.62047674,80.91,5,36687.85366,2,0.025219565,2379
38.31050228,13,54,73.97447584,0.334144248,77.49,3,31556.38728,1,0.155972033,2380
29.7260274,12,19,84.86782133,0.326571223,77.84,4,41117.87372,1,0.07489833,2381
57.67123288,11,0,83.91066545,0.242907321,80.02,1,26920.03718,1,0.993891141,2382
29.08675799,16,3,82.22424795,0.238940498,76.89,4,35183.57731,1,0.064017054,2383
47.57990868,11,9,74.65815861,0.224515687,77.91,3,28419.88737,1,0.143183127,2384
45.43378995,11,12,55.05925251,0.47117995,80.55,6,32879.76364,1,0.008145496,2385
46.84931507,14,4,69.87237922,0.43079048,81.43,3,56901.22866,3,0.274477876,2386
27.39726027,17,6,71.64995442,0.438363505,81.02,6,43780.07396,3,0.011079494,2387
49.5890411,10,12,66.1349134,0.362633249,82.52,3,29542.29355,1,0.147269092,2388
44.42922374,15,1,40.29170465,0.409874504,78.91,3,40296.81608,3,0.202363111,2389
46.11872146,15,1,57.20145852,0.311425171,81.05,2,40968.8743,3,0.554227832,2390
80.59360731,8,11,62.53418414,0.409513884,82.45,2,29304.8243,2,0.395623223,2391
22.87671233,15,2,62.9443938,0.482359178,80.12,1,21441.75331,2,0.801345075,2392
30.456621,16,0,86.9644485,0.346405337,78.46,6,32825.23721,2,0.008203656,2393
37.76255708,14,4,66.59070191,0.460000721,79.45,4,29589.38541,3,0.052850543,2394
68.26484018,8,8,58.79671832,0.211172737,87.06,2,11360.59792,3,0.153524646,2395
62.73972603,13,1,87.69371012,0.17402885,78.2,1,30095.00139,5,1.107784401,2396
33.74429224,15,16,62.80765725,0.393285972,78.66,3,32904.50617,1,0.163704051,2397
41.55251142,13,2,66.95533273,0.450263974,81.78,4,32791.01474,1,0.059945972,2398
49.49771689,13,2,53.96536007,0.432232961,78.15,2,39207.84094,0,0.52473602,2399
31.82648402,12,1,62.8532361,0.312507032,79.14,4,30063.66224,1,0.054369686,2400
49.7260274,10,10,66.31722881,0.410956365,75.98,6,26277.03513,3,0.006530646,2401
44.88584475,15,0,60.71103008,0.504717634,76.68,4,21688.98953,3,0.039778087,2402
31.09589041,12,7,86.05287147,0.29663974,83.01,3,23639.8521,2,0.11736309,2403
35.98173516,11,4,74.2935278,0.263823296,82.2,4,32729.39149,2,0.060082167,2404
35.02283105,14,3,54.28441203,0.487407862,79.97,2,23011.4158,1,0.311931453,2405
45.15981735,8,29,69.37101185,0.278608727,77.94,6,39093.61789,1,0.009850566,2406
63.97260274,6,2,64.6308113,0.365518211,83.1,3,44792.42195,1,0.222453977,2407
36.57534247,14,5,59.48040109,0.32296502,84.26,1,27108.1286,1,0.997980574,2408
43.47031963,15,9,75.38742024,0.39112225,75.29,4,35974.82174,1,0.065791916,2409
37.57990868,14,4,69.82680036,0.258053372,78.21,3,39117.45998,2,0.196190986,2410
22.32876712,18,6,66.0437557,0.269953841,80.95,6,23183.57878,1,0.005098132,2411
21.23287671,15,3,71.0118505,0.288706094,75.84,4,29472.80045,4,0.053163562,2412
24.65753425,18,11,56.83682771,0.408792643,78.49,2,32314.57738,3,0.436765191,2413
47.39726027,7,6,61.94165907,0.304934006,79.47,4,18411.02896,2,0.035089083,2414
52.28310502,9,0,69.00638104,0.394367833,81.57,5,36989.08023,4,0.025093984,2415
54.42922374,16,33,44.89516864,0.621919221,80.9,7,43993.90753,2,0.004115533,2416
45.79908676,11,4,81.90519599,0.226679409,80.76,3,40532.78544,3,0.201783602,2417
55.15981735,12,3,39.88149499,0.702337541,82.85,2,49762.79706,4,0.674668996,2418
75.52511416,10,1,61.21239745,0.368403173,88.57,7,9025.604542,5,0.001395294,2419
39.7260274,13,7,75.47857794,0.311064551,77.65,4,21554.55213,1,0.039167902,2420
42.32876712,12,3,55.92525068,0.550877028,78.46,3,29541.18411,3,0.146834842,2421
21.27853881,15,11,59.84503191,0.500029571,78.16,4,24759.80197,1,0.045245346,2422
40.2283105,13,0,61.89608022,0.456033898,79.33,7,33373.02693,2,0.002997161,2423
37.53424658,14,9,61.89608022,0.453509556,80.52,6,30858.54314,1,0.008087327,2424
36.16438356,14,5,61.48587056,0.447379012,82.46,1,24420.713,1,0.894482923,2425
43.69863014,15,0,80.03646308,0.295197259,78.91,7,22214.44546,1,0.001668631,2426
48.49315068,10,19,64.49407475,0.335226109,81.78,3,33607.4558,1,0.167503557,2427
28.21917808,13,0,66.63628077,0.425741796,81.2,2,23407.411,2,0.316958074,2428
31.36986301,15,2,69.14311759,0.374894338,80.67,3,13375.35486,2,0.066537978,2429
35.79908676,14,4,62.16955333,0.415644428,77.6,6,51754.9704,0,0.01298163,2430
24.24657534,18,6,80.44667274,0.35037216,84.33,6,36011.63454,2,0.009146328,2431
35.38812785,11,6,74.88605287,0.236776776,78.91,2,40754.76562,0,0.551419592,2432
23.60730594,18,0,79.39835916,0.396892175,81.15,3,36002.53139,2,0.177891441,2433
77.99086758,9,12,75.84320875,0.197108547,84.8,7,38728.4865,2,0.003433937,2434
40.2739726,9,6,56.79124886,0.375976199,76.95,6,37657.68721,1,0.010226696,2435
16.21004566,16,33,85.41476755,0.421053732,78.37,1,12542.55061,1,0.387799082,2436
31.09589041,16,6,65.13217867,0.278969347,86.13,6,34524.31233,3,0.008900999,2437
28.90410959,13,1,40.51959891,0.505078255,80.13,3,39304.361,0,0.195566783,2438
48.63013699,17,3,68.00364631,0.452067075,79.81,7,23720.17893,4,0.002267412,2439
70.54794521,7,5,80.40109389,0.293394158,78.28,2,47433.07803,4,0.643975973,2440
64.88584475,13,7,60.16408387,0.307097728,77.36,7,28153.68356,3,0.002807228,2441
70,8,6,68.50501367,0.374894338,82.22,7,49898.05012,2,0.00442897,2442
33.78995434,11,5,72.88058341,0.406989542,82.21,4,25564.94431,2,0.047157141,2443
65.79908676,9,18,65.26891522,0.360830148,77.99,2,42303.406,0,0.572514343,2444
51.18721461,10,15,55.69735643,0.502914533,83.6,3,24023.58775,3,0.119082572,2445
33.10502283,18,2,61.48587056,0.318276956,81.78,1,27761.95386,3,1.026763202,2446
20.54794521,15,0,70.55606199,0.24146484,78.16,4,35054.26086,1,0.063681984,2447
58.49315068,11,10,64.49407475,0.388237288,79.42,3,35167.17093,1,0.174017805,2448
40.3196347,13,9,65.26891522,0.225958168,77.26,5,22999.94802,2,0.015649566,2449
61.87214612,13,20,73.19963537,0.2959185,82.26,7,16229.72834,3,0.001102636,2450
51.05022831,13,6,55.97082954,0.462525063,78.49,2,40741.88227,3,0.55117256,2451
40.77625571,16,1,55.10483136,0.307097728,84.67,2,44790.44438,3,0.602231712,2452
46.66666667,14,4,54.92251595,0.317555716,79.75,3,30190.76531,2,0.151493601,2453
57.53424658,11,11,91.38559708,0.162489001,77.91,2,12091.87438,3,0.170460594,2454
47.53424658,17,16,48.26800365,0.585857194,77.78,6,11567.07944,4,0.002792542,2455
40.3652968,10,7,69.18869644,0.245431662,79.37,4,48088.20172,1,0.088359409,2456
57.99086758,11,0,66.63628077,0.246513523,82.43,5,25842.7105,3,0.01638905,2457