Safety_Score,Days_Since_Inspection,Total_Safety_Complaints,Control_Metric,Turbulence_In_gforces,Cabin_Temperature,Accident_Type_Code,Max_Elevation,Violations,Adverse_Weather_Metric,Accident_ID
33.60730594,18,1,55.01367366,0.384631085,83.57,1,27379.92004,2,0.997980574,2458
47.76255708,11,2,77.4840474,0.315391994,87.27,3,40757.32301,2,0.205700937,2459
44.01826484,12,7,52.46125798,0.392564731,81.37,6,40833.46522,2,0.009617898,2460
40.77625571,9,3,85.96171376,0.247234764,81.24,1,47280.00056,2,1.723294456,2461
45.75342466,11,2,82.90793072,0.262380815,78.21,6,37541.67637,1,0.010121604,2462
53.01369863,6,7,58.47766636,0.311064551,80.92,4,35800.95566,2,0.064897763,2463
40.2739726,9,0,60.16408387,0.231728092,84.56,1,30878.79854,2,1.129263661,2464
53.92694064,12,23,61.94165907,0.527436711,77.19,7,60252.16337,3,0.004764548,2465
70.54794521,4,5,87.83044667,0.18845366,79.83,7,48141.34855,4,0.004366325,2466
45.57077626,11,0,63.76481313,0.41780815,85.06,6,29078.85711,0,0.007428758,2467
50.2739726,17,0,80.12762078,0.358305806,79.67,6,28529.86564,1,0.0070379,2468
59.31506849,14,1,84.54876937,0.30998269,76.3,7,15690.49424,2,0.001281237,2469
34.65753425,11,5,74.74931632,0.300606563,77.69,1,30077.41619,1,1.101318148,2470
27.89954338,17,1,57.29261623,0.466131266,80.35,7,30323.3418,4,0.002776185,2471
70.3652968,11,1,64.26618049,0.319358817,85.71,7,27287.79299,3,0.002117959,2472
42.10045662,12,12,45.67000912,0.35001154,79.12,3,23634.91707,2,0.116827129,2473
51.23287671,13,2,64.85870556,0.333423008,78.87,2,38767.3596,3,0.527487411,2474
44.47488584,15,0,80.03646308,0.262380815,78.03,6,34497.8836,2,0.008510169,2475
36.11872146,11,3,78.07657247,0.205763433,80.24,2,30843.07933,1,0.417407396,2476
22.73972603,14,6,59.79945305,0.37741868,78.16,4,43204.16899,1,0.079131196,2477
34.33789954,11,8,73.65542388,0.405907681,76.74,1,41633.65396,3,1.531616535,2478
46.84931507,14,10,85.77939836,0.289427335,83.56,2,31279.25913,2,0.424712504,2479
52.37442922,6,12,50.63810392,0.354699603,76.3,5,43378.43811,1,0.029588226,2480
61.78082192,13,13,75.75205105,0.392925352,79.18,7,45795.50296,4,0.004297175,2481
53.05936073,12,1,40.83865087,0.538615939,78.4,5,38537.36341,0,0.027092737,2482
37.30593607,14,3,41.61349134,0.534288496,79.58,2,11344.02219,3,0.146846222,2483
44.61187215,12,8,54.9680948,0.442330328,78.68,3,17731.55428,2,0.087598217,2484
36.43835616,17,2,69.00638104,0.333062387,83.25,2,36933.84468,3,0.498635559,2485
57.53424658,11,11,61.39471285,0.523469888,78.67,2,29071.49595,2,0.393439914,2486
44.93150685,11,2,73.42752963,0.297360981,79.08,6,45618.85709,1,0.011946897,2487
62.64840183,10,15,58.75113947,0.467213127,76.13,4,26782.02428,2,0.049251999,2488
56.71232877,12,18,64.58523245,0.339192932,77.05,2,21213.12437,1,0.283595649,2489
54.10958904,12,6,57.52051048,0.463967544,84.52,2,36517.87608,2,0.492287323,2490
11.87214612,18,1,52.82588879,0.638507753,75.98,4,36624.27963,1,0.06748373,2491
27.99086758,13,10,86.9644485,0.143376127,80.98,3,29955.53074,2,0.14944739,2492
49.45205479,17,1,57.74840474,0.342799135,81.92,2,43971.71045,3,0.596791289,2493
29.40639269,16,10,69.55332726,0.31034331,76.86,3,16902.3487,3,0.081545026,2494
39.7260274,16,7,53.23609845,0.382106744,79.73,2,39434.25611,3,0.532383165,2495
29.7716895,12,1,50.13673655,0.503275153,77.83,4,29502.76342,4,0.052845134,2496
46.62100457,8,10,76.57247037,0.237137396,80.83,1,49358.53257,1,1.882949811,2497
33.56164384,18,5,41.52233364,0.608215651,80.16,7,42912.52443,1,0.004016691,2498
41.14155251,12,2,90.15496809,0.286902993,77.73,3,43569.69212,2,0.215461328,2499
45.70776256,8,0,58.79671832,0.503635774,77.75,4,27563.0748,1,0.050651588,2500
30.86757991,16,2,77.75752051,0.386073567,82.57,3,20487.86748,1,0.101175219,2501
2.648401826,23,8,54.64904284,0.421774973,80.86,4,23308.33365,1,0.042530602,2502
29.08675799,16,18,70.00911577,0.464328164,79.21,3,25949.10034,3,0.12767629,2503
35.06849315,11,7,54.8769371,0.448100252,79.46,4,29784.74647,2,0.05443928,2504
15.29680365,17,0,72.4247949,0.324046881,78.92,4,12024.89822,2,0.021662205,2505
42.92237443,15,3,52.27894257,0.330177425,79.22,2,37999.3671,1,0.516512802,2506
38.44748858,10,4,74.15679125,0.36335449,78.94,6,23744.06931,2,0.006319492,2507
47.53424658,11,23,69.91795807,0.249759106,79.36,3,28586.87161,1,0.142325653,2508
23.69863014,18,5,76.61804923,0.238940498,77.41,6,41688.65089,2,0.010322458,2509
45.98173516,11,12,73.51868733,0.347126578,79.09,3,21154.85773,3,0.105892407,2510
41.91780822,16,22,66.49954421,0.387876668,76.2,2,31546.43827,3,0.427712028,2511
91.18721461,2,3,78.07657247,0.35037216,80.45,7,16209.2903,2,0.000316423,2512
59.9543379,14,23,71.83226983,0.33702921,85.4,7,31355.0756,3,0.00289271,2513
54.10958904,9,10,59.02461258,0.362633249,75.02,3,14532.73839,1,0.072851338,2514
29.8173516,16,6,39.69917958,0.72902344,79.64,6,5142.286073,3,0.002792542,2515
30.91324201,12,0,64.03828624,0.368042553,80.2,4,41578.71699,1,0.076320599,2516
57.12328767,8,12,61.21239745,0.335947349,77.86,6,34199.89157,3,0.00892827,2517
28.40182648,13,29,71.23974476,0.249759106,82.45,1,51049.38015,1,1.843886062,2518
37.16894977,14,0,63.30902461,0.496783988,76.95,6,31432.12423,2,0.008120644,2519
29.6347032,16,13,59.02461258,0.284739272,78.97,6,28509.75968,3,0.007222059,2520
23.88127854,18,7,50.59252507,0.509045078,78.49,1,22620.01276,4,0.831300703,2521
46.11872146,8,1,71.42206016,0.258413992,79.77,5,41503.99984,3,0.027316802,2522
36.84931507,14,1,63.30902461,0.334865489,84.1,6,41920.24716,2,0.010343271,2523
41.14155251,12,4,69.14311759,0.320080058,80.44,3,36245.83198,2,0.178747299,2524
45.89041096,11,7,41.43117593,0.45891886,79.77,6,36030.65288,1,0.008510169,2525
45.70776256,8,0,58.38650866,0.530321673,83.72,7,24973.68369,4,0.002354009,2526
54.29223744,9,2,60.43755697,0.353978363,77.97,4,30754.88661,2,0.057863231,2527
38.72146119,13,0,57.01914312,0.514454382,78.32,6,18661.71381,4,0.004632261,2528
38.99543379,10,2,68.18596171,0.359027047,83.22,3,34132.24122,1,0.170698496,2529
61.05022831,10,7,79.30720146,0.283657411,82.17,5,25486.82546,1,0.01651349,2530
44.47488584,8,14,65.22333637,0.351093401,83.97,4,36384.88629,2,0.065986967,2531
41.96347032,12,19,53.60072926,0.56674432,83.73,3,20654.0788,4,0.101519828,2532
28.67579909,13,1,62.26071103,0.325128741,80.53,3,41432.74871,2,0.205151046,2533
44.20091324,15,2,51.23062899,0.583693473,76.27,4,25727.73499,2,0.046809166,2534
79.543379,8,4,59.16134913,0.289066715,79.19,2,22429.8626,3,0.30682968,2535
40.3652968,9,10,59.20692799,0.300245943,82.48,7,13949.25417,0,0.001417533,2536
62.14611872,6,1,57.42935278,0.465410025,83.21,2,25377.61392,2,0.339470395,2537
50.77625571,10,12,77.66636281,0.231006852,84.48,3,41662.69223,2,0.208458586,2538
43.15068493,12,4,59.7538742,0.435117923,79.64,5,27584.05649,2,0.01796405,2539
12.92237443,17,8,53.73746582,0.492817166,82.81,4,26607.92399,3,0.049162567,2540
55.43378995,12,4,80.81130356,0.219467003,77.56,3,12595.42888,2,0.058797507,2541
47.53424658,17,4,48.22242479,0.610018752,81.79,7,29646.14993,2,0.002634564,2542
31.14155251,12,1,57.52051048,0.32332564,78.46,4,28783.69929,2,0.054106566,2543
51.05022831,13,3,51.91431176,0.53897656,75.67,2,35305.86291,1,0.478473146,2544
22.05479452,15,19,79.94530538,0.267429499,75.25,1,27416.39475,1,0.99725232,2545
45.66210046,15,3,68.27711942,0.335586729,79.63,1,36731.45941,4,1.365574801,2546
35.47945205,14,1,72.56153145,0.312146412,78.82,6,25722.52802,2,0.006149761,2547
63.19634703,13,1,60.39197812,0.231728092,81.37,3,29333.07,1,0.145406245,2548
33.24200913,15,2,64.26618049,0.507963217,79.46,3,32127.88846,2,0.159919771,2549
44.70319635,12,4,60.02734731,0.633098449,77.55,3,39422.84677,2,0.195684891,2550
19.9086758,15,4,71.1030082,0.506160115,78.41,4,27296.49509,1,0.049709403,2551
2.739726027,20,1,57.52051048,0.308540209,82.02,5,31365.23957,2,0.019927301,2552
24.88584475,14,22,47.08295351,0.448460873,76.95,7,45290.89147,2,0.004009417,2553
56.57534247,11,1,62.53418414,0.402662099,79.08,2,13007.02233,1,0.203271718,2554
33.10502283,15,2,69.78122151,0.289066715,78.16,1,28793.16869,1,1.058850069,2555
38.85844749,17,12,53.64630811,0.293033538,81.44,2,23192.15587,1,0.309756513,2556
64.33789954,9,0,65.49680948,0.272478182,77.31,2,26020.76342,3,0.352325724,2557
39.40639269,10,2,42.84412033,0.428987378,74.95,4,45857.96599,2,0.082786067,2558
34.01826484,15,13,49.68094804,0.696567616,77.89,1,36463.54538,2,1.342193249,2559
20.2283105,15,3,70.51048314,0.382827984,78.41,4,31115.76613,2,0.057623062,2560
64.56621005,9,2,84.68550593,0.269953841,83.53,5,27286.29473,1,0.018428373,2561
42.32876712,9,9,88.05834093,0.281854309,81.73,1,34371.5426,3,1.268077674,2562
47.35159817,11,12,71.74111212,0.381024883,77.7,6,31439.46848,2,0.008087327,2563
49.26940639,13,7,50.27347311,0.408071403,79.94,2,29508.88461,2,0.397454927,2564
31.36986301,12,11,66.36280766,0.321883159,81.02,4,39269.05393,2,0.071706957,2565
17.39726027,16,14,63.17228806,0.338111071,78.28,6,33567.87631,1,0.008360823,2566
20.86757991,19,1,37.83044667,0.600282005,77.86,2,49762.79706,2,0.674668996,2567
42.10045662,19,11,82.86235187,0.245071042,80.09,7,44941.58098,2,0.003750067,2568
33.97260274,11,2,73.60984503,0.405907681,81.27,4,17417.24824,2,0.032080508,2569
30.1369863,12,0,51.18505014,0.594151461,77.71,4,38800.96731,3,0.070487057,2570
20.95890411,19,16,70.9206928,0.276805626,77.62,6,36662.28026,2,0.00897565,2571
14.52054795,17,14,80.62898815,0.298803462,77.43,1,34124.3377,2,1.250078683,2572
58.26484018,11,10,64.49407475,0.277887486,77.64,2,30615.00439,1,0.413798628,2573
42.32876712,12,8,52.18778487,0.729384061,79.43,2,37050.85688,3,0.499785375,2574
36.30136986,14,4,51.09389243,0.37741868,79.97,2,36091.55277,1,0.493776601,2575
42.92237443,15,3,65.99817685,0.403383339,78.94,1,26565.04758,3,0.978454627,2576
82.23744292,7,23,80.62898815,0.226679409,84.83,7,42820.72134,2,0.003972531,2577
46.43835616,11,0,52.55241568,0.393285972,77.93,1,36925.03526,1,1.360401716,2578
42.87671233,12,14,67.91248861,0.352535882,78.86,3,24975.91136,2,0.124868867,2579
48.99543379,10,35,54.74020055,0.5396978,80.89,3,23595.24914,3,0.117438328,2580
18.17351598,16,10,59.61713765,0.476589254,78.91,4,23226.57203,2,0.042757913,2581
12.60273973,18,21,53.1905196,0.315752614,81.2,4,28475.16001,2,0.051585265,2582
13.37899543,18,12,50.68368277,0.527076091,78.13,1,35654.72193,3,1.308970841,2583
45.06849315,11,1,52.59799453,0.41780815,81.89,6,42176.92229,2,0.009819603,2584
14.70319635,17,3,51.18505014,0.487407862,77.74,1,28411.2232,2,1.032747503,2585
64.15525114,6,11,52.64357338,0.450263974,77.8,3,40844.10823,1,0.204090221,2586
48.67579909,7,2,67.6390155,0.344962856,82.11,4,32342.31338,1,0.058871556,2587
43.78995434,18,2,53.372835,0.234252434,78.62,1,35893.87681,3,1.307928612,2588
33.10502283,15,7,48.58705561,0.403022719,81.98,7,22341.097,1,0.001654836,2589
39.17808219,13,0,72.19690064,0.421774973,79.39,7,41727.73226,2,0.004244527,2590
32.51141553,12,33,75.25068368,0.319719437,79.97,3,35683.77174,0,0.177623325,2591
62.69406393,7,20,46.94621696,0.451345835,87.43,3,38242.13065,1,0.190706009,2592
49.17808219,11,1,79.76298997,0.295197259,82.19,3,26346.50481,1,0.131340505,2593
53.01369863,9,16,86.82771194,0.276805626,78.43,6,48317.93035,2,0.011757469,2594
42.87671233,12,10,62.03281677,0.345684097,75.84,4,17267.00453,2,0.031700452,2595
54.79452055,12,1,80.40109389,0.262380815,80.76,7,25119.24211,3,0.00234866,2596
52.37442922,13,1,65.45123063,0.311785792,77.8,2,28824.40733,1,0.388023789,2597
61.32420091,10,1,61.2579763,0.395449693,81.76,2,30028.28408,2,0.405867134,2598
87.48858447,3,2,39.88149499,0.529600433,80.15,7,26661.0134,3,0.002414052,2599
42.55707763,19,9,82.86235187,0.371648756,81.62,7,17377.62731,2,0.001559274,2600
53.10502283,12,10,41.61349134,0.621197981,82.96,5,30068.6766,2,0.021002845,2601
43.42465753,12,1,62.03281677,0.430429859,79.67,3,23952.55258,1,0.120344519,2602
70.54794521,7,3,70.05469462,0.381746123,80.71,6,36841.50111,4,0.008668665,2603
21.46118721,15,1,62.71649954,0.314670754,80.55,4,28986.65748,2,0.052715641,2604
45.29680365,15,18,83.81950775,0.395810314,77.07,2,40679.57155,3,0.552348029,2605
14.47488584,17,1,70.46490428,0.206124053,77.36,7,33693.91269,2,0.003287196,2606
56.66666667,11,6,55.97082954,0.455673278,78.1,2,35070.33319,1,0.475053302,2607
76.39269406,3,10,51.82315406,0.60641255,79.03,7,34887.21721,1,0.002972654,2608
23.69863014,18,7,80.44667274,0.308900829,79.98,6,40445.13669,3,0.01002475,2609
22.00913242,15,5,65.36007293,0.342799135,77.87,1,26397.20312,2,0.973442982,2610
33.69863014,15,6,69.64448496,0.320801298,81.3,3,38350.71956,1,0.1914681,2611
65.34246575,1,19,77.84867821,0.361190768,79.65,2,31661.62881,2,0.429534515,2612
45.98173516,15,8,67.09206928,0.383549225,79.72,7,41508.64587,1,0.003846037,2613
36.71232877,14,0,57.52051048,0.488850343,76.12,3,27657.19109,5,0.137332931,2614
50.0456621,16,14,68.04922516,0.547992066,81.1,1,34349.70647,4,1.262768809,2615
34.84018265,14,13,62.07839562,0.490292824,81.02,1,29601.07806,2,1.090265981,2616
35.02283105,11,5,43.07201459,0.518421204,80.85,2,26637.59532,1,0.358545587,2617
25.47945205,14,12,38.96991796,0.740563289,79.92,1,48583.54863,3,1.790074139,2618
46.25570776,15,17,68.59617138,0.502553913,79.06,3,38011.02122,2,0.18906238,2619
36.48401826,14,6,62.12397448,0.427905517,80.25,3,38783.2524,2,0.193246983,2620
8.538812785,19,9,54.01093892,0.551598269,78.9,1,33143.98531,3,1.217896254,2621
61.41552511,10,1,52.41567912,0.47226181,80.84,2,38406.93188,1,0.518441262,2622
50.91324201,13,0,70.60164084,0.361190768,78.78,5,26501.85903,2,0.018356291,2623
9.086757991,18,19,79.58067457,0.393285972,86.02,3,37011.99752,2,0.18510024,2624
25.25114155,14,5,63.90154968,0.551958889,74.74,4,45857.96599,2,0.082786067,2625
8.538812785,19,2,44.39380128,0.400858997,81.14,4,18616.72676,1,0.034593326,2626
32.87671233,15,1,82.95350957,0.180520014,79.52,3,29033.79042,2,0.14544715,2627
26.34703196,14,3,89.10665451,0.275002524,79.71,4,25541.04955,1,0.046643985,2628
12.46575342,18,1,75.43299909,0.327292463,82.4,6,34952.12711,1,0.008571062,2629
38.76712329,10,2,51.82315406,0.523830508,80.13,1,25631.34571,1,0.948341399,2630
54.74885845,15,4,64.58523245,0.289787955,78.6,7,23792.10861,2,0.002533878,2631
51.91780822,6,0,53.91978122,0.476589254,79.97,4,28604.1784,2,0.053900361,2632
32.96803653,12,14,63.67365542,0.321161918,76.56,1,32800.83687,0,1.213858457,2633
45.06849315,15,0,81.81403829,0.351454021,78.63,6,42493.86496,2,0.010551812,2634
30.4109589,12,1,89.10665451,0.191338622,80.98,4,23086.02269,3,0.042637119,2635
56.94063927,11,33,72.47037375,0.273560043,80.09,2,32861.27684,1,0.444553308,2636
42.23744292,12,9,57.70282589,0.304573386,78.46,2,41703.45329,4,0.566711947,2637
35.43378995,18,17,47.08295351,0.351454021,78.76,2,41045.694,2,0.553451831,2638
23.05936073,14,22,50.22789426,0.44485467,80.19,4,39646.00181,3,0.073173201,2639
59.6347032,14,4,56.15314494,0.450624594,75.4,7,45649.81327,2,0.004129995,2640
36.57534247,14,5,57.61166819,0.488850343,79.61,3,33896.51169,2,0.168586749,2641
44.06392694,12,14,66.77301732,0.344602236,79.17,1,17807.74008,1,0.636699055,2642
34.06392694,18,18,31.08477666,0.777707176,84.87,6,31702.32966,2,0.007654089,2643
37.48858447,10,6,76.89152233,0.288706094,80.96,5,19325.70377,1,0.013301896,2644
24.15525114,14,3,80.99361896,0.312507032,76.48,4,27179.05196,3,0.050328563,2645
42.10045662,12,8,55.24156791,0.578644789,77.45,2,29989.7502,3,0.404401762,2646
69.9543379,11,7,79.71741112,0.230285611,77.93,2,8232.843655,2,0.095753418,2647
15.29680365,17,0,49.95442115,0.397252795,79.81,7,48416.02672,3,0.004404294,2648
38.21917808,14,22,56.97356427,0.5130119,86.43,2,36933.84468,1,0.502390494,2649
57.12328767,11,39,74.74931632,0.467213127,77.98,2,44574.06272,3,0.603171246,2650
23.42465753,15,0,62.53418414,0.360469528,78.59,7,23543.5818,3,0.002139921,2651
51.05022831,10,1,45.39653601,0.699813199,76.01,6,24084.88732,0,0.006094288,2652
37.48858447,10,2,52.59799453,0.335226109,77.16,4,32995.43662,0,0.059831348,2653
50.77625571,10,5,68.82406563,0.198911648,79.52,1,36028.49759,0,1.343206675,2654
36.84931507,14,7,68.18596171,0.356863325,77.1,3,12854.04566,2,0.069397951,2655
53.24200913,16,4,46.26253418,0.60641255,76.79,4,31812.00399,1,0.058588425,2656
42.28310502,16,0,64.49407475,0.345684097,76.36,5,36324.943,2,0.024245062,2657
33.42465753,15,11,66.0437557,0.356863325,77.04,3,19873.28241,2,0.098496104,2658
30.4109589,12,6,74.93163172,0.28293617,79.68,3,40645.29437,1,0.202521399,2659
56.43835616,11,7,48.4958979,0.560613776,75.88,2,45903.4682,0,0.627074278,2660
46.16438356,11,0,60.30082042,0.524191129,83.24,3,40979.57545,1,0.205286209,2661
30.4109589,12,1,94.07474932,0.22920375,78.79,1,43939.24941,0,1.597441144,2662
41.91780822,12,4,51.27620784,0.522748648,83.76,3,24604.46559,2,0.122094926,2663
22.87671233,21,1,67.95806746,0.324046881,83.25,5,36228.38126,3,0.025110149,2664
28.49315068,20,22,58.38650866,0.40410458,77.27,6,38017.71186,3,0.010300756,2665
52.28310502,9,11,77.52962625,0.313949513,82.88,3,41468.3975,2,0.204025292,2666
42.00913242,16,13,81.03919781,0.226679409,79.66,2,22102.03854,2,0.299887443,2667
29.543379,20,22,66.59070191,0.49930833,77.64,1,36873.07077,3,1.358396134,2668
68.99543379,11,12,40.51959891,0.693322034,76.63,2,31925.27555,2,0.433461888,2669
37.57990868,14,6,61.30355515,0.391482871,81.57,3,32874.26376,1,0.163199734,2670
30.91324201,16,4,45.89790337,0.557728814,80.16,6,32986.7833,3,0.008117908,2671
56.62100457,12,20,74.74931632,0.315391994,83.15,2,20600.58499,4,0.278446238,2672
46.57534247,11,2,53.60072926,0.492817166,78.73,3,35380.63501,0,0.17583753,2673
27.12328767,17,3,52.37010027,0.374894338,83.72,1,27379.92004,0,0.992974229,2674
37.39726027,14,0,56.51777575,0.324768121,77.89,2,34936.62633,2,0.471153593,2675
59.9543379,10,1,64.81312671,0.175471331,77.31,2,40754.71833,2,0.551040805,2676
38.31050228,13,54,71.23974476,0.249759106,82.45,3,51049.38015,1,0.257153814,2677
29.40639269,13,14,74.06563355,0.21550018,81.59,4,37066.96224,2,0.067149309,2678
26.48401826,14,2,79.39835916,0.294836639,84.78,3,46445.7091,2,0.232873362,2679
33.33333333,15,2,64.26618049,0.386434187,78.67,6,33651.58052,3,0.008990355,2680
67.53424658,12,6,68.04922516,0.158882798,78.22,1,26340.29948,2,0.979178722,2681
64.88584475,13,7,62.30628988,0.381024883,86.4,7,18272.72848,4,0.001668631,2682
28.72146119,13,2,62.7620784,0.286181753,84.41,4,37967.55132,2,0.069603156,2683
21.27853881,15,0,63.81039198,0.556286332,79.58,4,28162.02042,2,0.051585265,2684
30,13,0,66.68185962,0.306376488,78.21,4,51474.87118,4,0.09790633,2685
44.47488584,15,1,55.60619872,0.338471691,81.05,2,47892.29855,3,0.648151779,2686
39.7260274,13,7,73.10847767,0.306015867,79.99,3,21426.83302,2,0.107090688,2687
12.69406393,18,12,55.37830447,0.421414353,79.03,4,33107.06461,3,0.06047949,2688
52.10045662,6,7,61.30355515,0.656538767,79.49,4,32578.59435,2,0.060223054,2689
33.74429224,11,2,59.98176846,0.360830148,84.72,7,25794.58087,2,0.00243244,2690
62.55707763,10,6,41.52233364,0.619394879,78.27,4,46296.73718,3,0.085541759,2691
59.8173516,14,5,92.93527803,0.162489001,80.44,7,45084.69164,3,0.003959903,2692
45.79908676,11,3,71.78669098,0.444133429,82.74,2,42766.63897,1,0.577778977,2693
34.47488584,15,7,59.7538742,0.267790119,76.49,6,40238.33209,3,0.010025347,2694
44.33789954,15,3,49.45305378,0.534649116,76.86,2,30701.49036,1,0.415919627,2695
31.59817352,12,2,80.674567,0.264183916,80.95,1,14957.15226,3,0.602998607,2696
46.39269406,15,9,61.48587056,0.451345835,81.71,2,32272.82502,2,0.436765191,2697
33.74429224,18,5,54.37556974,0.252644068,78.95,4,30448.47001,2,0.055607104,2698
51.18721461,10,11,66.31722881,0.395449693,77.53,3,21075.56574,0,0.104226105,2699
30.59360731,12,0,67.04649043,0.462885683,79.61,5,41373.23488,3,0.027316802,2700
60.1826484,7,14,67.45670009,0.2959185,80.03,3,32301.43418,2,0.161099598,2701
40.2739726,9,10,56.79124886,0.293033538,83.32,6,26044.91155,1,0.006662971,2702
7.762557078,19,6,49.86326345,0.470458709,78.9,4,32187.54378,2,0.0586689,2703
36.16438356,14,5,71.92342753,0.351454021,75.39,6,21411.02091,4,0.005335316,2704
28.58447489,16,5,66.90975387,0.357223945,79.72,6,39133.57794,1,0.009724337,2705
35.79908676,14,10,62.9443938,0.379582402,81.02,3,43575.46011,1,0.215610803,2706
19.40639269,19,0,59.98176846,0.508323837,78.46,3,35769.5194,0,0.180527703,2707
39.26940639,10,0,72.15132179,0.273199423,78.68,4,17496.9718,2,0.031158483,2708
25.61643836,14,2,62.16955333,0.314670754,78.09,4,19518.56216,2,0.036397697,2709
24.61187215,14,4,69.14311759,0.468294987,82.45,6,31346.79534,3,0.007900842,2710
27.48858447,20,17,72.65268915,0.194944825,77.13,7,30271.19477,3,0.002627627,2711
46.48401826,11,1,77.98541477,0.384631085,78,6,40674.11266,1,0.010259549,2712
39.49771689,13,6,78.03099362,0.245792283,77.83,5,41991.87091,2,0.028569421,2713
20.50228311,19,3,66.40838651,0.421774973,82.2,3,24122.30663,2,0.120503075,2714
10.86757991,18,0,80.62898815,0.245792283,78.33,4,30094.08924,2,0.054740383,2715
49.8173516,10,11,70.14585232,0.474425532,79,3,20637.7837,2,0.10159794,2716
65.89041096,9,2,56.70009116,0.777707176,78.9,7,27551.10353,2,0.002409644,2717
31.46118721,12,2,62.71649954,0.335226109,80.53,1,23454.28405,2,0.859539949,2718
11.23287671,18,7,64.31175934,0.417086909,80.67,4,34956.47223,3,0.063620211,2719
40.77625571,13,20,82.72561531,0.22848251,81.24,6,36676.17766,1,0.009003721,2720
50.73059361,7,5,65.63354603,0.267790119,81.97,3,19643.59874,2,0.099943014,2721
77.30593607,4,3,76.61804923,0.354699603,81.24,3,38170.76339,1,0.190706009,2722
61.87214612,13,19,72.37921604,0.388958529,86.43,7,23226.23689,3,0.002331671,2723
52.51141553,9,5,41.20328168,0.45891886,79.34,3,25032.8277,0,0.12462921,2724
54.74885845,9,6,74.02005469,0.252644068,78.64,6,18103.78971,1,0.004792302,2725
18.72146119,19,1,59.16134913,0.48488352,79.03,3,31442.51165,2,0.157172393,2726
80.95890411,8,20,53.00820419,0.564219978,79.79,7,29365.0115,0,0.002697681,2727
32.87671233,15,8,82.49772106,0.173307609,76.9,7,43717.2844,2,0.004016103,2728
72.96803653,7,1,66.1349134,0.346405337,77.85,4,25251.11556,3,0.045305004,2729
23.78995434,14,23,65.99817685,0.422135593,78.55,1,12542.55061,3,0.202495647,2730
42.42009132,12,8,54.9680948,0.442330328,81.86,2,52978.47906,1,0.729576238,2731
27.80821918,13,1,45.67000912,0.35001154,81.25,2,35508.18315,3,0.480311363,2732
48.99543379,14,6,59.29808569,0.503275153,78.15,5,38382.6155,0,0.025816321,2733
27.89954338,13,0,83.81950775,0.185208078,82.49,4,31646.74844,2,0.057863231,2734
38.31050228,13,13,71.78669098,0.371288136,77.99,6,10722.23213,1,0.000436301,2735
71.78082192,10,3,75.52415679,0.33630797,81.46,5,20795.1242,1,0.01374728,2736
56.66666667,11,6,54.32999088,0.455673278,81.96,7,31631.37761,3,0.002792163,2737
45.75342466,15,0,73.60984503,0.386073567,77.25,2,36883.78997,3,0.499845233,2738
29.17808219,12,4,79.53509572,0.403022719,77.26,4,43852.84535,4,0.080033485,2739
49.6347032,7,1,81.58614403,0.435478543,79.3,2,28970.29867,1,0.392272812,2740
31.82648402,12,2,62.71649954,0.315752614,78.66,4,28787.17272,2,0.052715641,2741
70.4109589,11,14,55.05925251,0.439805986,79.6,7,31631.37761,3,0.002775954,2742
38.81278539,13,0,61.53144941,0.424299315,77.78,3,35867.23014,2,0.180527703,2743
46.66666667,7,18,69.37101185,0.462525063,75.88,1,22950.58102,1,0.844304692,2744
53.83561644,5,4,60.02734731,0.407710783,77.55,6,32266.13623,2,0.008009077,2745
36.43835616,11,2,73.70100273,0.273560043,78.91,2,26902.31882,2,0.364323086,2746
68.26484018,8,8,40.51959891,0.637425893,76.59,2,42041.44746,2,0.571545576,2747
50.63926941,13,15,68.59617138,0.41744753,78.02,1,18180.96658,2,0.655110147,2748
22.92237443,22,6,80.99361896,0.312507032,81.29,4,30992.04278,1,0.056973869,2749
60.1369863,14,13,60.66545123,0.423217454,77.08,7,34472.0838,0,0.003234354,2750
46.07305936,18,13,41.61349134,0.58044789,76.04,6,21720.57383,3,0.005269257,2751
49.26940639,10,5,66.90975387,0.382467364,78.34,3,26335.2238,2,0.130415664,2752
32.69406393,12,3,50.86599818,0.495702128,77.66,1,10115.92167,2,0.439207929,2753
46.66666667,15,9,69.91795807,0.393646592,78.96,2,26900.70286,2,0.364323086,2754
43.33333333,15,10,65.95259799,0.286542373,81.8,2,23506.54331,2,0.316177574,2755
29.49771689,13,13,78.57793984,0.338471691,84.32,2,12444.52133,2,0.167498544,2756
45.79908676,11,4,71.78669098,0.340274793,83.12,6,35902.35475,1,0.00880519,2757
22.28310502,18,3,61.2579763,0.518421204,80.19,3,15991.41476,3,0.078488125,2758
27.57990868,17,1,57.29261623,0.444133429,79.03,5,18784.40868,4,0.013031361,2759
28.90410959,13,4,54.83135825,0.368763794,77.29,4,26548.89266,4,0.047983706,2760
51.91780822,13,8,84.00182315,0.29555788,79.96,5,50545.07023,2,0.035319452,2761