Safety_Score,Days_Since_Inspection,Total_Safety_Complaints,Control_Metric,Turbulence_In_gforces,Cabin_Temperature,Accident_Type_Code,Max_Elevation,Violations,Adverse_Weather_Metric,Accident_ID
31.14155251,12,0,76.80036463,0.281854309,78.53,4,25556.93881,3,0.04735187,2762
57.12328767,8,11,77.52962625,0.30998269,76.87,6,23860.73161,2,0.006051087,2763
25.66210046,14,10,70.73837739,0.273560043,76.66,4,24545.78142,1,0.044302591,2764
32.42009132,12,10,48.90610757,0.422496213,81.3,3,35285.26904,2,0.17567501,2765
36.89497717,14,4,88.01276208,0.293754778,77.77,3,34929.74042,2,0.174317185,2766
60.1826484,10,7,45.25979945,0.699813199,77.74,7,25814.84687,2,0.002354009,2767
54.74885845,9,28,63.26344576,0.306015867,82.3,7,23792.10861,3,0.002352377,2768
63.19634703,13,5,60.98450319,0.344962856,79.88,7,14894.16202,3,0.001298572,2769
28.85844749,13,2,63.76481313,0.303130905,78.38,2,43621.7314,2,0.592637234,2770
42.32876712,12,15,53.60072926,0.60641255,79.48,3,47156.93843,0,0.236847336,2771
33.47031963,12,8,71.55879672,0.467213127,83.63,4,45769.78183,0,0.082786067,2772
32.46575342,15,1,48.63263446,0.429708619,80.43,2,27506.84893,3,0.371472026,2773
35.15981735,11,5,60.84776664,0.407350162,76.79,2,28929.74467,2,0.392319835,2774
19.22374429,16,0,52.37010027,0.254447169,75.14,1,23797.34875,0,0.877709245,2775
12.69406393,18,13,50.13673655,0.447739632,76.52,4,32187.54378,2,0.059458512,2776
70.68493151,11,1,67.41112124,0.272838803,82.14,5,20721.93138,1,0.014638219,2777
50.2739726,13,10,69.59890611,0.410956365,81.44,2,32441.08736,2,0.438728976,2778
37.30593607,17,11,56.83682771,0.334865489,76.86,2,32018.63103,3,0.433304585,2779
75.57077626,9,6,77.52962625,0.231006852,79.43,7,33256.46682,0,0.003134738,2780
32.87671233,15,4,78.30446673,0.239661738,83.34,7,24759.21736,3,0.002465262,2781
31.14155251,12,8,86.05287147,0.294115398,82.53,4,32951.98882,0,0.059954534,2782
45.79908676,11,29,72.28805834,0.207205914,82.15,3,30248.93497,3,0.150239799,2783
42.96803653,15,0,72.74384686,0.233531194,76.93,4,41709.01528,2,0.075777723,2784
30.0913242,13,12,77.75752051,0.281133069,84.96,4,31592.25349,1,0.057784828,2785
61.87214612,13,9,73.01731996,0.32368626,77.86,7,22656.98047,4,0.001877047,2786
29.17808219,12,1,68.59617138,0.417086909,81.07,4,40657.7634,2,0.074492039,2787
44.38356164,15,10,72.01458523,0.432232961,76.66,2,25019.92995,1,0.337996375,2788
53.74429224,16,20,61.21239745,0.416726289,81.91,3,15186.50795,3,0.075609171,2789
73.33333333,7,2,88.05834093,0.298442842,77.87,2,19262.18401,2,0.253283471,2790
53.74429224,9,1,75.47857794,0.334504868,79.71,3,26261.55154,0,0.131215115,2791
35.70776256,14,15,77.93983592,0.298082221,77.53,3,45645.00969,1,0.226944244,2792
31.91780822,12,14,75.11394713,0.227400649,82.53,4,37066.96224,0,0.06791806,2793
30.73059361,13,10,65.26891522,0.342799135,80.36,4,10813.84934,3,0.0198347,2794
72.32876712,10,2,62.26071103,0.427905517,79.58,7,35320.94545,1,0.002998567,2795
47.89954338,11,6,61.39471285,0.405186441,81.27,6,28542.00418,2,0.007347073,2796
53.10502283,12,0,55.56061987,0.491374684,75.9,3,33372.81979,2,0.165002364,2797
47.53424658,18,2,67.6390155,0.249759106,83.6,3,26859.19154,2,0.133480825,2798
38.40182648,13,3,77.02825889,0.297000361,76.89,6,29971.74446,2,0.007222059,2799
45.70776256,11,9,59.5715588,0.473704291,81.06,3,32509.93126,1,0.162233573,2800
51.46118721,13,2,65.54238833,0.344962856,78.63,1,51183.88256,2,1.843886062,2801
13.78995434,20,12,70.60164084,0.306376488,81,3,32269.06835,2,0.160643633,2802
40.54794521,20,2,74.06563355,0.302770285,76.94,7,33323.29099,1,0.003129141,2803
41.59817352,13,8,62.26071103,0.383909845,76.37,4,26277.03513,1,0.048175501,2804
28.67579909,13,6,71.87784868,0.35001154,78.52,4,35527.97427,3,0.065277033,2805
11.50684932,18,0,64.5396536,0.256610891,78.99,6,23081.83983,3,0.005326978,2806
31.18721461,15,0,54.64904284,0.383188604,81.71,4,28203.48913,2,0.052308589,2807
52.10045662,6,9,88.05834093,0.245431662,81.1,1,35377.24419,4,1.29944863,2808
54.84018265,9,6,74.02005469,0.238579877,78.56,5,36748.27037,3,0.024697132,2809
63.19634703,13,16,64.4484959,0.414201947,77.02,7,34740.43948,1,0.003072618,2810
44.47488584,8,0,52.68915223,0.433314821,81.74,4,38457.95012,3,0.070990535,2811
36.11872146,11,4,62.57976299,0.383909845,77.82,2,28248.20035,2,0.382297819,2812
95.25114155,4,3,78.07657247,0.30998269,78.31,7,28201.73534,2,0.002905961,2813
20.86757991,15,1,55.19598906,0.311425171,77.13,4,30363.14075,1,0.056073196,2814
66.39269406,9,7,49.40747493,0.444133429,78.06,5,6740.557054,2,0.00259798,2815
38.58447489,13,4,62.16955333,0.421774973,86.43,5,21612.75357,2,0.014808241,2816
46.25570776,8,12,46.7183227,0.504717634,79.64,6,45343.98698,3,0.01194006,2817
28.85844749,16,7,52.46125798,0.389319149,79.54,3,18842.78867,0,0.096352297,2818
28.99543379,20,7,52.55241568,0.280411828,87.65,1,37258.09685,1,1.377590414,2819
45.02283105,15,10,89.51686418,0.22920375,78.76,2,36834.78284,2,0.50126215,2820
74.70319635,6,0,42.06927985,0.584775334,78.03,2,22443.89357,2,0.306870693,2821
28.58447489,20,1,75.25068368,0.305294627,76.68,4,37164.64198,2,0.068057398,2822
39.8173516,17,7,62.26071103,0.307818969,78.46,1,26989.61464,1,0.992974229,2823
47.53424658,18,0,57.74840474,0.28221493,85.9,2,32108.89445,2,0.433461888,2824
42.51141553,16,0,84.68550593,0.192781103,79.98,2,33941.90305,3,0.459495412,2825
42.32876712,12,4,61.89608022,0.381746123,80.22,6,39406.01297,3,0.009398348,2826
47.48858447,14,2,41.8413856,0.745972593,78.37,5,21876.09992,2,0.013804617,2827
48.26484018,14,1,77.34731085,0.256610891,76.77,2,42688.63692,2,0.577208625,2828
38.85844749,10,7,54.32999088,0.261659574,77.13,4,18614.26809,2,0.034404845,2829
32.87671233,15,5,79.53509572,0.267429499,76.9,6,38631.0172,3,0.009890619,2830
43.24200913,19,4,62.57976299,0.288706094,80.96,2,37967.55132,1,0.512288113,2831
38.17351598,17,0,74.06563355,0.264905157,81.73,2,34379.30776,2,0.462641842,2832
35.15981735,11,2,83.68277119,0.351093401,76.8,7,42374.47086,2,0.003839545,2833
27.85388128,13,2,47.26526892,0.444133429,87,2,30701.49036,1,0.413957737,2834
56.25570776,12,13,62.16955333,0.317916336,79.23,5,41329.44355,0,0.027194499,2835
26.25570776,14,2,55.15041021,0.260938334,79.49,1,40987.10943,3,1.507345894,2836
68.35616438,8,2,64.99544211,0.33666859,78.13,4,15868.44394,3,0.029793486,2837
72.46575342,10,10,60.57429353,0.474064912,78.31,7,29171.21137,2,0.002825237,2838
40.73059361,13,10,45.67000912,0.521306167,81.42,3,39380.29135,1,0.195566783,2839
44.42922374,8,0,38.78760255,0.707746845,84.9,3,30129.02346,3,0.149678161,2840
59.8173516,14,15,48.81494986,0.560613776,79.54,7,28245.64126,3,0.002900879,2841
70.3196347,11,4,66.1349134,0.278608727,78.52,7,40019.49687,4,0.003471402,2842
45.52511416,8,3,69.73564266,0.305294627,82.37,7,38872.67956,2,0.003453591,2843
50.2739726,16,0,51.91431176,0.480556076,77.27,7,35960.9764,3,0.003227581,2844
50.1369863,13,6,73.47310848,0.288706094,82.52,1,32433.03649,1,1.183045268,2845
46.11872146,15,3,72.33363719,0.302409665,77.56,2,31603.88168,4,0.424911513,2846
32.14611872,12,2,59.98176846,0.244349802,81.26,2,22730.47091,1,0.3052942,2847
46.16438356,11,3,72.10574294,0.351454021,78.03,3,32471.86678,3,0.162583863,2848
72.55707763,7,19,47.40200547,0.438724125,83.5,6,39964.68826,1,0.009578553,2849
64.20091324,13,7,70.41932543,0.292312297,78.14,7,16229.72834,1,0.001418911,2850
56.66666667,11,14,70.69279854,0.378500541,79.23,2,26391.63169,2,0.356822655,2851
25.29680365,14,3,76.80036463,0.361190768,80.64,4,36539.89933,3,0.067701807,2852
43.19634703,9,22,73.60984503,0.40410458,80.83,4,49040.71611,3,0.090540253,2853
26.11872146,17,6,63.17228806,0.330898666,76.98,6,28164.6002,1,0.006872156,2854
62.78538813,6,5,76.89152233,0.486686621,78.44,1,33179.916,1,1.225134717,2855
49.7260274,10,7,71.96900638,0.362272629,78.14,6,35974.82174,2,0.009235359,2856
40.2283105,13,9,56.79124886,0.564219978,81.71,4,36204.54099,3,0.065892713,2857
21.87214612,15,24,47.08295351,0.804753696,78.59,1,46768.82219,1,1.734228799,2858
33.83561644,11,5,50.0911577,0.745972593,78.37,3,28135.91731,3,0.140526429,2859
45.70776256,11,9,67.41112124,0.312507032,79.17,3,26069.49687,2,0.129889248,2860
44.88584475,8,12,52.82588879,0.366960692,79.39,1,15470.41089,1,0.561457355,2861
54.65753425,9,3,56.97356427,0.469376848,76.48,7,24997.87526,2,0.002346066,2862
44.84018265,8,10,83.81950775,0.199632889,76.89,4,31213.75222,2,0.057752499,2863
61.23287671,10,1,52.18778487,0.40482582,75.98,7,33573.26994,3,0.0033047,2864
34.61187215,11,5,59.38924339,0.39076163,80.27,2,32793.25715,1,0.442575446,2865
39.8173516,9,6,76.84594348,0.492456545,78.4,1,24314.56676,2,0.898387825,2866
37.53424658,10,1,64.3573382,0.204320952,81.26,4,39996.55482,1,0.073123348,2867
41.96347032,12,2,74.52142206,0.321883159,84.62,6,13740.01304,3,0.003392937,2868
68.03652968,12,5,68.04922516,0.527797331,77.62,7,21977.37757,4,0.001890972,2869
44.42922374,12,15,57.15587967,0.366960692,78.47,7,39241.56108,1,0.003717087,2870
57.07762557,8,21,65.08659982,0.293394158,80.8,6,39242.1985,2,0.010080947,2871
43.42465753,12,1,59.20692799,0.412038226,83.63,6,42442.88524,1,0.010586467,2872
34.01826484,15,2,51.18505014,0.644998918,78.37,3,26385.04154,3,0.131340505,2873
77.57990868,4,2,54.92251595,0.427905517,86.39,7,22753.27732,3,0.001668631,2874
51.23287671,13,1,58.97903373,0.362633249,79.01,1,34626.88625,1,1.275979044,2875
51.00456621,10,15,56.3810392,0.311785792,79.43,3,27384.80767,3,0.135825197,2876
36.07305936,14,3,82.90793072,0.372009376,80.64,3,15865.87217,2,0.080377208,2877
54.01826484,12,17,54.46672744,0.388237288,75.8,1,47529.68677,2,1.720528817,2878
4.794520548,20,1,68.91522334,0.203960332,78.7,6,16238.58611,4,0.003405809,2879
48.90410959,17,16,49.13400182,0.422496213,77.78,7,29289.65176,3,0.002579531,2880
26.30136986,17,9,62.48860529,0.509405698,77.78,2,15019.86126,3,0.201188155,2881
15.02283105,20,2,76.75478578,0.224876307,79.15,3,34522.34916,0,0.170645149,2882
45.79908676,11,24,63.90154968,0.387516048,79.59,3,22420.84884,2,0.111288342,2883
66.43835616,9,2,48.90610757,0.543664623,76.99,7,26531.17709,2,0.002489056,2884
68.03652968,5,6,55.60619872,0.419611251,81.63,5,33757.00536,1,0.023817699,2885
33.92694064,12,1,55.10483136,0.2692326,79.28,4,40987.10943,3,0.075311747,2886
25.15981735,14,10,75.25068368,0.335586729,79.81,2,31463.56857,3,0.427244633,2887
34.38356164,18,23,56.92798541,0.302770285,76.89,5,30742.72504,3,0.019488771,2888
52.64840183,6,4,60.43755697,0.306376488,84.41,6,28379.66372,3,0.007430734,2889
42.96803653,15,3,77.89425706,0.362272629,81.63,1,26622.29174,4,0.979178722,2890
50.3652968,10,12,54.9680948,0.605691309,82.2,3,38340.91776,0,0.1914681,2891
48.31050228,10,7,100,0.303491525,83.07,6,41620.61868,3,0.009947029,2892
36.57534247,14,5,57.88514129,0.35037216,83.92,3,38660.09595,1,0.192253395,2893
19.40639269,16,0,51.45852325,0.421774973,79.07,2,36091.55277,2,0.488682348,2894
32.14611872,12,0,49.54421149,0.49894771,77.66,1,24135.44337,0,0.905184704,2895
27.48858447,13,0,72.19690064,0.346765957,77.57,7,41401.72298,2,0.003846037,2896
40.54794521,20,0,60.16408387,0.375615579,78.09,7,32880.40967,1,0.003116459,2897
30.1369863,16,5,44.75843209,0.556286332,84.94,6,24604.46559,3,0.00613263,2898
28.90410959,13,8,52.78030994,0.280411828,78.98,1,29232.82186,2,1.092579887,2899
59.543379,11,1,66.54512306,0.386794807,76.95,5,34274.99438,1,0.023571355,2900
49.08675799,14,1,72.15132179,0.467213127,80.42,5,41870.02622,3,0.028789198,2901
6.98630137,19,11,66.95533273,0.504717634,78.96,4,36354.48843,3,0.065771826,2902
38.17351598,17,0,68.00364631,0.294115398,77.94,2,25093.12607,3,0.339886382,2903
47.71689498,11,1,77.4840474,0.331980527,81.13,3,28145.04092,2,0.141031134,2904
53.74429224,16,15,48.90610757,0.374533718,76.18,6,21287.79968,0,0.005255821,2905
33.60730594,18,1,50.82041933,0.562777497,83.57,3,33673.57878,1,0.167541354,2906
48.81278539,10,11,77.52962625,0.185568698,84.48,3,36736.29014,4,0.183423033,2907
49.26940639,13,2,45.48769371,0.382106744,76.12,2,30732.53454,1,0.414941704,2908
29.6347032,16,7,66.77301732,0.357223945,83.64,3,33101.08572,2,0.166467316,2909
34.65753425,11,5,57.52051048,0.28221493,76.66,4,38394.55093,0,0.071028764,2910
60.54794521,10,2,62.07839562,0.371288136,77.97,2,40101.82504,1,0.543740652,2911
17.89954338,20,12,52.96262534,0.366600072,88.39,3,47592.31664,2,0.236948192,2912
36.39269406,14,11,71.42206016,0.314310133,79.2,3,28973.30331,1,0.144311407,2913
59.8173516,10,1,50.50136737,0.329095564,78.4,7,29213.84098,2,0.002906113,2914
13.69863014,17,8,62.53418414,0.258413992,75.25,4,22535.73019,0,0.040894288,2915
38.72146119,13,0,52.32452142,0.32332564,82.43,3,27520.49248,1,0.136897974,2916
27.26027397,20,3,71.23974476,0.446657771,79.58,7,40075.9287,1,0.00343974,2917
38.85844749,17,7,55.05925251,0.338471691,77.44,4,39523.6658,0,0.072388521,2918
24.70319635,18,0,59.29808569,0.355420844,83.21,6,30063.57973,3,0.007066863,2919
30.456621,16,5,83.36371923,0.337750451,78.78,3,20487.86748,1,0.102714291,2920
62.37442922,13,13,63.26344576,0.321161918,78.01,7,43558.48316,3,0.003762409,2921
73.37899543,7,10,68.50501367,0.41744753,77.02,2,22472.16746,3,0.307623472,2922
46.43835616,11,1,52.68915223,0.328374324,80.26,1,32468.86862,1,1.19173458,2923
29.08675799,16,3,64.94986326,0.395810314,80.12,3,40669.4426,2,0.201223914,2924
22.10045662,15,19,33.9562443,0.49930833,80.98,1,26597.15431,3,0.978454627,2925
38.17351598,17,3,67.13764813,0.414923188,76.05,2,32060.63407,1,0.432315046,2926
48.35616438,11,2,79.76298997,0.317555716,81.13,3,29216.41599,3,0.144311407,2927
33.74429224,18,1,95.07748405,0.256610891,79.6,6,22068.22223,1,0.005374088,2928
33.10502283,15,0,76.80036463,0.383188604,80.64,3,37935.80165,1,0.189029307,2929
54.65753425,9,7,88.46855059,0.40374396,80.75,2,45300.02702,1,0.619279393,2930
44.93150685,18,21,49.45305378,0.52599423,77.78,7,29573.35219,3,0.002778057,2931
43.60730594,12,1,61.39471285,0.510848179,83.24,3,26603.69433,2,0.132583631,2932
27.16894977,17,2,73.47310848,0.463246304,79.77,3,21253.38852,2,0.106394034,2933
36.71232877,14,3,60.30082042,0.40482582,78.04,4,39230.7768,3,0.07180187,2934
41.64383562,19,6,62.62534184,0.427544897,80.76,7,17377.62731,1,0.001966385,2935
48.26484018,7,6,61.62260711,0.48524414,77.62,1,40353.55391,1,1.480342466,2936
59.8173516,14,1,59.7538742,0.474786152,76.19,6,30982.48581,2,0.007672797,2937
27.57990868,13,30,58.47766636,0.494620267,77.83,4,38859.98557,2,0.071475002,2938
45.79908676,15,0,83.54603464,0.346405337,80.14,4,34727.77518,2,0.064498191,2939
49.22374429,14,6,63.94712853,0.246152903,81.34,2,17006.46116,2,0.23468904,2940
39.45205479,17,4,78.94257065,0.321161918,80.5,1,35006.64787,2,1.29142485,2941
42.46575342,16,1,42.57064722,0.432232961,78.99,5,8706.412078,3,0.00868878,2942
33.92694064,12,7,52.55241568,0.389319149,81.89,4,33553.47828,3,0.061183671,2943
21.73515982,15,10,81.26709207,0.291230436,80.84,4,36065.20853,2,0.065992443,2944
61.00456621,10,8,72.74384686,0.272838803,81.81,2,36048.36682,2,0.484710456,2945
14.47488584,17,3,47.76663628,0.51193004,77.67,1,32227.71314,2,1.18372104,2946
41.32420091,13,8,64.99544211,0.321161918,81.2,3,22318.12172,2,0.111669094,2947
34.10958904,11,0,81.72288058,0.29627912,80.66,7,27179.05196,0,0.002380374,2948
56.71232877,12,10,70.19143118,0.394007212,78.47,7,26424.95084,2,0.002236211,2949
24.10958904,14,4,71.05742935,0.467213127,81.02,4,27009.59537,2,0.049086168,2950
46.48401826,11,1,72.33363719,0.416726289,78.75,3,28145.04092,1,0.139944845,2951
25.25114155,14,13,47.17411121,0.438724125,76.61,4,29722.83991,3,0.054369686,2952
17.39726027,16,15,96.30811304,0.314310133,76.45,3,30415.65224,1,0.151840047,2953
20.86757991,19,7,48.95168642,0.582250992,79.2,5,28547.65842,4,0.017996512,2954
34.38356164,11,9,64.26618049,0.236416156,80.86,1,23362.5383,3,0.859867418,2955
72.32876712,10,10,59.52597995,0.423217454,76.37,7,30951.06339,2,0.002671148,2956
36.98630137,10,14,72.01458523,0.302409665,81.15,1,36377.51079,4,1.342193249,2957
24.74885845,14,0,46.03463993,0.599921385,82.72,1,31633.69064,2,1.163228518,2958
18.31050228,16,9,68.50501367,0.640671475,77.42,4,40424.93221,1,0.073595872,2959
35.29680365,11,0,60.16408387,0.231728092,79.7,1,20285.71129,2,0.744647606,2960
71.68949772,3,1,52.09662716,0.40482582,82.82,3,23861.03741,2,0.118795588,2961
26.98630137,17,2,78.8969918,0.397974035,78.1,3,20487.86748,2,0.101519828,2962
33.28767123,15,0,80.35551504,0.196387306,80.54,3,34791.75957,2,0.172539382,2963
77.85388128,4,2,56.92798541,0.487768482,79.78,6,25094.35704,3,0.006183627,2964
30.77625571,20,2,56.28988149,0.633098449,80.13,4,24371.51422,1,0.044302591,2965
19.9086758,21,6,71.1030082,0.52635485,78.49,4,53455.04511,1,0.096182586,2966
52.10045662,6,2,53.91978122,0.62083736,79.03,4,37292.12903,1,0.068210006,2967
52.64840183,6,4,80.03646308,0.224876307,79.76,1,9125.609626,2,0.387799082,2968
70.0913242,11,11,64.81312671,0.438002885,80.55,4,14139.90679,3,0.027935419,2969
21.73515982,15,9,67.50227894,0.343159755,81.1,4,27007.96639,2,0.049517866,2970
35.25114155,11,6,52.55241568,0.393285972,81.37,4,32666.80939,1,0.060177744,2971
41.55251142,9,6,57.56608933,0.2959185,83.32,4,32108.89445,2,0.059396626,2972
35.47945205,14,1,71.83226983,0.36371511,80.98,6,37935.80165,1,0.009906256,2973
44.56621005,12,2,67.22880583,0.261298954,82.66,3,28945.18111,2,0.145971234,2974
21.27853881,15,1,65.58796718,0.413120087,79.58,4,21762.5038,1,0.03965528,2975
45.20547945,11,3,71.42206016,0.247234764,84.75,3,36166.00391,1,0.178257539,2976
46.48401826,15,3,63.35460346,0.452427696,80.98,2,34007.98567,1,0.458859034,2977
47.44292237,11,1,60.43755697,0.355060224,80.13,3,32832.41769,2,0.163962378,2978
59.31506849,14,4,61.48587056,0.220548864,78.95,7,44899.07051,4,0.003784553,2979
70.1369863,7,8,49.13400182,0.422496213,84.52,2,15521.1855,3,0.217882733,2980
45.98173516,18,4,53.96536007,0.542582762,77.78,7,31087.67392,2,0.002627593,2981
31.23287671,12,10,62.16955333,0.44449405,79.3,2,37050.85688,2,0.499845233,2982
24.70319635,18,0,70.78395624,0.339192932,77.85,1,28955.34683,4,1.067633041,2983
40.91324201,13,2,73.83773929,0.269953841,78.35,3,46794.80628,2,0.231845913,2984
28.08219178,13,2,68.64175023,0.246874144,76.13,7,40589.518,1,0.003462771,2985
69.7260274,8,2,70.46490428,0.32296502,77.82,5,44362.5365,1,0.029774434,2986
12.19178082,18,4,41.61349134,0.479113595,75.5,6,25175.00869,2,0.006390507,2987
26.39269406,14,1,45.67000912,0.40482582,80.23,7,36511.61432,2,0.003219267,2988
43.19634703,8,1,72.65268915,0.258413992,76.17,4,30465.08999,4,0.055390534,2989
42.19178082,16,7,72.78942571,0.317195096,77.17,7,29454.47156,2,0.002596598,2990
51.23287671,13,14,64.85870556,0.48560476,76.48,7,34472.0838,0,0.002951247,2991
31.73515982,23,5,75.61531449,0.316473855,80.47,7,26271.61464,1,0.002139921,2992
11.00456621,18,2,51.18505014,0.487407862,77.82,1,20348.90502,2,0.750477042,2993
42.10045662,19,9,53.96536007,0.63418031,79.39,6,47156.93843,2,0.011599273,2994
48.72146119,10,10,79.89972653,0.234973675,77.93,3,32932.72392,2,0.162966111,2995
31.36986301,12,12,69.2342753,0.331619906,79.83,4,22736.38233,1,0.041833791,2996
31.82648402,15,0,73.60984503,0.318276956,79.81,3,26632.01297,3,0.132638956,2997
33.74429224,11,7,59.98176846,0.358305806,86.13,2,39765.51486,3,0.538862339,2998
70.1369863,7,2,66.1349134,0.346405337,79.65,2,50138.85333,2,0.668862533,2999
41.50684932,16,6,87.10118505,0.192781103,78.5,1,28834.57693,2,1.058850069,3000
21.32420091,19,20,52.96262534,0.478392355,76.21,3,25239.66271,3,0.125144036,3001
15.43378995,17,3,60.84776664,0.401940858,80.6,4,40808.47742,1,0.07553804,3002
14.33789954,17,1,69.14311759,0.290148576,75.07,3,26009.23275,2,0.128453569,3003
27.57990868,17,3,67.31996354,0.36407573,83.11,3,20743.33747,2,0.10348709,3004
58.49315068,8,37,76.34457612,0.405547061,76.21,2,35730.45109,2,0.483695846,3005
34.88584475,11,13,54.92251595,0.414923188,78.13,1,29989.02658,5,1.101318148,3006
39.6347032,17,8,69.4165907,0.191338622,77.91,2,27295.81652,1,0.367490582,3007
20.1826484,15,0,56.15314494,0.375976199,77.13,4,31533.39615,2,0.057497265,3008
46.16438356,11,3,72.33363719,0.351454021,76.87,6,32471.86678,3,0.007960442,3009
31.68949772,19,7,71.19416591,0.460361342,79.4,5,27487.6888,2,0.018520389,3010
30.2283105,12,0,78.12215132,0.360469528,77.29,5,21744.27302,2,0.014130092,3011
46.66666667,11,0,69.87237922,0.41780815,79.32,3,40619.77897,3,0.202036111,3012
21.55251142,15,0,63.81039198,0.556286332,78.41,4,40729.81478,2,0.074223934,3013
31.18721461,12,2,45.67000912,0.414923188,79.46,4,43852.84535,3,0.08016312,3014
35.15981735,11,0,63.90154968,0.401580238,76.56,5,46371.52752,2,0.031684809,3015
31.18721461,12,5,61.75934366,0.430429859,82.72,3,29319.10603,1,0.145497843,3016
29.40639269,16,19,60.98450319,0.420332492,76.07,2,32060.63407,2,0.433461888,3017
30.59360731,16,0,72.15132179,0.413480707,82.25,6,23226.01487,1,0.005173934,3018
35.52511416,14,6,65.86144029,0.236776776,81.34,6,22140.4259,3,0.005079611,3019
54.15525114,12,1,87.69371012,0.316113235,88.74,2,23410.34229,2,0.317149267,3020
19.9543379,16,13,72.01458523,0.302409665,76.9,7,30056.21522,2,0.002927105,3021
21.82648402,15,9,81.26709207,0.233891814,79.32,4,21267.70437,3,0.038575945,3022
17.71689498,16,1,54.9680948,0.311425171,85.9,4,33403.25512,1,0.060898366,3023
56.25570776,12,13,62.7620784,0.468294987,76.48,5,32937.21825,0,0.021224654,3024
54.79452055,5,15,71.64995442,0.378500541,79.03,7,14552.73491,1,0.00145524,3025
36.02739726,14,3,48.90610757,0.662308691,79.14,6,38304.32592,2,0.010153212,3026
29.9543379,16,0,68.00364631,0.294115398,80.46,6,36027.6632,2,0.009163566,3027
42.05479452,12,2,69.5077484,0.409513884,79.42,3,23573.00673,2,0.117438328,3028
45.02283105,15,3,57.70282589,0.387876668,81.43,4,43786.17336,0,0.080228792,3029
22.00913242,15,10,65.36007293,0.316473855,76.79,4,32342.10935,2,0.059458512,3030
17.26027397,16,0,79.03372835,0.394367833,80.4,4,31164.45231,2,0.057672738,3031
43.65296804,12,10,62.62534184,0.419250631,78.85,4,39649.80768,3,0.073173201,3032
41.68949772,19,6,66.68185962,0.340274793,76.92,2,46974.3904,2,0.637457087,3033
53.47031963,12,8,73.70100273,0.370927515,75.33,2,46273.24001,0,0.622444466,3034
65.43378995,12,1,63.26344576,0.383188604,79.08,5,28815.05953,2,0.019927301,3035
63.19634703,13,8,67.86690975,0.158882798,78.11,7,23665.66037,2,0.002293936,3036
32.92237443,11,1,49.63536919,0.470819329,81.08,1,33960.58158,3,1.256370837,3037
34.65753425,11,5,49.45305378,0.531042914,79.88,4,28875.58001,2,0.0536168,3038
40.82191781,16,2,56.51777575,0.386434187,79.49,3,33055.49189,2,0.166419156,3039
38.81278539,13,30,68.14038286,0.253365308,87.51,6,15675.47478,4,0.003598106,3040
34.38356164,11,5,74.74931632,0.369485034,82.2,4,17417.24824,2,0.032080508,3041
33.05936073,12,5,79.53509572,0.403022719,83.01,4,29660.01499,4,0.05443928,3042
46.84931507,7,15,88.46855059,0.2959185,75.35,2,40311.89652,1,0.546221487,3043
56.43835616,11,4,55.97082954,0.456394519,83.23,7,46010.30875,2,0.003846037,3044
40.73059361,16,7,55.87967183,0.317555716,79.73,2,41817.9806,2,0.56825592,3045
31.18721461,12,5,67.8213309,0.399055896,76.13,4,21651.04946,4,0.039788262,3046
32.87671233,18,11,54.19325433,0.32368626,81.49,1,28475.16001,3,1.050286812,3047
32.37442922,15,13,76.02552416,0.307097728,76.75,6,40538.78082,2,0.009471383,3048
35.93607306,11,2,62.57976299,0.426823657,81.21,2,12376.56137,3,0.162877093,3049
29.7260274,12,13,55.92525068,0.487407862,78.16,1,24135.44337,2,0.901972619,3050
31.59817352,12,5,61.94165907,0.321883159,82.12,3,27108.1286,0,0.133480825,3051
15.20547945,21,3,84.86782133,0.245071042,79.6,1,48513.29459,1,1.779344173,3052
32.87671233,19,9,55.69735643,0.368403173,79.21,5,35834.15333,2,0.024095554,3053
45.52511416,15,1,49.68094804,0.434396682,79.34,5,14874.34557,2,0.012184263,3054
29.08675799,16,7,42.023701,0.456033898,81.47,3,36093.8087,1,0.179528293,3055
46.16438356,15,18,70.00911577,0.354699603,77.03,2,38183.18091,2,0.515462917,3056
41.82648402,12,8,64.3573382,0.220188244,79.17,5,30878.79854,2,0.019411422,3057
69.36073059,8,1,58.34092981,0.421053732,83.9,2,31288.34316,1,0.424285999,3058
38.03652968,13,0,92.11485871,0.185208078,77.86,3,42630.00168,0,0.212243576,3059
46.89497717,17,4,69.91795807,0.292312297,82.66,7,47182.81461,3,0.003802181,3060
58.85844749,14,3,58.61440292,0.413480707,80.2,3,11809.79506,2,0.058797507,3061
70.50228311,11,5,40.15496809,0.461443202,76.05,7,26005.32299,2,0.002279511,3062
30.91324201,15,3,57.15587967,0.502553913,81.45,2,36109.01287,3,0.488682348,3063
41.59817352,19,12,55.97082954,0.717483592,81.06,6,46104.70299,0,0.011612324,3064
43.42465753,12,11,58.52324521,0.511208799,78.86,6,43319.38364,3,0.011125288,3065
59.9086758,11,17,79.58067457,0.292672917,77.99,2,17326.7709,3,0.232539482,3066