Safety_Score,Days_Since_Inspection,Total_Safety_Complaints,Control_Metric,Turbulence_In_gforces,Cabin_Temperature,Accident_Type_Code,Max_Elevation,Violations,Adverse_Weather_Metric,Accident_ID
52.28310502,6,20,91.20328168,0.326571223,79.96,3,14552.73491,3,0.071962069,3067
57.07762557,15,16,57.976299,0.62047674,77.34,5,31988.19599,3,0.021984843,3068
14.47488584,17,1,52.82588879,0.407350162,77.53,2,34602.27754,0,0.466552141,3069
82.23744292,7,1,59.02461258,0.362633249,83.72,3,36104.85699,3,0.179067509,3070
23.19634703,18,5,50.59252507,0.44485467,76.87,6,25797.67668,2,0.006043116,3071
32.37442922,15,1,52.91704649,0.416365669,77.35,3,20985.56407,2,0.104738442,3072
32.14611872,12,0,49.63536919,0.470819329,77.9,1,38579.38594,3,1.428695679,3073
32.69406393,12,0,41.43117593,0.598118283,80.78,3,45075.27812,1,0.225684231,3074
56.71232877,15,12,59.6627165,0.423217454,79.37,7,33387.84831,3,0.003266238,3075
58.49315068,11,2,73.47310848,0.297360981,76.93,1,28185.91047,2,1.050286812,3076
30.91324201,16,0,76.52689152,0.386434187,79.81,3,23102.25768,2,0.114217418,3077
54.06392694,12,7,61.94165907,0.507241976,80.07,5,43914.07682,1,0.030324009,3078
37.99086758,13,1,77.02825889,0.294476019,81.25,3,22597.09595,1,0.111428701,3079
58.76712329,14,1,65.13217867,0.293033538,78.95,1,39242.1985,1,1.445692578,3080
17.35159817,16,6,69.55332726,0.224876307,80.92,1,32421.10812,1,1.194462924,3081
31.68949772,19,0,57.83956244,0.311425171,77.94,3,40114.36097,4,0.199589398,3082
51.36986301,17,5,55.97082954,0.462525063,77.4,7,31087.67392,2,0.002670871,3083
29.7260274,13,4,84.22971741,0.301327804,77.11,4,27037.41641,1,0.04891531,3084
30.50228311,12,0,64.17502279,0.5130119,77.56,4,35012.5426,0,0.063739608,3085
48.99543379,10,8,56.92798541,0.47190119,84.42,6,18675.63846,0,0.004280063,3086
34.74885845,15,8,68.00364631,0.367321313,79.01,7,55360.35692,2,0.004804808,3087
43.65296804,9,8,73.47310848,0.311064551,80.71,3,33257.59519,0,0.165002364,3088
50.2739726,10,4,48.72379216,0.384991706,78.06,3,32121.25593,2,0.160120932,3089
61.64383562,10,0,83.54603464,0.237858637,79.83,2,44244.90346,3,0.59906899,3090
66.11872146,12,5,60.16408387,0.306376488,78.36,7,30653.9244,5,0.002671148,3091
26.71232877,17,8,64.3573382,0.330538045,77.58,3,27480.06557,1,0.135850462,3092
36.34703196,14,2,52.41567912,0.456033898,78.47,7,33289.17764,1,0.003116459,3093
56.11872146,8,1,75.8887876,0.243989181,81.53,1,26632.01297,4,0.972402663,3094
29.26940639,13,0,45.67000912,0.509405698,77.16,4,29502.76342,1,0.053398411,3095
11.87214612,18,4,61.30355515,0.407350162,78.96,7,31647.88432,2,0.002871009,3096
34.47488584,14,17,72.01458523,0.179438154,79.86,3,29310.95524,1,0.14544715,3097
52.96803653,9,11,69.87237922,0.475146772,79,3,27563.66577,1,0.138218629,3098
33.78995434,11,6,72.88058341,0.33666859,82.21,4,27780.21019,3,0.050651588,3099
48.90410959,14,7,37.64813127,0.605691309,86.59,5,41873.48841,2,0.028192033,3100
25.98173516,14,4,60.34639927,0.281493689,76.4,4,43870.35704,2,0.079641622,3101
31.36986301,12,12,67.7301732,0.39040101,79.08,5,29273.78101,3,0.019846267,3102
68.67579909,11,6,52.55241568,0.590184638,82.13,6,38340.91776,1,0.009714363,3103
46.21004566,11,0,62.7620784,0.280051208,79.15,4,21402.76011,3,0.039250074,3104
48.72146119,10,0,61.21239745,0.639950234,76.79,3,10393.05475,2,0.056017301,3105
35.89041096,14,4,56.06198724,0.345323476,79.97,3,32121.25593,3,0.160237023,3106
33.65296804,15,6,69.55332726,0.230646232,77.1,3,24386.64992,1,0.123395575,3107
49.45205479,17,5,86.23518687,0.333783628,79.81,7,28356.8132,1,0.002627593,3108
30.59360731,19,1,64.31175934,0.438363505,78.63,5,30685.69822,3,0.019551683,3109
18.76712329,16,2,74.15679125,0.238940498,80.78,1,35006.64787,3,1.295201557,3110
72.78538813,10,1,59.16134913,0.312507032,78.97,7,28183.32313,3,0.002775954,3111
76.66666667,6,21,74.33910665,0.274281284,75.94,1,33959.19162,3,1.257535214,3112
42.42009132,12,15,53.60072926,0.524191129,83.73,3,34305.08534,2,0.170783216,3113
40.68493151,13,6,75.47857794,0.39112225,77.65,6,49461.7986,2,0.012272565,3114
49.7260274,7,0,78.07657247,0.281133069,79.01,4,41279.15695,2,0.075186324,3115
50.3196347,6,1,78.07657247,0.241104219,77.85,5,28684.06764,1,0.018701491,3116
69.9543379,11,1,64.26618049,0.319358817,81.85,6,28153.68356,2,0.006446075,3117
27.39726027,13,6,51.04831358,0.581529751,81.44,1,41465.64764,3,1.507831491,3118
67.30593607,12,3,72.74384686,0.390040389,78.56,5,42842.03827,3,0.028632141,3119
51.23287671,13,1,57.38377393,0.303852146,77.2,2,37713.77228,3,0.513039501,3120
41.68949772,19,8,72.88058341,0.259135233,80.06,7,33425.22558,2,0.003264625,3121
31.55251142,19,11,76.80036463,0.380303642,82.82,4,30719.49911,2,0.056055804,3122
73.51598174,10,19,57.52051048,0.356863325,83.72,7,39189.47804,3,0.003531581,3123
50.4109589,10,0,73.06289881,0.272117562,82.58,6,39280.63845,3,0.00967034,3124
28.94977169,13,4,62.26071103,0.443772809,82.72,4,24892.55613,2,0.046270675,3125
27.12328767,17,1,57.29261623,0.438724125,83.58,7,23842.43249,1,0.002346066,3126
63.10502283,6,7,52.64357338,0.284739272,77.16,2,31487.55674,4,0.427069261,3127
61.64383562,10,5,70.32816773,0.325849982,76.45,5,34292.35232,2,0.022836769,3128
36.02739726,11,3,46.03463993,0.60677317,86.47,4,33871.58628,3,0.062135441,3129
22.32876712,15,14,81.76845943,0.355060224,89.19,4,47592.31664,2,0.086596342,3130
44.52054795,8,10,62.26071103,0.332701767,77.13,4,58297.48027,0,0.100579962,3131
47.48858447,14,8,49.81768459,0.346405337,78.32,2,36091.55277,2,0.489011563,3132
54.24657534,5,2,55.65177758,0.604970069,81.79,3,27569.72084,3,0.137550418,3133
43.28767123,12,10,70.14585232,0.410956365,78.31,3,33346.97171,1,0.166467316,3134
30.82191781,16,14,57.01914312,0.53897656,80.92,5,43914.07682,3,0.029114544,3135
30.59360731,12,1,68.64175023,0.413480707,79.7,6,40657.7634,2,0.010244545,3136
66.57534247,8,2,37.28350046,0.680339704,84.9,1,31618.56842,2,1.155226839,3137
39.26940639,10,5,75.93436645,0.293394158,79.81,4,35683.77174,3,0.064897763,3138
56.57534247,11,14,70.19143118,0.4044652,80.42,2,41708.64183,3,0.567201133,3139
25.11415525,14,11,65.58796718,0.391843491,77.68,4,36305.793,1,0.065791916,3140
43.42465753,12,2,57.52051048,0.465770646,84.42,6,45002.00793,3,0.011408998,3141
71.68949772,4,19,56.24430264,0.356863325,81.62,2,37411.15314,3,0.505802786,3142
44.01826484,15,3,67.68459435,0.262741435,76.93,2,20061.5449,2,0.270944894,3143
44.88584475,8,0,58.52324521,0.468655608,82.8,4,25050.0245,2,0.046270675,3144
40.63926941,9,3,41.02096627,0.543304003,80.15,1,34325.61508,3,1.263655082,3145
38.63013699,13,1,56.15314494,0.372369996,80.77,3,21268.83955,0,0.105814391,3146
62.46575342,10,15,73.65542388,0.335947349,80.42,2,37297.0932,4,0.504117435,3147
49.5890411,7,3,75.84320875,0.368763794,79.3,3,34132.24122,2,0.170899114,3148
10.86757991,18,2,44.02917046,0.432232961,81.14,2,27376.17224,2,0.369357073,3149
24.79452055,14,0,55.78851413,0.30926145,81.78,4,37014.21695,2,0.067279984,3150
26.57534247,17,8,82.08751139,0.221630725,79.83,2,42639.23444,2,0.577773876,3151
26.11872146,17,11,70.55606199,0.293394158,79.75,7,47749.65422,4,0.004746738,3152
63.65296804,10,1,54.28441203,0.457476379,79.1,2,11806.55067,2,0.146846222,3153
55.93607306,12,1,88.60528715,0.151670393,82.45,2,12091.87438,2,0.163093376,3154
57.71689498,11,0,77.07383774,0.240022358,81.53,1,25956.9935,1,0.956487163,3155
44.06392694,12,4,66.77301732,0.246513523,82.53,1,23291.3274,1,0.862834891,3156
32.60273973,12,21,67.45670009,0.276084385,87.51,4,26813.18457,2,0.048984932,3157
63.15068493,6,6,48.13126709,0.560613776,78.31,6,32768.27946,2,0.007732087,3158
40.86757991,13,0,64.22060164,0.331259286,78.71,2,39030.56545,2,0.524659159,3159
56.30136986,8,1,80.85688241,0.232449333,77.08,3,28890.15257,2,0.141555438,3160
37.21461187,10,4,60.39197812,0.343159755,75.21,4,30231.99932,2,0.0560106,3161
26.34703196,17,14,62.89881495,0.492095925,83.1,3,19618.54857,3,0.097707223,3162
21.96347032,15,5,49.08842297,0.582250992,82.27,4,32372.42226,0,0.059016717,3163
57.07762557,11,22,51.04831358,0.581529751,79.75,3,10571.27058,3,0.053838986,3164
40.4109589,20,1,42.79854148,0.432232961,79.56,6,8706.412078,3,0.002792542,3165
58.44748858,4,7,74.43026436,0.468655608,75.96,2,33309.94,3,0.449741029,3166
44.56621005,15,7,48.22242479,0.660144969,79.06,1,38365.13105,1,1.411538428,3167
14.52054795,17,8,63.67365542,0.556286332,80.02,4,44977.61376,3,0.081070592,3168
48.35616438,11,0,79.85414768,0.358305806,88.47,6,831.6955534,2,0.001206359,3169
15.84474886,17,3,88.05834093,0.279329968,78.23,1,38564.12923,2,1.426759956,3170
47.99086758,11,1,56.15314494,0.556646953,87.34,6,44189.17829,1,0.010519625,3171
42.69406393,12,6,76.07110301,0.305294627,81.27,5,24377.04536,1,0.016709,3172
38.44748858,17,3,59.29808569,0.439084746,79.56,2,32230.50007,0,0.437152374,3173
4.657534247,20,0,65.31449407,0.312507032,83.73,4,25287.04579,3,0.045618295,3174
11.32420091,18,4,56.10756609,0.338111071,79.71,4,47245.23447,3,0.086596342,3175
54.70319635,12,1,40.29170465,0.590905878,79.35,2,44821.40067,4,0.605991663,3176
62.28310502,13,5,54.7857794,0.476589254,75.9,7,48071.56323,3,0.004383559,3177
65.29680365,13,16,70.41932543,0.394007212,78.51,2,9065.404171,2,0.115046549,3178
43.24200913,19,12,72.88058341,0.351814641,83.08,7,18487.78718,2,0.001588247,3179
78.67579909,9,5,63.26344576,0.49894771,77.62,3,23340.34701,3,0.116154201,3180
47.57990868,11,10,70.19143118,0.391482871,79.77,6,26277.03513,2,0.006715818,3181
46.11872146,8,8,67.41112124,0.219827624,77.13,1,33848.16112,1,1.242204645,3182
32.05479452,15,3,62.07839562,0.344962856,81,2,48525.86034,2,0.653900333,3183
82.78538813,7,21,82.1786691,0.199272268,84.83,6,42820.72134,2,0.010519625,3184
52.42009132,16,3,53.73746582,0.491374684,76.79,7,26534.35538,4,0.002338856,3185
20.86757991,19,2,77.34731085,0.344602236,76.75,1,19621.87595,2,0.723355682,3186
59.6803653,14,12,54.83135825,0.607855031,76.19,2,40421.43339,0,0.545562193,3187
19.22374429,16,3,75.47857794,0.238219257,79.8,1,26701.6895,5,0.986401935,3188
45.20547945,11,16,72.24247949,0.493899026,77.59,6,43188.4587,1,0.01056921,3189
76.84931507,9,16,63.53691887,0.321883159,82.14,5,26727.9541,0,0.018398826,3190
56.66666667,15,12,57.52051048,0.372009376,82,7,18487.78718,4,0.001777076,3191
48.81278539,10,7,68.32269827,0.162849621,79.08,3,25093.12607,3,0.123995002,3192
60.3652968,10,0,57.65724704,0.399055896,78.11,2,28929.74467,2,0.390799415,3193
22.92237443,23,4,67.95806746,0.386073567,79.58,4,12598.36415,0,0.023444554,3194
52.92237443,9,3,73.33637192,0.434396682,85.72,4,26335.2238,2,0.048461958,3195
23.10502283,14,15,54.28441203,0.416005049,77.9,4,28798.04809,2,0.054106566,3196
34.84018265,14,5,51.41294439,0.303130905,82.3,3,22539.71669,1,0.112198794,3197
41.14155251,9,8,72.37921604,0.4311511,81.44,4,35683.71709,0,0.065037421,3198
45.47945205,15,5,66.86417502,0.263823296,79.47,2,51474.87118,3,0.715453969,3199
32.37442922,12,21,47.17411121,0.721450415,83.58,4,43803.43611,3,0.080033485,3200
27.85388128,13,3,67.27438469,0.327292463,79.06,4,35500.56303,3,0.065318112,3201
37.53424658,14,4,63.67365542,0.320440678,78.09,4,24523.42154,2,0.044304207,3202
33.01369863,18,2,74.93163172,0.222351965,77.47,7,28852.46558,2,0.002792163,3203
37.76255708,14,4,54.46672744,0.372009376,82.99,2,26172.17823,3,0.355282942,3204
27.85388128,13,5,67.27438469,0.304212766,76.33,4,34218.50192,1,0.062656264,3205
69.36073059,8,0,76.48131267,0.474425532,86.58,2,40898.70672,3,0.554227832,3206
47.03196347,14,2,65.08659982,0.321883159,78.82,5,36656.54735,5,0.024540663,3207
56.07305936,15,0,86.9644485,0.289066715,80.65,7,38986.28694,2,0.003665215,3208
63.69863014,6,0,58.84229717,0.492456545,79.39,2,26033.54538,2,0.352167585,3209
51.55251142,17,8,59.79945305,0.474786152,78.87,7,31108.87857,3,0.002908779,3210
63.92694064,13,0,56.15314494,0.345323476,77.2,7,42105.72256,3,0.003804788,3211
29.8173516,16,6,47.17411121,0.491014064,81.45,1,19507.22393,4,0.728658038,3212
49.36073059,7,8,70.00911577,0.251562207,81.1,4,21376.9967,3,0.039250074,3213
54.84018265,8,40,63.90154968,0.394007212,79.59,7,45751.98341,3,0.003950216,3214
57.53424658,8,0,80.62898815,0.232449333,78.72,1,29451.42975,2,1.078689907,3215
43.37899543,12,7,41.43117593,0.725417238,79.14,2,35589.59362,1,0.482865676,3216
35.06849315,11,6,56.79124886,0.529600433,80.92,1,31787.11525,3,1.166774798,3217
32.92237443,12,2,50.86599818,0.502553913,78.16,4,27296.49509,0,0.050222997,3218
29.40639269,13,5,52.32452142,0.280411828,77.92,4,18799.48957,4,0.034724489,3219
70.4109589,11,1,68.64175023,0.40482582,79.61,7,22248.33504,2,0.001584634,3220
38.44748858,17,22,67.36554239,0.324768121,78.18,6,42630.26185,1,0.011079494,3221
41.18721461,13,3,94.07474932,0.261659574,83.65,5,39455.08099,2,0.025793732,3222
9.360730594,19,9,58.56882407,0.478392355,77.51,3,34198.75696,3,0.170645149,3223
34.01826484,15,1,21.14858706,0.804753696,77.64,3,44182.83316,2,0.220238164,3224
20.456621,15,2,65.90701914,0.588020916,79.58,4,22183.25721,2,0.041271889,3225
40.54794521,20,1,50.36463081,0.438002885,78.09,2,35845.56311,1,0.484430432,3226
43.33333333,15,4,49.81768459,0.408432023,82.66,2,36091.55277,3,0.490557059,3227
42.10045662,16,28,77.43846855,0.352535882,86.43,2,37806.18417,1,0.512288113,3228
43.78995434,15,3,88.46855059,0.217663902,75.68,6,33027.73959,2,0.008116929,3229
63.88127854,13,2,62.35186873,0.402662099,85.42,7,29247.49081,2,0.002719953,3230
54.52054795,8,6,55.65177758,0.503635774,75.67,2,35000.86211,1,0.47352544,3231
44.56621005,8,7,49.63536919,0.33666859,80.4,7,40130.08667,2,0.00371164,3232
32.92237443,11,1,71.78669098,0.339914172,79.14,4,45031.08404,1,0.081535051,3233
4.292237443,21,0,73.10847767,0.267068878,84.78,1,24287.31335,0,0.894482923,3234
54.52054795,9,3,34.91340018,0.611100613,79.17,3,24626.23299,0,0.123159948,3235
39.7260274,17,17,80.62898815,0.231006852,78.47,6,21267.70437,2,0.005335316,3236
47.99086758,14,0,47.72105743,0.634901551,78.37,1,41504.7739,3,1.526875303,3237
6.98630137,19,5,69.64448496,0.199632889,79.07,6,38288.40401,3,0.009779937,3238
50.77625571,10,18,62.26071103,0.52527299,83.73,3,25800.58899,3,0.12803262,3239
31.18721461,15,0,79.85414768,0.22884313,78.46,3,30009.46308,2,0.149641084,3240
17.57990868,16,9,65.58796718,0.28257555,78,4,23004.89479,3,0.042283526,3241
22.92237443,15,0,59.38924339,0.391482871,83.41,1,26365.38632,2,0.978454627,3242
64.56621005,9,11,73.65542388,0.39112225,79.26,2,38977.28414,1,0.527487411,3243
43.92694064,15,0,79.21604376,0.218385142,76.41,5,15282.22481,1,0.010807266,3244
36.30136986,14,2,64.49407475,0.302409665,78.63,3,34827.81947,1,0.173410918,3245
49.08675799,14,4,72.15132179,0.380303642,78.62,6,30270.45316,2,0.007428356,3246
39.17808219,13,3,74.15679125,0.328734944,78.59,3,37415.3741,1,0.186511988,3247
51.05022831,10,5,69.09753874,0.315752614,82.14,1,33523.70234,1,1.236389684,3248
46.62100457,18,4,64.22060164,0.488850343,83.01,7,13790.87447,2,0.001431979,3249
69.543379,8,37,45.89790337,0.785640822,79.66,7,35730.45109,2,0.003019385,3250
39.6347032,17,17,76.89152233,0.425020555,80.43,2,39903.49673,3,0.542924326,3251
29.7260274,13,8,52.32452142,0.304573386,77.39,4,29232.82186,1,0.052585036,3252
52.37442922,13,0,68.14038286,0.280411828,84.29,5,38523.05864,3,0.026480979,3253
28.90410959,13,0,48.72379216,0.520945546,81.44,3,38814.6941,3,0.193464832,3254
41.09589041,16,5,53.69188696,0.619394879,79.61,2,29498.43012,4,0.398856117,3255
39.45205479,13,0,53.0993619,0.2692326,77.92,3,26685.29636,1,0.132638956,3256
41.32420091,16,7,71.55879672,0.333423008,76.96,6,21154.85773,4,0.005395942,3257
35.34246575,11,6,67.18322698,0.463967544,80.75,4,21270.90865,1,0.038953159,3258
60.1826484,14,9,39.88149499,0.459279481,77.62,4,34947.39628,2,0.06444701,3259
34.84018265,14,9,58.75113947,0.445936531,83.64,6,29784.74647,2,0.007058452,3260
62.00913242,10,2,66.49954421,0.386794807,80.72,5,30752.6338,4,0.020456608,3261
31.68949772,15,11,53.64630811,0.388597908,81.68,5,23999.4411,3,0.015199357,3262
39.8173516,9,0,75.38742024,0.375254959,80.21,5,25934.11849,1,0.016972183,3263
48.85844749,14,1,68.77848678,0.274641904,77.01,7,39093.61789,1,0.003493902,3264
31.50684932,16,4,66.27164995,0.41744753,82.33,1,32337.3177,1,1.186768068,3265
31.96347032,12,2,73.51868733,0.388958529,76.35,1,41633.65396,2,1.531136994,3266
62.00913242,13,1,56.83682771,0.572514245,82.64,7,27646.14645,2,0.002155988,3267
51.64383562,9,3,88.92433911,0.276805626,77.53,4,29664.81179,2,0.054802469,3268
40.77625571,16,6,54.74020055,0.467213127,81.89,7,28284.38506,1,0.002836763,3269
60.54794521,14,11,80.5834093,0.293394158,77.41,7,48820.27336,2,0.004746738,3270
20.2739726,15,2,65.99817685,0.55340137,80.44,4,22183.25721,2,0.040894288,3271
44.84018265,8,2,70.9206928,0.352535882,78.04,3,23340.34701,1,0.117866214,3272
24.79452055,14,7,40.29170465,0.72794158,82.49,1,48855.48982,1,1.78470437,3273
29.22374429,13,1,69.87237922,0.224876307,86.43,4,11328.56848,3,0.020194338,3274
33.92694064,11,7,69.09753874,0.462525063,82.73,4,35214.81917,2,0.063723766,3275
9.589041096,18,19,85.5515041,0.211893978,76.96,1,31250.15837,0,1.142419445,3276
26.34703196,17,1,49.58979034,0.439445366,77.95,1,40347.88666,2,1.498155311,3277
89.08675799,5,10,63.90154968,0.339914172,77.98,7,41242.37247,0,0.003749465,3278
30.3196347,12,1,48.90610757,0.514093761,78.63,1,31195.58135,3,1.147621303,3279
56.75799087,8,2,65.08659982,0.43151172,80.72,3,27093.54456,1,0.133100818,3280
53.10502283,13,0,55.56061987,0.491374684,78.83,3,16039.40439,2,0.078991526,3281
51.91780822,13,8,78.94257065,0.343159755,80.26,2,37142.30568,0,0.50126215,3282
26.30136986,14,4,89.10665451,0.275002524,79.71,2,28568.16252,0,0.387182417,3283
40.82191781,9,20,49.45305378,0.515536242,77.9,1,39565.83448,1,1.459713058,3284
19.49771689,16,3,71.64995442,0.388958529,80.4,4,20106.73039,4,0.036868062,3285
47.53424658,11,6,66.40838651,0.395449693,81.69,3,39675.1875,1,0.197627289,3286
58.31050228,11,1,50,0.752463758,76.01,2,35070.33319,1,0.475322666,3287
52.37442922,13,4,61.94165907,0.381746123,78.67,2,47251.58278,2,0.63974034,3288
59.45205479,14,15,85.59708295,0.346405337,77.08,7,34472.0838,2,0.003212363,3289
45.15981735,11,6,71.42206016,0.450624594,79.53,6,43188.4587,1,0.010751682,3290
55.43378995,12,8,64.67639015,0.425020555,81.12,1,33346.17487,2,1.228228173,3291
22.37442922,18,5,59.02461258,0.335586729,75.59,2,32314.57738,0,0.436192386,3292
35.43378995,11,34,60.02734731,0.527797331,74.82,2,46273.24001,1,0.62857432,3293
17.48858447,16,1,45.80674567,0.514093761,81.05,4,36240.43788,2,0.065892713,3294
68.12785388,8,3,75.29626253,0.288345474,83.1,6,38792.57767,2,0.010438892,3295
36.98630137,10,7,65.08659982,0.441969708,81.45,4,41695.97518,3,0.075829901,3296
71.68949772,7,0,60.84776664,0.328374324,78.17,2,28929.74467,2,0.39114073,3297
28.94977169,13,4,78.66909754,0.243989181,82.38,4,46445.7091,1,0.084201795,3298
25.57077626,14,0,48.58705561,0.850913091,82.99,1,22888.0825,3,0.832852166,3299
46.66666667,18,0,69.64448496,0.33702921,79.01,3,34758.93444,1,0.172520705,3300
41.68949772,19,11,82.86235187,0.436199784,76.69,2,28473.78615,3,0.384350598,3301
56.11872146,15,0,76.07110301,0.387876668,77.25,7,37351.50747,0,0.003546872,3302
72.92237443,10,7,67.45670009,0.427905517,76.13,7,28091.64011,4,0.002697681,3303
22.73972603,15,4,47.21969006,0.610739993,79.46,1,42565.85071,2,1.576973319,3304
36.57534247,14,7,79.21604376,0.254086549,83.41,5,31398.41154,3,0.021553358,3305
34.88584475,11,5,43.07201459,0.518421204,82.7,1,34595.36334,2,1.279502423,3306
36.62100457,10,10,76.57247037,0.374533718,81.01,3,31239.85379,2,0.156527897,3307
37.21461187,10,2,57.83956244,0.2959185,82.31,7,44502.49662,3,0.004009417,3308
80.3196347,8,20,53.00820419,0.481998558,78.33,7,39867.474,3,0.003665215,3309
36.43835616,17,3,74.88605287,0.326571223,80.14,5,48535.65619,1,0.033163543,3310
79.17808219,8,30,54.05651778,0.436199784,85.02,7,30637.07084,4,0.002852923,3311
32.87671233,15,7,78.53236098,0.39112225,78.31,6,40714.30676,3,0.010247916,3312
61.32420091,10,0,65.36007293,0.503635774,82.67,2,35580.6487,2,0.483125215,3313
19.9086758,16,3,65.90701914,0.236776776,83.17,4,27607.90091,3,0.050710543,3314
63.97260274,13,0,56.15314494,0.537534079,82.64,7,20265.04262,1,0.001753882,3315
18.90410959,19,14,66.49954421,0.380303642,79.59,3,33896.02326,2,0.168314611,3316
27.89954338,13,2,65.95259799,0.422856834,78.63,5,21403.66992,2,0.013804617,3317
58.08219178,11,3,53.78304467,0.457476379,84.52,2,35695.81182,1,0.483695846,3318
36.07305936,17,1,72.78942571,0.219106383,76.8,7,50476.52682,3,0.004729735,3319
21.23287671,15,4,62.16955333,0.380303642,81,6,28465.35424,3,0.007428356,3320
66.25570776,12,14,74.02005469,0.181962495,82,3,27658.72343,0,0.137841679,3321
20.2283105,15,3,41.56791249,0.735153985,81.45,4,31682.67094,2,0.057359255,3322
38.08219178,17,5,78.48678213,0.281133069,75.69,4,48882.99695,3,0.089532332,3323
44.79452055,8,3,52.82588879,0.325849982,77.16,4,32722.02991,2,0.059669777,3324
44.38356164,15,1,48.04010939,0.516618103,78.29,2,27716.34617,2,0.375592449,3325
21.78082192,15,0,69.96353692,0.240022358,81.87,4,32421.10812,1,0.0586746,3326
49.8173516,10,10,66.27164995,0.461082582,84.01,6,24783.15015,0,0.006181037,3327
19.7260274,16,6,55.33272562,0.319358817,81.39,5,33914.11688,2,0.022836769,3328
37.67123288,14,0,74.74931632,0.249759106,77.08,3,37178.37697,1,0.184157787,3329
9.589041096,19,1,70.60164084,0.291230436,75.25,4,12642.68202,2,0.023566018,3330
37.26027397,14,5,65.67912489,0.267790119,80.22,6,38340.12169,2,0.010337571,3331
46.11872146,8,5,71.42206016,0.358666426,83.12,4,15088.78111,2,0.026315847,3332
22.19178082,18,4,68.04922516,0.240022358,80.98,6,42760.64013,3,0.010582328,3333
42.78538813,9,1,85.18687329,0.304573386,82.74,1,32529.7644,1,1.194462924,3334
68.08219178,8,5,45.44211486,0.476589254,76.12,2,33595.01061,3,0.456408006,3335
40.77625571,9,1,54.05651778,0.592348359,75.78,4,29502.76342,2,0.053900361,3336
69.7260274,8,15,70.23701003,0.395449693,77.91,5,36421.57363,2,0.025344491,3337
19.45205479,19,0,64.5396536,0.272838803,81.48,3,24689.72019,0,0.1217547,3338
67.44292237,12,6,61.66818596,0.314670754,77.09,7,30442.0287,2,0.002733575,3339
30.91324201,12,16,58.97903373,0.345323476,84.48,3,27007.96639,3,0.13428819,3340
24.88584475,14,5,82.90793072,0.199632889,79.33,4,32693.57769,2,0.059831348,3341
52.64840183,6,1,66.72743847,0.330538045,79.63,4,24317.56146,0,0.044928916,3342
41.78082192,16,8,53.00820419,0.518781825,78.55,1,17945.36172,3,0.664870454,3343
44.47488584,15,0,80.03646308,0.218385142,76.41,2,31078.83336,3,0.417407396,3344
31.09589041,12,3,56.28988149,0.463606924,84.8,4,36727.66458,1,0.06748373,3345
59.543379,14,2,72.4247949,0.386434187,76.79,7,23744.06931,2,0.002239088,3346
4.931506849,20,0,70.28258888,0.203960332,78.37,6,36566.39648,2,0.008317076,3347
37.76255708,10,12,64.12944394,0.319358817,77.51,4,38615.12656,2,0.070480184,3348
40.59360731,13,2,82.45214221,0.17438947,80.53,5,14519.24189,2,0.010951118,3349
44.20091324,8,1,32.72561531,0.619394879,80.15,5,26706.85438,1,0.018701491,3350
49.26940639,7,7,62.71649954,0.409513884,83.73,3,44417.40704,1,0.217998521,3351
45.20547945,15,0,83.91066545,0.186650559,86.08,5,40745.76859,3,0.027294498,3352
27.16894977,17,18,54.23883318,0.40410458,80.67,7,21763.4376,2,0.001952738,3353
60.1369863,14,17,60.61987238,0.335586729,80.07,6,42860.16108,3,0.010623972,3354
44.93150685,15,2,60.71103008,0.318276956,78.95,2,36133.3387,2,0.492287323,3355
50.50228311,10,7,68.77848678,0.200354129,75.13,3,48288.14244,2,0.243055287,3356
37.07762557,14,12,58.84229717,0.605691309,79.06,3,47156.93843,2,0.236948192,3357
77.57990868,4,2,88.46855059,0.231367472,75.96,7,43442.14511,2,0.003967747,3358
40,20,4,70.55606199,0.232449333,81.61,2,38976.44191,1,0.524659159,3359
44.47488584,8,9,60.57429353,0.48524414,80.07,4,36056.32474,3,0.065992443,3360
52.37442922,9,14,50.91157703,0.645359538,76.63,6,21681.66127,3,0.00551074,3361
20.50228311,19,0,66.40838651,0.523469888,77.4,3,36624.27963,2,0.182930119,3362
47.48858447,7,6,61.62260711,0.48524414,77.62,4,52779.502,4,0.096676664,3363
53.51598174,12,8,80.674567,0.319358817,83.11,2,24809.90577,3,0.335627809,3364
54.79452055,12,1,63.71923428,0.494620267,77.16,5,33372.81979,3,0.022134346,3365
35.25114155,11,14,55.46946217,0.395089073,83.68,4,23999.4411,2,0.043062945,3366
52.64840183,6,4,58.47766636,0.29627912,82.04,7,24455.02501,2,0.002500161,3367
57.48858447,8,2,67.7301732,0.374894338,77.1,5,28602.60429,3,0.018364692,3368
42.51141553,16,3,62.7620784,0.47190119,81.39,5,19433.6328,2,0.013493038,3369
53.28767123,16,1,82.95350957,0.271396322,78.11,6,37253.90537,0,0.00880519,3370
25.66210046,21,2,67.95806746,0.395810314,82.2,7,35247.2888,3,0.003067314,3371
53.15068493,13,0,71.37648131,0.247234764,81.61,5,24750.65116,4,0.017035891,3372