Safety_Score,Days_Since_Inspection,Total_Safety_Complaints,Control_Metric,Turbulence_In_gforces,Cabin_Temperature,Accident_Type_Code,Max_Elevation,Violations,Adverse_Weather_Metric,Accident_ID
31.96347032,15,1,63.71923428,0.334865489,84.1,3,47530.90621,3,0.234985281,3373
43.65296804,15,4,53.0993619,0.311064551,77.33,4,24451.81962,1,0.044790941,3374
31.32420091,15,0,79.85414768,0.22812189,79.34,3,27724.25601,1,0.137228469,3375
47.89954338,17,12,49.04284412,0.251201587,79.31,7,9966.281392,2,0.001431979,3376
36.02739726,14,4,61.39471285,0.456033898,77.6,4,29589.38541,2,0.054106566,3377
42.83105023,15,18,72.24247949,0.205042193,80.05,1,28923.90026,1,1.063964317,3378
54.10958904,16,0,70.19143118,0.308900829,76.94,7,4203.266373,3,0.001152863,3379
39.40639269,10,2,89.24339107,0.266708258,79.17,4,9764.863991,4,0.017804095,3380
41.46118721,9,1,72.37921604,0.421774973,79.93,4,49951.14276,0,0.090592444,3381
54.88584475,15,4,76.52689152,0.492095925,86.57,7,16629.63373,2,0.000502774,3382
28.49315068,16,9,70.9206928,0.229924991,76.86,3,38759.51907,2,0.193589505,3383
40.91324201,16,5,65.58796718,0.278969347,78.05,1,24895.08848,1,0.925208521,3384
28.99543379,16,2,66.2260711,0.438724125,84.72,3,24242.43199,4,0.119911593,3385
39.49771689,13,0,76.29899727,0.335226109,77.83,3,13134.80476,2,0.063996525,3386
28.90410959,13,0,48.72379216,0.634901551,78.37,4,44182.83316,3,0.081070592,3387
25.25114155,17,0,76.80036463,0.20215723,80.78,4,29033.79042,0,0.052851711,3388
29.40639269,13,19,85.96171376,0.216582041,85.3,4,21267.70437,2,0.038347765,3389
44.42922374,15,0,86.78213309,0.295197259,77.49,6,45783.52766,1,0.011328329,3390
11.50684932,18,3,85.96171376,0.211893978,74.86,1,27464.48878,1,1.01040812,3391
47.16894977,11,9,65.77028259,0.578644789,78.31,3,29365.0115,2,0.147133673,3392
44.84018265,8,0,58.38650866,0.488489722,83.33,4,23360.58611,2,0.042626969,3393
31.05022831,16,0,67.59343665,0.245071042,84.4,3,25170.33063,2,0.125717902,3394
46.25570776,8,8,66.2260711,0.28329679,83.51,4,28222.68698,2,0.052254272,3395
45.89041096,11,4,82.90793072,0.317916336,83.12,6,29272.47245,3,0.007594776,3396
38.85844749,17,9,52.73473108,0.433314821,83.43,2,28044.29546,1,0.38116485,3397
68.40182648,8,2,75.29626253,0.312867652,78.78,4,29157.10744,2,0.05310589,3398
30.63926941,12,3,49.45305378,0.52635485,77.68,1,31619.82942,2,1.163182128,3399
18.94977169,16,6,70.51048314,0.29663974,79.49,4,48564.92833,3,0.087574819,3400
54.84018265,12,1,82.31540565,0.40374396,76.95,2,19525.85738,2,0.25611363,3401
32.83105023,12,0,49.54421149,0.478392355,78.16,1,38579.38594,2,1.419256294,3402
59.45205479,14,9,74.61257976,0.33702921,79.39,7,37463.81578,4,0.003578486,3403
77.99086758,8,0,70.8295351,0.246513523,77.09,7,33693.91269,0,0.002960245,3404
49.5890411,7,0,73.74658159,0.357945186,78.91,1,26622.29174,2,0.978454627,3405
74.20091324,10,0,65.90701914,0.335586729,75.27,7,31282.03778,2,0.002776185,3406
55.25114155,12,9,48.72379216,0.610018752,78.46,2,29673.45967,3,0.400809769,3407
68.40182648,8,4,54.28441203,0.590184638,77.3,2,30536.53639,4,0.408642256,3408
49.7260274,7,0,72.97174111,0.4044652,78.27,4,45730.9775,1,0.08361055,3409
63.19634703,13,3,58.75113947,0.388237288,76.26,7,27034.8777,2,0.002483776,3410
41.82648402,12,15,62.07839562,0.32296502,78.01,4,38835.97504,2,0.070527103,3411
48.53881279,17,0,64.90428441,0.354699603,77.41,3,34758.93444,3,0.172539382,3412
9.497716895,18,20,64.31175934,0.40374396,78.96,4,34956.47223,4,0.064150199,3413
24.88584475,14,5,72.01458523,0.331980527,78.52,1,16868.75078,2,0.655110147,3414
35.29680365,11,1,62.57976299,0.371288136,82.12,3,21200.88282,2,0.106394034,3415
63.65296804,10,2,63.58249772,0.225236928,80.41,2,26020.76342,4,0.352422366,3416
43.97260274,12,10,72.78942571,0.326931843,80.03,3,17443.65487,2,0.086403737,3417
50.2739726,10,1,50.31905196,0.411316985,79.62,3,29213.84098,2,0.145406245,3418
80.95890411,8,20,56.19872379,0.475868013,79.26,7,39867.474,2,0.003578367,3419
33.24200913,15,2,66.72743847,0.527076091,79.92,3,30175.04683,2,0.15146017,3420
30.50228311,19,3,47.03737466,0.491014064,78.72,3,43627.79498,2,0.21476276,3421
13.74429224,17,3,71.60437557,0.290148576,75.55,4,27801.68407,2,0.05088123,3422
38.44748858,17,23,67.6390155,0.25552903,80.04,7,33405.15256,1,0.003000485,3423
16.48401826,20,2,59.61713765,0.518421204,85.07,6,12598.36415,3,0.003392937,3424
69.543379,8,2,45.39653601,0.699813199,79.66,4,26661.0134,3,0.048828092,3425
53.74429224,16,6,58.52324521,0.414923188,79.37,7,30627.02389,3,0.002620153,3426
49.9086758,13,7,46.9006381,0.484522899,76.59,5,4866.798542,1,0.005659998,3427
51.73515982,10,4,39.88149499,0.645359538,78.39,3,32986.7833,2,0.163023626,3428
43.60730594,12,1,59.20692799,0.430429859,82.13,6,18311.19206,3,0.004433201,3429
53.74429224,9,2,58.02187785,0.312146412,80.71,3,45969.45269,3,0.227648144,3430
37.30593607,14,2,55.24156791,0.502914533,77.04,4,29541.18411,1,0.0536168,3431
48.31050228,11,9,54.74020055,0.410235124,76.09,3,27222.89413,3,0.13461137,3432
48.81278539,7,3,79.89972653,0.203960332,79.91,4,26382.38854,3,0.048670086,3433
30.1826484,12,10,74.93163172,0.245071042,79.45,6,30077.41619,3,0.00718264,3434
61.32420091,10,1,64.49407475,0.33666859,76.86,5,34274.99438,2,0.023799066,3435
38.44748858,17,5,66.49954421,0.287263613,77.65,4,40973.90952,0,0.075128464,3436
22.92237443,23,7,67.95806746,0.37741868,82.91,4,33735.86318,1,0.06199507,3437
50.3196347,13,0,43.07201459,0.735153985,78.4,5,23381.59052,2,0.016059003,3438
38.85844749,10,12,51.82315406,0.54005842,82.2,4,37882.52721,1,0.069358769,3439
55.43378995,12,1,55.51504102,0.491374684,78.34,2,42084.55625,3,0.569552534,3440
27.12328767,13,1,72.01458523,0.462525063,81.37,4,32075.99906,2,0.059381331,3441
41.27853881,13,8,71.96900638,0.313588893,77.86,5,23733.48632,0,0.01512687,3442
17.89954338,20,8,67.09206928,0.469737468,79.59,3,33107.06461,4,0.166305015,3443
20.456621,15,2,68.14038286,0.280411828,78.16,4,38472.69896,4,0.070106808,3444
46.48401826,14,19,40.3372835,0.637425893,76.77,2,42041.44746,2,0.571030414,3445
40.3652968,13,0,51.82315406,0.494620267,78.22,4,32243.55261,3,0.0586689,3446
39.22374429,17,7,74.93163172,0.361551388,76.96,7,22231.91106,3,0.001800262,3447
28.40182648,13,8,46.7183227,0.491014064,78.32,3,30281.73033,2,0.151103536,3448
28.72146119,13,1,62.67092069,0.443772809,82.72,1,24605.47132,1,0.894409699,3449
54.01826484,12,7,75.25068368,0.288345474,77.03,5,43907.20025,2,0.029708181,3450
59.8173516,7,14,51.00273473,0.76869167,77.55,4,39152.99337,2,0.071475002,3451
50.73059361,13,0,69.14311759,0.335947349,81.37,2,45878.87959,4,0.62857432,3452
28.90410959,13,0,45.67000912,0.491014064,77.69,1,37034.40564,3,1.350050265,3453
38.49315068,17,13,52.41567912,0.461803823,79.39,1,21865.11196,2,0.799697656,3454
52.92237443,9,6,51.5041021,0.488850343,79.33,6,12660.98028,1,0.003889285,3455
54.52054795,9,5,61.48587056,0.338832312,77.17,6,26915.0923,2,0.006527849,3456
16.66666667,20,20,67.6390155,0.449903354,77.3,3,30360.39694,3,0.151103536,3457
29.7260274,12,4,79.53509572,0.267429499,77,6,31758.92818,3,0.00811696,3458
19.36073059,19,0,59.98176846,0.294476019,79.07,3,26116.13401,2,0.129039751,3459
32.42009132,12,8,70.8295351,0.331980527,78.08,4,39140.61137,1,0.071719022,3460
41.09589041,16,8,55.10483136,0.307097728,80.95,2,40987.10943,4,0.553503806,3461
38.03652968,14,4,72.15132179,0.314310133,78.3,6,29519.01023,2,0.007158239,3462
36.39269406,11,1,79.35278031,0.275723765,81.25,7,46445.7091,2,0.003967747,3463
55.34246575,12,2,82.31540565,0.316113235,84.46,3,33268.45182,2,0.164695837,3464
62.78538813,6,5,80.08204193,0.413120087,78.44,2,23026.62966,2,0.315041983,3465
55.43378995,8,0,48.58705561,0.40410458,82.08,4,40296.81608,2,0.074492039,3466
46.66666667,14,4,78.44120328,0.386434187,76.89,2,31290.80933,3,0.423848265,3467
32.55707763,15,1,64.72196901,0.438724125,77.63,4,30685.69822,2,0.055267526,3468
47.21461187,11,1,78.07657247,0.394728453,88.67,6,31869.39797,2,0.007872251,3469
60.456621,7,20,67.45670009,0.276084385,84.03,7,32555.64383,1,0.003134738,3470
55.06849315,9,5,62.53418414,0.343159755,82.32,7,42528.13418,2,0.004016691,3471
29.40639269,13,0,64.81312671,0.306376488,76.04,4,43870.35704,1,0.08016312,3472
41.91780822,13,8,54.9680948,0.362633249,81.17,3,32346.1543,2,0.159940824,3473
23.10502283,14,14,50.22789426,0.411316985,76.86,7,45290.89147,2,0.003913329,3474
58.76712329,14,6,69.4165907,0.292312297,77.89,7,27295.81652,2,0.002124258,3475
29.26940639,13,5,49.68094804,0.368403173,81.23,2,37572.33494,2,0.508617991,3476
36.21004566,17,2,66.18049225,0.507963217,81.42,2,48525.86034,2,0.653318297,3477
20.4109589,19,3,38.92433911,0.556646953,88.01,7,33289.17764,2,0.003342763,3478
70,11,3,53.73746582,0.496423368,83.27,7,26661.0134,3,0.002302843,3479
76.11872146,9,6,46.627165,0.453509556,87.08,7,46713.13088,3,0.004257461,3480
24.84018265,14,22,74.33910665,0.300606563,80.55,7,28855.41867,1,0.00266818,3481
33.69863014,15,13,48.58705561,0.407710783,81.18,3,29784.74647,2,0.147509965,3482
70.3196347,11,11,64.81312671,0.321161918,81.49,7,33111.57337,1,0.003076771,3483
43.24200913,15,0,64.49407475,0.265265777,85.88,2,17006.46116,1,0.225648057,3484
20.95890411,15,9,88.24065634,0.226679409,79.32,3,46043.98581,1,0.227829389,3485
62.78538813,6,4,80.08204193,0.305294627,78.47,5,36295.10335,2,0.025110149,3486
30,22,2,53.23609845,0.385352326,76.64,2,42152.50214,2,0.571030414,3487
46.66666667,18,0,52.78030994,0.467573747,78.09,4,48814.08678,2,0.089532332,3488
20.3652968,15,1,56.74567001,0.710992427,79.66,4,36223.3119,4,0.066240347,3489
45.15981735,8,1,74.52142206,0.339192932,79.08,4,34971.73779,3,0.06372333,3490
70,8,1,55.69735643,0.546910206,83.42,2,20482.4787,3,0.275778719,3491
38.81278539,13,8,70.41932543,0.205402813,80.67,4,38426.20439,1,0.070222382,3492
60.1826484,7,28,38.14949863,0.759315543,86.52,2,24285.89193,3,0.325277767,3493
52.73972603,13,0,68.14038286,0.276084385,82.14,7,56326.35024,2,0.004383559,3494
45.70776256,11,9,68.50501367,0.41744753,76.13,1,27179.87288,2,0.998432425,3495
55.57077626,12,14,63.94712853,0.448100252,79.3,5,38068.07041,1,0.025793732,3496
24.88584475,14,17,53.1905196,0.479474216,76.58,7,36010.89648,2,0.003175886,3497
15.06849315,17,10,61.2579763,0.242907321,79.17,7,32516.66974,2,0.003035193,3498
64.15525114,9,9,86.23518687,0.351093401,83.19,7,42910.63802,1,0.003873997,3499
18.72146119,16,7,70.51048314,0.279690588,79.49,7,51368.45994,4,0.00442897,3500
4.794520548,20,13,64.72196901,0.419611251,83.01,7,33327.06889,1,0.003143447,3501
45.29680365,11,2,58.61440292,0.256610891,78.43,3,11360.59792,2,0.054090554,3502
45.52511416,11,35,55.78851413,0.438002885,81.89,6,21422.7868,4,0.00520289,3503
37.94520548,10,1,80.62898815,0.233531194,79.71,4,38579.06661,2,0.07076495,3504
23.65296804,18,7,80.44667274,0.313588893,79.98,6,55177.52584,1,0.014935018,3505
16.16438356,17,12,84.27529626,0.306737108,81.29,4,46609.67056,1,0.08458346,3506
45.93607306,15,0,58.1586144,0.414201947,77.35,4,48525.11071,1,0.087816735,3507
55.66210046,12,4,51.54968095,0.380303642,80.13,7,28392.9148,3,0.002884408,3508
71.27853881,11,17,62.7620784,0.47190119,76.09,6,38068.07041,1,0.009947029,3509
45.75342466,11,24,72.28805834,0.316473855,81.9,6,31828.80375,2,0.007984977,3510
15.75342466,19,23,59.38924339,0.300606563,79.05,6,31549.44734,1,0.007783435,3511
33.33333333,15,2,63.90154968,0.502553913,79.46,2,27448.27638,1,0.37426005,3512
18.12785388,16,5,62.89881495,0.491374684,77.42,4,52319.16629,2,0.093491646,3513
33.24200913,15,2,63.90154968,0.37741868,79.39,6,32275.9088,1,0.007994985,3514
41.14155251,12,3,89.97265269,0.300606563,83.38,3,39455.08099,4,0.197841728,3515
47.03196347,14,31,79.03372835,0.448821493,83.75,2,25265.93655,1,0.339886382,3516
30.3196347,13,10,70.69279854,0.302409665,77.38,4,48080.11775,2,0.088497376,3517
55.43378995,16,33,60.75660893,0.448460873,80.29,7,14736.03298,3,0.001123464,3518
20.95890411,19,30,29.44393801,0.771576632,81.82,5,41252.48252,3,0.027578707,3519
23.78995434,14,13,65.99817685,0.236776776,84.51,3,29492.5664,3,0.14641085,3520
27.57990868,13,2,32.45214221,0.584775334,79.22,7,37852.9382,1,0.003617362,3521
19.40639269,15,10,57.01914312,0.373451857,80.13,2,55535.51644,1,0.741478293,3522
76.62100457,6,0,63.90154968,0.297360981,76.28,7,33080.04314,4,0.003023338,3523
34.42922374,15,1,62.35186873,0.382467364,81.09,5,35559.48497,3,0.024503095,3524
33.24200913,15,2,63.90154968,0.41780815,79.8,3,41851.14446,3,0.206703229,3525
39.36073059,17,4,67.41112124,0.374894338,80.96,2,38934.89592,2,0.529397253,3526
27.12328767,13,2,74.79489517,0.451345835,77.57,4,27009.59537,1,0.048828092,3527
64.56621005,9,11,72.24247949,0.368403173,82.11,7,28566.63301,1,0.002716604,3528
32.64840183,15,0,56.19872379,0.345684097,81.05,4,34458.29672,4,0.063102134,3529
16.30136986,16,17,59.16134913,0.298803462,79.66,3,26116.13401,3,0.129039751,3530
52.51141553,9,14,54.74020055,0.436199784,77.08,3,20375.81543,1,0.10159794,3531
62.51141553,6,5,73.01731996,0.341717274,82.19,3,42230.92024,0,0.20952489,3532
55.34246575,8,10,66.27164995,0.346405337,80.23,6,37378.44026,0,0.009235359,3533
4.657534247,20,0,60.02734731,0.281493689,87.11,4,26492.38925,2,0.048241062,3534
52.51141553,13,7,85.09571559,0.260217093,77.22,2,40311.89652,2,0.545562193,3535
31.09589041,16,1,86.9644485,0.240382979,76.8,3,29575.35166,3,0.147077299,3536
54.52054795,9,4,53.64630811,0.234252434,83.6,6,31187.34063,0,0.007972714,3537
56.11872146,15,4,61.62260711,0.656538767,79.09,3,14274.05901,2,0.075139231,3538
37.57990868,11,2,48.22242479,0.695485755,83.44,1,36463.54538,1,1.329209211,3539
43.92694064,15,0,86.78213309,0.286542373,77.3,6,33027.73959,1,0.007698561,3540
24.79452055,14,1,63.99270738,0.262741435,84.15,4,35260.13537,1,0.064536414,3541
18.72146119,19,12,60.02734731,0.407710783,77.44,2,38033.85421,3,0.515851432,3542
32.55707763,15,1,48.63263446,0.407710783,80.59,1,17712.9698,2,0.651623743,3543
75.20547945,9,4,78.66909754,0.245792283,79.88,1,26150.17972,1,0.957561434,3544
24.74885845,14,10,70.9206928,0.347126578,79.17,7,16360.96377,3,0.00145524,3545
28.85844749,13,12,62.26071103,0.375615579,80.53,3,33101.08572,2,0.165002364,3546
26.34703196,14,2,68.77848678,0.413480707,82.07,1,22087.48601,3,0.812553201,3547
42.87671233,12,3,76.98268004,0.33666859,80.43,3,30105.47428,3,0.149511411,3548
13.78995434,17,5,67.77575205,0.206124053,77.29,4,29368.54965,2,0.053716373,3549
72.14611872,10,2,64.40291705,0.320801298,88.62,4,38007.53394,3,0.069226186,3550
14.47488584,17,1,50.63810392,0.479113595,78.13,4,35901.48037,5,0.066039462,3551
52.42009132,6,4,60.61987238,0.548352687,77.55,6,22574.00336,3,0.00566656,3552
11.59817352,18,3,89.60802188,0.219827624,77.63,1,36409.56778,1,1.323124286,3553
53.74429224,9,17,88.46855059,0.304573386,81.1,6,24101.14266,4,0.006375142,3554
43.33333333,15,2,58.38650866,0.424659935,76.78,2,31569.34562,0,0.427609652,3555
63.33333333,9,5,62.12397448,0.382106744,77.17,2,28985.25812,3,0.392070358,3556
34.38356164,11,7,57.52051048,0.328734944,78.46,4,36519.07773,2,0.065986967,3557
24.15525114,18,5,59.61713765,0.47190119,79.09,1,37225.98628,0,1.379409622,3558
46.11872146,11,15,63.90154968,0.245792283,78.54,3,32094.80418,3,0.159696996,3559
37.07762557,14,6,66.63628077,0.246513523,81.34,6,36191.03222,2,0.008559038,3560
19.22374429,16,0,74.24794895,0.428626758,82.12,4,24820.16737,1,0.045245346,3561
57.12328767,8,19,73.01731996,0.341717274,79.26,6,44143.7353,0,0.010525203,3562
87.48858447,5,1,49.63536919,0.543664623,82.64,7,37386.79127,3,0.003628838,3563
50.59360731,13,13,65.26891522,0.438002885,82.15,2,31967.82462,2,0.43131918,3564
32.05479452,15,3,62.07839562,0.368763794,81,6,33651.58052,2,0.009146328,3565
27.71689498,13,13,77.43846855,0.414562568,88.74,4,34859.8064,0,0.064052972,3566
44.33789954,15,19,69.46216955,0.440887847,76.98,2,40116.98301,2,0.542094436,3567
36.66666667,14,22,71.23974476,0.385712946,81.85,1,39396.11662,3,1.43817383,3568
38.31050228,13,2,58.70556062,0.312507032,81.92,3,13949.25417,1,0.065394342,3569
29.08675799,16,3,64.94986326,0.439084746,81.76,6,34255.70436,1,0.008323577,3570
33.74429224,12,14,61.48587056,0.469376848,78.42,1,33302.6144,3,1.225134717,3571
25.61643836,14,15,68.50501367,0.388237288,80.23,4,38271.18768,0,0.070707755,3572
40.82191781,16,4,55.87967183,0.286902993,81.62,4,40894.86627,2,0.07553804,3573
38.63013699,13,1,47.21969006,0.416005049,80.13,2,41045.694,2,0.554227832,3574
44.93150685,11,6,72.56153145,0.422135593,79.93,3,32803.7517,1,0.162966111,3575
50.50228311,13,13,71.05742935,0.297000361,86.43,5,24211.35951,3,0.01771521,3576
38.58447489,13,11,62.07839562,0.439445366,81.43,6,42190.15435,3,0.009292795,3577
29.26940639,13,4,74.33910665,0.21550018,86.57,4,28432.1697,1,0.052254272,3578
43.33333333,15,15,60.52871468,0.516978723,81.71,5,38518.28593,4,0.02595545,3579
30.1369863,12,2,32.45214221,0.584054093,79.22,7,49288.63551,1,0.004696116,3580
60.1369863,10,6,58.61440292,0.370927515,75.7,2,28904.69701,1,0.392319835,3581
42.83105023,9,1,59.79945305,0.366960692,87.08,4,31228.50932,3,0.056899384,3582
45.57077626,11,1,62.71649954,0.425020555,79.32,6,27915.092,1,0.006687082,3583
36.98630137,11,9,62.26071103,0.437281644,82.72,2,29839.63004,2,0.401586607,3584
42.32876712,9,3,81.72288058,0.29555788,79.51,4,20238.63788,2,0.037029031,3585
61.46118721,10,1,87.69371012,0.173668229,80.55,2,36962.13154,2,0.499785375,3586
67.12328767,12,3,60.25524157,0.306376488,78.97,7,28153.68356,2,0.002918772,3587
45.29680365,11,2,58.61440292,0.468294987,79.29,7,29646.14993,1,0.002807228,3588
33.78995434,11,0,89.60802188,0.270314461,79.83,1,28568.16252,1,1.048407536,3589
28.76712329,13,2,67.09206928,0.306015867,81.26,5,15436.04099,2,0.010807266,3590
35.70776256,14,5,65.86144029,0.247595384,82.01,6,26880.34219,2,0.006779076,3591
43.01369863,16,9,67.68459435,0.344602236,82.46,2,43094.66108,3,0.585866639,3592
51.27853881,13,13,62.21513218,0.343520375,82.56,2,46608.27201,2,0.637297327,3593
69.36073059,8,4,75.38742024,0.354699603,76.28,2,31396.95008,2,0.427712028,3594
17.99086758,16,7,62.07839562,0.494980887,81.18,4,19618.54857,3,0.035617203,3595
45.75342466,11,29,72.01458523,0.318637577,79.25,6,44036.81466,2,0.011125288,3596
39.7260274,10,6,50.18231541,0.483801659,77.95,4,35110.9407,3,0.064553842,3597
34.33789954,11,0,55.28714676,0.47154057,84.42,4,20793.41391,4,0.037591496,3598
38.08219178,10,4,74.15679125,0.400137757,78.65,4,27093.09727,2,0.050379357,3599
26.94063927,13,5,86.78213309,0.317916336,78.49,1,23796.47114,3,0.865874195,3600
57.67123288,11,11,83.91066545,0.294476019,81.35,7,39378.28389,2,0.003493902,3601
35.47945205,14,0,79.1704649,0.275723765,87.62,7,36269.68016,1,0.003292337,3602
27.07762557,13,1,55.60619872,0.506520736,78.29,1,28411.2232,1,1.032747503,3603
70.50228311,7,3,84.00182315,0.18809304,80.24,2,23758.02978,4,0.321537842,3604
41.14155251,12,0,65.95259799,0.423938695,86.74,6,24421.65768,1,0.00640985,3605
63.83561644,13,0,70.64721969,0.453509556,79.05,1,42821.51445,3,1.563651046,3606
32.10045662,12,14,85.59708295,0.25552903,79.45,4,37558.92683,1,0.068479774,3607
49.7260274,10,1,53.91978122,0.432232961,75.98,6,32942.21095,3,0.007845731,3608
58.12785388,11,5,49.49863263,0.456755139,81.63,2,38406.93188,2,0.519476795,3609
52.73972603,9,14,54.74020055,0.474786152,77.08,3,29542.29355,1,0.147082419,3610
57.48858447,8,19,64.99544211,0.334865489,79.26,7,30933.82774,2,0.002606083,3611
72.00913242,10,3,84.86782133,0.298442842,78.64,2,42961.72877,1,0.581725543,3612
39.6347032,17,4,69.4165907,0.294476019,78.74,2,34207.94438,3,0.46117465,3613
32.87671233,15,8,65.58796718,0.362272629,77.35,6,45290.89147,0,0.01194006,3614
32.10045662,15,4,74.56700091,0.275723765,75.71,6,33861.5537,3,0.008740114,3615
40.73059361,9,6,53.78304467,0.476589254,76.99,4,29538.27364,2,0.052845134,3616
23.92694064,14,6,71.05742935,0.276084385,78.52,1,15487.67017,1,0.569124611,3617
34.38356164,15,2,68.32269827,0.258774612,76.93,1,28202.75965,1,1.043719067,3618
44.56621005,15,5,80.90246126,0.312507032,83.56,7,20238.63788,0,0.001876532,3619
12.28310502,18,1,53.00820419,0.638507753,77.82,7,40580.03774,3,0.003567768,3620
43.01369863,12,0,57.42935278,0.465410025,82.02,3,37921.07399,2,0.188494927,3621
69.543379,11,13,57.33819508,0.466131266,78.1,1,25274.84447,2,0.9328825,3622
27.76255708,17,13,41.52233364,0.694764515,82.2,2,11503.38856,3,0.168418282,3623
45.20547945,15,1,68.64175023,0.386794807,83.5,1,28817.10396,2,1.057537313,3624
49.7260274,7,6,62.71649954,0.356142084,83.73,4,31974.06241,2,0.059458512,3625
27.30593607,13,3,78.76025524,0.338471691,78.49,4,27318.35843,3,0.050389694,3626
47.48858447,14,0,65.26891522,0.345684097,77.77,3,41646.52455,5,0.207361291,3627
20.3196347,15,26,79.94530538,0.422135593,78.29,4,15175.13199,1,0.026315847,3628
34.38356164,11,8,73.65542388,0.40410458,77.65,5,18505.61688,1,0.012870065,3629
36.75799087,10,10,67.41112124,0.219827624,80.96,1,39269.05393,3,1.443530955,3630
19.5890411,16,21,61.03008204,0.268150739,86.57,3,26492.38925,2,0.131944987,3631
50.50228311,13,4,44.39380128,0.702337541,80.25,4,35769.93378,0,0.065277033,3632
64.33789954,9,1,84.68550593,0.264183916,80.26,2,32397.80286,1,0.439042375,3633
23.78995434,14,14,73.70100273,0.369485034,78.54,4,37949.72439,2,0.069603156,3634
38.76712329,13,5,64.67639015,0.370927515,77.5,3,31193.46611,0,0.155972033,3635
58.12785388,15,4,61.62260711,0.491735305,80.98,5,15703.56056,2,0.010807266,3636
39.8173516,13,15,69.27985415,0.440887847,78.56,6,53323.67086,1,0.012983311,3637
23.78995434,14,0,66.49954421,0.304573386,79.47,4,45120.2237,0,0.081120093,3638
41.82648402,13,4,74.52142206,0.587299675,85.1,3,19446.33391,1,0.097059186,3639
39.22374429,17,5,66.49954421,0.416726289,78.75,1,21865.11196,2,0.804372517,3640
55.11415525,9,21,71.55879672,0.388958529,76.21,7,47797.84674,2,0.005550603,3641
15.98173516,17,13,61.53144941,0.476589254,77.75,1,40593.90886,2,1.493366451,3642
59.8173516,14,0,52.41567912,0.292312297,79.22,7,44372.36893,3,0.004052827,3643
43.28767123,9,1,73.47310848,0.418529391,78.56,1,32195.21586,3,1.187492079,3644
50.50228311,13,5,74.52142206,0.207205914,84.4,5,18800.88387,2,0.012559582,3645
73.42465753,7,10,80.40109389,0.33702921,77.04,2,41494.3685,2,0.55986212,3646
44.56621005,15,3,68.00364631,0.338471691,83.5,7,30457.89176,2,0.002693542,3647
40.82191781,13,1,64.3573382,0.303130905,76.04,2,28612.86959,2,0.387182417,3648
48.21917808,14,2,77.34731085,0.243989181,82.28,2,35967.37552,1,0.487713656,3649
46.43835616,15,4,69.87237922,0.338832312,83.5,2,40116.98301,2,0.542719185,3650
15.98173516,17,5,72.01458523,0.398695276,82.45,4,40808.47742,1,0.075042933,3651
33.33333333,15,3,63.90154968,0.287624234,79.96,3,40724.08358,2,0.200477178,3652
79.543379,8,1,74.52142206,0.478392355,79.3,3,22921.07733,2,0.114860899,3653
48.35616438,14,4,79.48951686,0.321522539,78,1,28364.61146,2,1.037197908,3654
47.48858447,14,2,65.08659982,0.354699603,78.42,5,49250.69389,3,0.033163543,3655
59.31506849,7,9,88.46855059,0.271756942,75.61,6,17927.33842,2,0.004829661,3656
39.8173516,9,18,62.35186873,0.247234764,79.01,3,22999.94802,0,0.115148815,3657
71.78082192,10,9,62.9443938,0.639589614,77.16,7,37608.90615,3,0.003531581,3658
37.67123288,14,0,68.04922516,0.240022358,78.21,3,20061.5449,2,0.098352269,3659
29.17808219,12,1,79.53509572,0.281854309,77.26,1,25556.93881,2,0.936484556,3660
32.51141553,12,7,66.59070191,0.354338983,80.71,4,35111.52843,2,0.063681984,3661
75.43378995,10,3,49.22515953,0.662308691,81.81,7,24079.42436,2,0.00210445,3662
44.52054795,15,2,48.04010939,0.585857194,76.27,2,30701.49036,1,0.414791699,3663
18.35616438,20,12,72.4247949,0.35001154,80.52,6,26501.39455,2,0.006788015,3664
36.25570776,11,2,45.80674567,0.586939055,83.72,1,42207.89892,2,1.563651046,3665
0.913242009,21,3,60.98450319,0.395089073,81.93,3,36844.86827,1,0.182900975,3666
40.0456621,13,1,77.07383774,0.24218608,81.52,5,29216.41599,1,0.019926368,3667
1.141552511,21,4,54.64904284,0.335226109,85.22,7,25720.91641,2,0.00246153,3668
47.89954338,7,1,67.50227894,0.267068878,77.42,4,33242.45803,1,0.061098782,3669
4.657534247,20,13,64.72196901,0.408432023,88.11,2,26266.13898,1,0.355282942,3670
24.70319635,18,1,77.75752051,0.397613415,78.75,1,29232.00684,1,1.090265981,3671
19.17808219,16,20,67.09206928,0.351093401,81.26,2,45020.55435,2,0.613499623,3672
25.61643836,14,3,62.26071103,0.461803823,81.02,3,11809.79506,3,0.062723562,3673
82.78538813,8,4,56.83682771,0.331980527,79.64,7,30197.04997,2,0.002840716,3674
39.7260274,13,7,69.82680036,0.394007212,78.55,3,35704.47714,1,0.177465947,3675
35.11415525,11,14,51.27620784,0.280411828,76.35,1,37726.63413,2,1.389579598,3676
68.76712329,8,1,70.46490428,0.272838803,77.82,2,14453.96797,1,0.178843572,3677
57.07762557,8,21,64.99544211,0.360830148,78.38,2,23317.6699,2,0.317264638,3678