Safety_Score,Days_Since_Inspection,Total_Safety_Complaints,Control_Metric,Turbulence_In_gforces,Cabin_Temperature,Accident_Type_Code,Max_Elevation,Violations,Adverse_Weather_Metric,Accident_ID
29.13242009,16,14,72.37921604,0.324046881,79.73,1,29978.38207,3,1.103234634,3679
47.94520548,14,8,80.08204193,0.234252434,77.36,5,45934.13348,3,0.030848698,3680
25.25114155,17,16,57.52051048,0.375615579,88.39,7,47592.31664,4,0.005073611,3681
17.71689498,21,9,60.16408387,0.438363505,77.75,3,27487.6888,3,0.135850462,3682
61.73515982,10,0,70.32816773,0.279329968,76.14,2,6695.814751,1,0.122122401,3683
95.25114155,6,17,81.22151322,0.234252434,80.54,2,36962.13154,2,0.501428821,3684
52.37442922,9,4,63.35460346,0.225958168,81.57,3,32094.80418,2,0.159982938,3685
32.37442922,12,11,62.9443938,0.312507032,78.38,4,25989.36306,1,0.048048244,3686
2.739726027,21,8,60.98450319,0.303852146,81.15,4,39706.93398,4,0.072643765,3687
45.61643836,15,1,65.81586144,0.375615579,78.94,1,27910.31755,3,1.017507572,3688
30.73059361,19,1,67.8213309,0.386073567,76.1,6,46027.18141,2,0.011241529,3689
60.54794521,14,25,70.10027347,0.384631085,83.23,7,30864.81099,4,0.002891241,3690
60.2283105,7,11,80.44667274,0.305294627,75.64,6,26194.68629,2,0.007016713,3691
56.94063927,12,0,59.93618961,0.387155427,79.42,2,40360.61209,2,0.545990856,3692
30.3652968,16,9,78.25888788,0.427544897,78.15,1,24605.47132,3,0.885838636,3693
55.02283105,15,2,80.85688241,0.288706094,82.01,4,47583.74593,2,0.086596342,3694
55.06849315,12,1,80.40109389,0.234252434,80.34,5,37038.54145,2,0.024101313,3695
60.54794521,10,10,66.08933455,0.300967184,76.56,2,32800.83687,2,0.442948592,3696
36.02739726,18,10,56.83682771,0.264183916,78.6,2,26930.37623,4,0.365529248,3697
41.91780822,12,0,56.88240656,0.522748648,78.46,2,34473.79944,2,0.466552141,3698
15.43378995,17,17,72.4247949,0.306737108,78.84,7,36662.28026,4,0.003201106,3699
50.0913242,13,1,73.42752963,0.421053732,81.56,2,59108.87717,3,0.773009611,3700
60.54794521,7,21,49.95442115,0.357223945,75.94,2,12502.18175,1,0.141934385,3701
79.7260274,8,35,54.6946217,0.308540209,77.98,7,36219.52131,1,0.003158897,3702
57.48858447,8,4,79.35278031,0.413120087,78.83,3,42230.92024,2,0.21005241,3703
21.27853881,15,7,67.68459435,0.505078255,79.06,4,54914.79876,1,0.100005417,3704
32.87671233,15,5,95.48769371,0.245071042,80.65,6,24292.34261,3,0.005948585,3705
35.75342466,18,8,80.94804011,0.298803462,80.43,2,41697.17492,4,0.564465085,3706
50.1369863,13,8,68.36827712,0.339553552,80.03,6,17731.55428,1,0.004433201,3707
42.32876712,12,1,57.42935278,0.466491886,84.8,1,42866.57918,1,1.578290541,3708
36.39269406,14,13,63.35460346,0.460000721,77.78,6,34120.05902,3,0.008328997,3709
29.6347032,20,4,76.48131267,0.264905157,78.36,7,39152.77003,1,0.003717087,3710
76.11872146,10,6,46.627165,0.5396978,82.64,7,47232.02109,1,0.00394519,3711
35.70776256,18,10,58.61440292,0.448100252,76.86,4,49350.33362,2,0.091488709,3712
4.292237443,20,10,64.99544211,0.457115759,78.73,4,42476.36867,2,0.07768469,3713
42.46575342,16,5,61.66818596,0.51229066,80.29,5,39759.02259,3,0.026949467,3714
36.07305936,11,1,78.07657247,0.241104219,81.82,2,24926.76721,2,0.335642631,3715
18.17351598,16,1,74.24794895,0.222351965,76.78,2,30384.11425,2,0.409147604,3716
48.40182648,11,4,68.36827712,0.397974035,79.22,3,43704.68597,0,0.21476276,3717
28.94977169,13,8,69.59890611,0.35001154,86.57,4,11036.8282,2,0.019361957,3718
37.76255708,14,4,79.39835916,0.315752614,75.2,6,28801.5389,3,0.007076257,3719
38.08219178,10,1,65.99817685,0.405907681,77.34,5,46371.52752,0,0.030950176,3720
56.94063927,11,39,80.26435734,0.318276956,81.9,2,44163.04812,2,0.600082621,3721
54.10958904,12,6,57.52051048,0.370927515,79.42,2,43412.8879,2,0.586145252,3722
73.60730594,10,13,60.57429353,0.385352326,84.01,7,42647.06331,4,0.004111192,3723
58.12785388,15,5,62.53418414,0.307458348,79.6,1,34328.0192,0,1.26281554,3724
50,13,2,73.47310848,0.463246304,78.12,2,17636.03041,2,0.249372544,3725
58.99543379,14,7,57.52051048,0.470819329,77.51,7,22087.59628,5,0.00171824,3726
55.66210046,12,4,57.47493163,0.370927515,80.13,6,36617.72444,3,0.008327927,3727
91.23287671,6,3,32.72561531,0.564219978,80.12,3,38888.75301,1,0.192011668,3728
20.4109589,19,3,75.43299909,0.335586729,77.19,6,15487.53227,1,0.003598106,3729
38.44748858,17,9,66.49954421,0.416726289,79.23,2,32739.24598,2,0.444553308,3730
40.63926941,13,1,76.66362808,0.272117562,76.2,3,17927.33842,2,0.09206491,3731
80.59360731,8,11,73.38195077,0.21441832,80.88,7,36493.19435,2,0.00313031,3732
48.53881279,14,2,71.0118505,0.522388027,76.92,7,24523.02714,1,0.002400873,3733
39.45205479,13,2,74.47584321,0.321883159,77.83,6,26355.20774,2,0.006452921,3734
36.75799087,10,5,56.88240656,0.483080418,79.99,1,27752.86709,1,1.026763202,3735
61.41552511,10,1,57.24703737,0.421053732,80.47,2,47324.95278,2,0.640473589,3736
48.53881279,10,1,79.67183227,0.240022358,83.37,3,12231.52533,4,0.058797507,3737
44.20091324,8,20,87.0556062,0.245431662,76.74,7,45783.52766,2,0.003887149,3738
8.03652968,19,0,68.91522334,0.271396322,77.01,6,18000.50563,2,0.004792302,3739
50.3652968,13,11,77.16499544,0.243989181,80.83,2,27941.93689,2,0.376057124,3740
75.29680365,5,8,59.79945305,0.63418031,79.39,4,31988.19599,1,0.059458512,3741
29.6347032,20,4,66.27164995,0.368403173,82.31,1,30966.15983,3,1.141857385,3742
36.75799087,17,3,63.90154968,0.401580238,81.09,2,49106.35596,2,0.653900333,3743
77.67123288,5,3,53.78304467,0.317916336,77.98,7,44372.36893,0,0.004260875,3744
63.97260274,9,2,84.68550593,0.248316625,80.26,5,30107.34664,1,0.021075799,3745
26.21004566,14,0,82.45214221,0.17438947,79.7,4,32222.03588,1,0.05941457,3746
47.99086758,7,18,69.37101185,0.474425532,78.61,4,42414.40383,1,0.077150985,3747
19.9543379,16,0,74.06563355,0.238219257,79.16,4,40072.97662,1,0.073699076,3748
61.41552511,14,4,52.41567912,0.476589254,78.94,6,36969.19838,2,0.008313291,3749
20.1826484,15,0,85.5515041,0.280051208,78.15,4,30415.65224,3,0.055322646,3750
43.65296804,8,1,68.36827712,0.277526866,79.94,4,34302.72585,1,0.062980608,3751
48.85844749,14,23,71.55879672,0.339914172,78.04,7,43511.62897,2,0.004129995,3752
27.85388128,17,1,55.60619872,0.547270826,79.21,7,28162.02042,2,0.0025508,3753
40.86757991,13,0,58.52324521,0.312507032,81.92,3,35800.95566,2,0.178747299,3754
46.62100457,11,1,61.21239745,0.430429859,76.67,3,32114.71558,2,0.160373892,3755
23.69863014,18,15,74.74931632,0.532124775,81.82,3,34305.08534,0,0.170645149,3756
43.24200913,19,12,75.38742024,0.333062387,79.81,7,31856.30338,2,0.002659088,3757
46.11872146,15,13,59.6627165,0.408071403,84.82,2,26158.05083,2,0.355224117,3758
33.24200913,15,0,78.48678213,0.386073567,85.3,3,22592.55026,2,0.111813205,3759
35.25114155,11,4,48.26800365,0.438002885,85.26,1,39723.56316,1,1.455545708,3760
63.19634703,13,5,74.61257976,0.241104219,78.35,7,28201.73534,2,0.002885913,3761
22.64840183,15,3,71.0118505,0.267790119,75.71,4,38935.45459,4,0.071719022,3762
34.61187215,14,6,62.07839562,0.352175261,78.09,7,34128.12546,2,0.003067314,3763
25.89041096,14,2,49.17958067,0.402662099,77.39,6,26744.8668,2,0.006527849,3764
44.15525114,12,3,79.53509572,0.320440678,77.17,6,11622.01044,3,0.000436301,3765
20.456621,15,8,92.98085688,0.159243419,80.14,4,16233.83322,2,0.029080212,3766
56.71232877,15,6,67.41112124,0.352535882,81.15,7,26424.95084,2,0.00218528,3767
57.07762557,11,22,64.49407475,0.277887486,79.99,5,39242.1985,2,0.026803844,3768
28.85844749,16,11,58.29535096,0.317555716,83.08,3,24455.02501,1,0.122543644,3769
49.5890411,10,3,88.650866,0.173307609,80.98,6,46306.19207,3,0.011368593,3770
32.55707763,12,5,64.26618049,0.209009016,81.1,2,22730.47091,1,0.305041894,3771
61.05022831,10,15,66.08933455,0.41744753,80.42,2,20083.32539,2,0.272486025,3772
50.59360731,13,5,69.55332726,0.351454021,78.22,2,45878.87959,1,0.622165204,3773
52.46575342,13,1,82.1786691,0.318276956,83.6,2,35377.24419,3,0.478763293,3774
49.45205479,14,6,64.3573382,0.406268301,76.13,2,37854.0579,3,0.512288113,3775
59.17808219,11,10,49.58979034,0.444133429,79.6,7,48569.55629,3,0.004404294,3776
12.69406393,17,3,41.52233364,0.556286332,79.03,4,44419.33762,2,0.082427704,3777
56.71232877,15,12,57.52051048,0.72794158,80.19,7,39152.99337,3,0.003578441,3778
12.69406393,18,6,52.32452142,0.438002885,83.9,2,33591.98082,2,0.453246293,3779
40.86757991,13,0,53.2816773,0.310703931,82.43,6,23192.15587,2,0.00566677,3780
37.57990868,14,1,80.17319964,0.360830148,79.78,3,34176.12272,1,0.171753656,3781
25.89041096,14,1,65.58796718,0.369845655,78.23,7,34971.73779,2,0.003326931,3782
50.86757991,13,10,45.89790337,0.668078615,80.8,7,33999.24976,2,0.00303558,3783
30.77625571,15,14,56.88240656,0.491735305,78.13,1,30282.77185,0,1.110903022,3784
45.06849315,15,3,68.64175023,0.40482582,78.97,2,25854.95036,4,0.349996581,3785
27.57990868,13,28,71.23974476,0.329095564,82.49,4,15658.68487,2,0.030473517,3786
37.76255708,14,0,73.15405652,0.223433826,79.09,3,24487.79195,3,0.1217547,3787
60.91324201,7,6,62.07839562,0.297000361,84.41,2,43489.02078,1,0.58515605,3788
35.02283105,15,8,57.88514129,0.35037216,79.72,1,21202.40578,1,0.78641576,3789
77.30593607,4,2,88.46855059,0.285099892,75.96,7,40762.81328,4,0.003717087,3790
57.03196347,11,5,63.71923428,0.225236928,79.22,2,30194.80557,3,0.41108465,3791
45.06849315,11,2,55.51504102,0.578644789,77.3,4,33896.51169,2,0.061897522,3792
18.17351598,16,3,62.89881495,0.369485034,77.65,7,25175.00869,1,0.002483776,3793
20.50228311,19,0,62.9443938,0.509405698,78.46,4,39698.85505,2,0.072930644,3794
26.62100457,17,0,65.17775752,0.369845655,81.82,5,44701.64858,2,0.030696584,3795
41.09589041,9,1,72.37921604,0.516978723,86.58,4,46938.70933,3,0.086513998,3796
77.30593607,4,2,51.82315406,0.509045078,79.78,7,25644.46842,1,0.002405762,3797
41.50684932,13,2,55.92525068,0.469016228,79.1,3,45002.00793,2,0.2251048,3798
44.06392694,12,14,66.77301732,0.319719437,79.17,3,34480.6632,1,0.170899114,3799
35.20547945,11,0,81.72288058,0.29555788,80.43,7,13945.57287,1,0.001480334,3800
52.19178082,13,3,85.27803099,0.232088713,80.05,2,28885.57324,1,0.392272812,3801
46.34703196,8,3,73.65542388,0.388958529,78.75,4,39274.99085,1,0.071211938,3802
28.03652968,13,10,79.21604376,0.361190768,76.89,6,29311.57258,3,0.007370431,3803
51.41552511,17,11,41.29443938,0.714238009,78.5,7,39222.40512,3,0.003700851,3804
44.70319635,8,0,68.91522334,0.250840966,76.89,1,13938.95103,1,0.502479778,3805
53.78995434,12,17,50.68368277,0.495341507,77.6,2,35070.33319,2,0.47352544,3806
57.12328767,8,11,78.9881495,0.414201947,80.65,3,31143.04043,2,0.153788001,3807
70.50228311,11,1,52.82588879,0.37705806,75.8,7,33573.26994,3,0.003079773,3808
43.19634703,12,3,53.73746582,0.461803823,78.29,3,39901.75575,3,0.199585421,3809
49.22374429,14,22,67.04649043,0.276084385,80.91,2,23787.7963,2,0.320229608,3810
68.12785388,8,8,49.68094804,0.437281644,84.42,2,20482.4787,1,0.277200206,3811
44.06392694,8,6,85.18687329,0.212254598,76.3,4,48820.27336,1,0.088896155,3812
30,13,11,69.64448496,0.351454021,84.3,4,43635.75469,2,0.079811239,3813
25.89041096,14,0,91.79580675,0.223794446,80.79,4,53915.33299,1,0.10677556,3814
18.31050228,16,0,54.32999088,0.527797331,81.05,1,45027.38573,2,1.682724875,3815
35.25114155,18,3,67.68459435,0.340996033,80.82,4,24814.56957,0,0.04544947,3816
27.30593607,13,0,65.58796718,0.414923188,82.02,4,40231.67954,3,0.074291332,3817
52.64840183,13,5,48.3135825,0.428987378,78.15,5,31846.91837,3,0.021356356,3818
59.6347032,11,6,76.93710119,0.426823657,75.8,4,20761.98442,3,0.037591496,3819
0.913242009,21,1,62.03281677,0.425381176,79.88,6,25720.91641,0,0.006183627,3820
25.57077626,14,0,49.27073838,0.582250992,80.12,4,36256.67803,1,0.066451261,3821
73.51598174,10,4,64.85870556,0.365518211,78.83,7,35320.94545,2,0.003273791,3822
57.89954338,11,1,97.99453054,0.303491525,83.56,2,29255.42665,3,0.393439914,3823
45.15981735,11,2,75.84320875,0.384991706,76.09,3,31091.67665,2,0.154092925,3824
54.10958904,16,7,72.83500456,0.364796971,78.11,6,32746.15549,1,0.008126749,3825
42.19178082,12,0,56.88240656,0.47190119,79.79,3,15484.35508,2,0.077216928,3826
54.29223744,12,1,45.62443026,0.414923188,86.42,6,26633.96363,2,0.006491343,3827
27.48858447,16,0,76.52689152,0.22884313,80.98,3,29033.79042,1,0.144784764,3828
13.37899543,18,17,71.37648131,0.254447169,78.99,6,43767.58052,2,0.010959164,3829
42.46575342,16,0,62.7620784,0.47190119,77.65,2,43812.86573,3,0.59022175,3830
28.94977169,20,8,56.83682771,0.303491525,78.84,2,23734.78472,2,0.321668685,3831
38.44748858,17,9,67.41112124,0.245431662,79.23,7,34641.51186,4,0.002951247,3832
51.73515982,7,6,76.20783956,0.335226109,81.78,7,40526.0175,3,0.003654182,3833
9.086757991,18,19,79.58067457,0.268150739,76.42,1,38318.56777,1,1.410503591,3834
22.87671233,18,2,35.82497721,0.869304724,80.9,3,22888.0825,3,0.114141495,3835
42.96803653,9,24,82.3609845,0.395810314,80.83,7,25796.94853,0,0.002476522,3836
31.09589041,16,1,54.64904284,0.442330328,78.06,1,28193.96225,1,1.046003753,3837
20.50228311,15,9,59.89061076,0.267429499,80.55,4,36059.22158,2,0.066531454,3838
36.84931507,14,13,55.24156791,0.541140281,85.61,2,48162.87229,4,0.65080304,3839
59.04109589,7,5,49.95442115,0.543664623,79.92,6,27551.10353,2,0.006920266,3840
63.19634703,13,12,75.75205105,0.388597908,83.29,7,17099.5184,5,0.001614115,3841
47.03196347,14,2,89.42570647,0.217663902,78.8,2,33395.50174,2,0.450817704,3842
15.43378995,17,4,63.90154968,0.287624234,81.36,2,39760.76834,4,0.537889904,3843
36.25570776,11,5,48.22242479,0.680339704,79.74,1,29433.30072,1,1.090265981,3844
34.74885845,14,5,62.07839562,0.408071403,79.09,4,22429.33718,2,0.040926354,3845
49.26940639,7,0,79.89972653,0.245792283,78.86,4,42329.01793,3,0.07768469,3846
34.29223744,15,0,80.35551504,0.196387306,76.11,2,16149.3177,2,0.209602823,3847
33.24200913,12,9,65.58796718,0.193502344,78.71,4,27140.41453,3,0.050222997,3848
76.66666667,6,12,65.90701914,0.338471691,76.28,2,42303.406,3,0.572514343,3849
29.7260274,13,0,61.57702826,0.367321313,82.23,3,41940.40947,1,0.209889349,3850
47.03196347,14,13,76.98268004,0.324768121,80,2,49881.27037,2,0.668862533,3851
47.12328767,11,9,66.1349134,0.337750451,78.14,5,14532.73839,2,0.012337984,3852
48.85844749,14,23,71.28532361,0.190617382,75.99,2,29143.75455,3,0.394277173,3853
14.47488584,17,2,65.67912489,0.520945546,80.07,4,36350.87515,1,0.06672159,3854
29.7716895,13,10,61.57702826,0.375976199,82.23,4,44952.51688,3,0.08203656,3855
46.48401826,15,7,60.98450319,0.279690588,76.75,5,30122.31936,2,0.020409747,3856
53.19634703,16,3,40.83865087,0.456033898,77.25,5,39496.16002,3,0.026629536,3857
55.34246575,8,3,85.68824066,0.277526866,81.38,3,39455.08099,2,0.196654787,3858
37.30593607,10,2,57.83956244,0.333423008,80.37,4,30242.20669,1,0.055562655,3859
46.02739726,15,3,63.35460346,0.453509556,80.98,2,25874.96575,1,0.349438433,3860
24.61187215,18,4,55.28714676,0.371288136,84.82,1,29321.83173,0,1.075385434,3861
24.38356164,14,2,84.18413856,0.301327804,80.2,6,25111.1749,2,0.006375142,3862
44.56621005,15,0,80.85688241,0.358305806,79.54,4,37935.80165,3,0.069603156,3863
32.28310502,15,0,56.19872379,0.547270826,77.04,1,40226.47701,0,1.494719746,3864
28.35616438,13,8,61.39471285,0.26851136,80.96,5,45084.54872,2,0.029708181,3865
24.97716895,14,9,59.79945305,0.382827984,79.99,6,39818.78238,2,0.009471383,3866
12.69406393,18,6,38.14949863,0.754627479,79.03,6,44048.36539,3,0.010519625,3867
17.07762557,16,19,69.18869644,0.325849982,78.04,4,34283.77462,1,0.062953935,3868
26.94063927,13,1,66.27164995,0.422856834,80.27,4,46371.52752,2,0.08458346,3869
36.84931507,14,11,91.20328168,0.271396322,84.48,6,25377.66481,2,0.006375977,3870
36.07305936,14,4,62.16955333,0.496423368,76.58,6,36736.64282,0,0.009264392,3871
39.26940639,13,3,69.00638104,0.253725929,81.83,3,19018.70511,4,0.096880539,3872
36.39269406,11,2,79.35278031,0.199632889,76.89,4,29572.33173,3,0.052850543,3873
36.25570776,11,2,70.87511395,0.339914172,81.11,5,12666.7712,0,0.00868878,3874
18.35616438,20,3,65.63354603,0.28257555,79.37,6,23081.83983,1,0.005595536,3875
62.37442922,6,1,73.01731996,0.279329968,79.19,1,16229.72834,2,0.569124611,3876
19.13242009,16,6,74.61257976,0.238940498,79.32,1,20313.47617,2,0.741000086,3877
42.55707763,8,12,34.86782133,0.49930833,79.15,1,34325.61508,3,1.268472711,3878
45.75342466,11,4,74.88605287,0.233531194,77.6,3,29664.81179,0,0.147944221,3879
58.44748858,4,20,76.34457612,0.292672917,78.28,4,32690.62577,2,0.059580342,3880
37.39726027,14,1,69.14311759,0.304573386,79.28,5,35553.18579,2,0.024404521,3881
36.43835616,10,5,56.42661805,0.486326001,78.37,1,39396.11662,1,1.43817383,3882
18.76712329,16,7,72.15132179,0.279690588,84.53,3,32811.58251,3,0.163962378,3883
38.76712329,13,0,72.4247949,0.386794807,84.51,3,38521.30389,2,0.192253395,3884
12.46575342,18,3,59.25250684,0.392204111,77.04,1,31491.27636,3,1.158499315,3885
52.92237443,9,0,82.08751139,0.271756942,77.8,3,37541.67637,4,0.187059501,3886
38.58447489,13,11,63.35460346,0.298442842,79.56,6,30660.27529,2,0.007078022,3887
6.347031963,19,6,89.88149499,0.219827624,75.15,2,31250.15837,3,0.424482358,3888
77.30593607,4,2,39.88149499,0.406628922,76.12,3,35044.20884,2,0.174775776,3889
21.23287671,15,2,62.16955333,0.337750451,80.5,1,26397.20312,3,0.977273486,3890
60.1369863,7,20,67.45670009,0.409513884,84.03,3,11265.91779,3,0.054090554,3891
51.18721461,10,7,69.78122151,0.35037216,79.69,2,38384.43182,1,0.52019023,3892
40.54794521,9,4,54.05651778,0.380303642,77.91,3,14353.58466,3,0.075139231,3893
54.88584475,15,2,74.02005469,0.237498017,80.45,6,24784.66387,1,0.00597945,3894
31.55251142,19,7,61.71376481,0.311425171,81.13,3,30406.02223,3,0.151931986,3895
16.11872146,17,0,47.90337284,0.493899026,77.04,4,36683.45992,1,0.067847156,3896
47.44292237,11,0,60.43755697,0.503635774,82.81,1,17786.07136,3,0.619400816,3897
25.70776256,14,0,76.02552416,0.386434187,78.23,7,33945.4313,1,0.003101218,3898
44.01826484,8,1,60.66545123,0.476228633,79.34,4,24865.19608,2,0.04544947,3899
41.55251142,13,8,62.57976299,0.437281644,80.23,4,28542.00418,0,0.051350229,3900
33.97260274,15,2,68.32269827,0.134,82.97,3,26859.19154,4,0.13461137,3901
62.00913242,10,1,66.49954421,0.400137757,78.49,2,42059.52891,0,0.572514343,3902
44.47488584,15,0,86.78213309,0.240382979,83.51,5,30619.78737,0,0.019551683,3903
42.28310502,16,7,57.47493163,0.662308691,79.61,5,34887.21721,2,0.023773883,3904
50.0456621,17,18,74.02005469,0.250840966,81.04,6,45934.13348,2,0.011699318,3905
40.54794521,9,7,54.05651778,0.592348359,77.21,4,47156.93843,2,0.086740473,3906
82.78538813,7,21,58.93345488,0.397252795,83.41,3,43564.09444,2,0.214244805,3907
0.913242009,21,1,54.64904284,0.333423008,85.22,3,43590.44521,2,0.217024048,3908
23.60730594,14,7,82.04193254,0.355060224,79.52,7,37519.01385,1,0.003673274,3909
25.25114155,17,3,76.93710119,0.355060224,76.75,1,42453.45272,1,1.555653829,3910
30.91324201,16,1,67.59343665,0.251922827,82.14,3,33951.33867,3,0.167541354,3911
71.64383562,11,17,84.86782133,0.168980166,81.1,7,28435.80371,3,0.002827191,3912
38.26484018,10,2,66.45396536,0.474064912,79.39,4,32677.20608,2,0.059580342,3913
29.7716895,12,3,66.90975387,0.355420844,82.3,4,43852.84535,2,0.080228792,3914
42.05479452,19,9,69.18869644,0.380303642,77.07,7,14342.69065,3,0.001035952,3915
24.88584475,14,19,58.52324521,0.508323837,76.67,1,25614.29953,3,0.938862345,3916
74.20091324,10,0,61.21239745,0.272478182,80.41,7,26727.9541,3,0.002534247,3917
63.19634703,13,1,72.97174111,0.364796971,79.77,4,19708.06881,0,0.036397697,3918
45.34246575,15,5,89.51686418,0.173307609,78.5,4,30792.69503,4,0.057508197,3919
47.62557078,14,1,46.03463993,0.40482582,79.33,1,42902.38498,3,1.566207555,3920
46.11872146,15,0,59.98176846,0.517339344,76.95,1,17590.82705,3,0.647130362,3921
37.99086758,13,0,59.29808569,0.492095925,79.23,3,24865.19608,2,0.123961615,3922
41.00456621,9,10,46.08021878,0.545828345,85.58,3,37882.52721,2,0.189029307,3923
36.16438356,11,0,79.89972653,0.355060224,76.89,4,41401.72298,2,0.076017227,3924
42.10045662,12,2,69.14311759,0.380303642,79.46,3,37571.9051,3,0.187016357,3925
30.73059361,12,1,64.03828624,0.514093761,77.6,1,37533.17511,0,1.381715701,3926
10.86757991,18,1,75.66089335,0.388237288,81.97,7,40231.67954,4,0.003625472,3927
36.57534247,14,7,61.30355515,0.344241616,79.43,6,34715.23615,2,0.008476701,3928
26.25570776,17,4,78.76025524,0.398334656,78.54,6,21680.6166,2,0.005009797,3929
36.25570776,11,5,52.96262534,0.286181753,76.35,3,34748.48773,2,0.173410918,3930
18.94977169,19,0,64.5396536,0.424299315,80.76,6,35557.67809,2,0.008917267,3931
39.45205479,13,5,75.47857794,0.426823657,79.17,6,21680.6166,2,0.005326978,3932
53.24200913,13,13,56.10756609,0.366960692,83.53,1,29033.29425,2,1.066359535,3933
45.15981735,11,4,60.16408387,0.633098449,79.64,1,41729.04072,0,1.5469248,3934
49.5890411,10,38,69.59890611,0.215860801,80.65,4,24386.64992,2,0.044566011,3935
69.7716895,8,2,71.0118505,0.233891814,77.82,5,45351.56632,3,0.02902201,3936
27.85388128,13,3,51.27620784,0.422496213,87,2,32847.03796,2,0.444452039,3937
32.55707763,12,3,57.15587967,0.489932203,77.83,1,24135.44337,1,0.894409699,3938
30.82191781,16,0,72.15132179,0.413480707,84.72,6,36877.74755,3,0.008922525,3939
63.65296804,6,7,52.68915223,0.317916336,78.06,4,30190.76531,2,0.055267526,3940
33.74429224,15,6,79.85414768,0.313588893,81.08,3,30317.40377,1,0.152109025,3941
34.84018265,11,19,60.25524157,0.367321313,78.64,2,28904.69701,1,0.391182536,3942
46.02739726,15,9,66.86417502,0.272117562,81.82,1,32555.64383,2,1.189738509,3943
48.85844749,17,5,71.87784868,0.238940498,79.81,7,40703.06963,2,0.003553235,3944
32.37442922,15,1,76.02552416,0.286181753,78.8,3,38883.49145,3,0.19273268,3945
35.70776256,14,2,82.31540565,0.221270105,75.68,3,16837.05984,1,0.083257487,3946
21.87214612,15,0,55.19598906,0.240743599,76.49,1,47507.71687,2,1.748519461,3947
39.36073059,10,11,65.72470374,0.449903354,77.5,1,21489.47502,1,0.790553606,3948
38.03652968,10,1,54.05651778,0.384270465,78.47,4,35695.99017,1,0.065037421,3949
29.17808219,13,1,64.94986326,0.345684097,77.56,1,35104.56703,2,1.293845573,3950
42.87671233,12,14,70.14585232,0.326931843,83.01,3,30428.30313,3,0.150707712,3951
37.26027397,14,2,58.93345488,0.44485467,78.85,7,42912.52443,1,0.004297175,3952
39.45205479,17,2,59.93618961,0.349290299,84.1,1,29033.29425,3,1.066359535,3953
47.12328767,11,9,66.1349134,0.337750451,78.5,3,24548.43219,0,0.122797459,3954
31.23287671,12,2,74.74931632,0.20179661,76.27,1,31531.7962,1,1.162902068,3955
36.07305936,18,2,76.61804923,0.346405337,78.83,1,17085.51952,2,0.664870454,3956
40.95890411,9,4,76.43573382,0.281854309,84.48,4,27206.77747,3,0.049622739,3957
47.89954338,18,2,46.03463993,0.495702128,81.55,7,30664.96845,3,0.002908779,3958
41.36986301,9,0,47.17411121,0.456755139,82.08,1,38407.95471,2,1.407755268,3959
42.32876712,9,8,80.62898815,0.331619906,82.8,4,33680.09968,1,0.060911324,3960
41.14155251,9,5,80.90246126,0.291591057,83.38,1,27249.2882,3,1.006584369,3961
27.39726027,17,0,76.52689152,0.20215723,78.7,4,37623.17303,3,0.068521039,3962
61.23287671,10,15,72.74384686,0.427905517,79.23,2,45300.02702,3,0.610441183,3963
28.81278539,16,1,54.32999088,0.375254959,81.57,1,30380.86152,2,1.117649436,3964
56.30136986,8,1,60.43755697,0.51265128,76.99,3,38732.7087,1,0.192532112,3965
43.33333333,12,1,57.42935278,0.442690948,83.9,2,37121.91547,3,0.503141111,3966
34.79452055,11,0,74.24794895,0.198190408,80.49,6,37066.96224,1,0.008406733,3967
24.70319635,18,3,62.07839562,0.518421204,83.48,6,36405.03304,1,0.008317076,3968
20.456621,15,26,58.43208751,0.467573747,77.48,4,25242.78955,1,0.045305004,3969
18.35616438,20,9,68.59617138,0.308540209,76.74,3,21890.57091,3,0.106939064,3970
35.11415525,11,10,50.72926162,0.527076091,81.42,4,36601.5953,3,0.06789051,3971
68.49315068,11,3,59.11577028,0.365878832,79.21,7,35154.72726,2,0.003212363,3972
41.82648402,12,0,62.67092069,0.317555716,82.41,3,21402.76011,2,0.105168518,3973
56.75799087,8,10,59.02461258,0.362633249,77.17,7,39867.474,1,0.003654452,3974
26.71232877,13,25,63.90154968,0.264183916,80.96,1,23362.5383,2,0.859867418,3975
78.58447489,8,1,93.16317229,0.261659574,78.7,7,44434.08715,3,0.00394519,3976
21.27853881,15,5,45.16864175,0.699813199,79.06,1,48583.54863,2,1.781913839,3977
66.57534247,9,2,37.28350046,0.594512081,80.2,4,24079.42436,1,0.043855655,3978
9.086757991,18,4,56.60893345,0.365878832,79.71,3,33783.78236,0,0.168758363,3979
72.00913242,9,2,45.39653601,0.520945546,78.67,7,25644.46842,0,0.002143519,3980
46.89497717,14,6,66.08933455,0.30998269,78.3,1,24554.58551,2,0.887893342,3981
47.76255708,14,1,71.0118505,0.522388027,79.89,2,42622.37152,3,0.579515445,3982
50.2739726,13,11,69.64448496,0.460361342,83.08,2,16200.33643,2,0.214957085,3983