Safety_Score,Days_Since_Inspection,Total_Safety_Complaints,Control_Metric,Turbulence_In_gforces,Cabin_Temperature,Accident_Type_Code,Max_Elevation,Violations,Adverse_Weather_Metric,Accident_ID
18.12785388,16,5,57.83956244,0.330538045,78,5,31647.88432,3,0.021791943,3984
27.07762557,14,1,69.37101185,0.311425171,78.3,2,35553.18579,3,0.482865676,3985
46.34703196,8,2,72.01458523,0.302770285,79.76,2,39338.09069,1,0.532383165,3986
48.31050228,10,4,57.52051048,0.52635485,79.21,6,32656.99709,2,0.007844445,3987
47.89954338,14,3,41.8413856,0.745972593,81.17,3,14274.05901,3,0.072851338,3988
44.29223744,15,9,76.70920693,0.281854309,82.53,2,23412.78228,2,0.315570346,3989
27.94520548,17,1,57.24703737,0.441609088,76.58,7,32243.55261,2,0.003101218,3990
79.40639269,8,1,74.52142206,0.478392355,82.26,1,30270.79367,0,1.113570002,3991
39.49771689,13,0,72.19690064,0.416726289,78.3,3,29135.86714,4,0.145497843,3992
34.01826484,18,0,46.35369189,0.663029931,87.11,2,11344.02219,2,0.167498544,3993
58.03652968,11,6,68.91522334,0.254086549,83.45,2,36790.50081,3,0.499470696,3994
50.3652968,13,11,77.16499544,0.234613054,80.61,2,40666.47071,2,0.550538134,3995
52.14611872,16,0,82.95350957,0.271396322,78.11,7,37253.90537,1,0.003640686,3996
43.24200913,12,10,52.14220602,0.522748648,79.89,1,21595.68715,1,0.801636301,3997
37.57990868,14,9,61.89608022,0.275723765,79.05,6,33355.86404,1,0.008295639,3998
24.61187215,14,2,62.07839562,0.452788316,81.09,4,24892.55613,1,0.045340764,3999
52.23744292,9,14,78.07657247,0.179438154,78.56,1,9759.362337,3,0.416754744,4000
42.51141553,12,13,79.58067457,0.222351965,79.18,6,27724.25601,2,0.006872156,4001
22.78538813,15,13,73.01731996,0.333062387,88.57,2,23513.76332,2,0.3156387,4002
49.49771689,10,5,68.77848678,0.270675081,81.1,3,38968.23652,3,0.193995762,4003
20.95890411,15,9,70.55606199,0.308900829,79.58,1,36818.98439,3,1.347849527,4004
20.1826484,15,3,65.81586144,0.193502344,78.99,4,27035.83879,2,0.049008374,4005
42.28310502,12,11,40.06381039,0.518781825,79.89,6,39871.18607,1,0.010025347,4006
41.36986301,9,7,52.68915223,0.328374324,77.3,3,27243.15115,2,0.135825197,4007
30.59360731,16,4,53.55515041,0.310703931,76.92,6,8585.998104,1,0.000436301,4008
55.66210046,12,2,80.85688241,0.219467003,81.04,2,47106.13538,1,0.637636245,4009
65.43378995,9,37,54.05651778,0.436560404,75.35,7,44574.06272,3,0.004076263,4010
72.55707763,7,8,18.45943482,0.774822214,79.13,3,33579.70499,2,0.16732167,4011
63.69863014,13,0,45.62443026,0.496783988,79.64,1,35305.17414,0,1.297346425,4012
38.99543379,10,2,62.80765725,0.328734944,80.53,4,42489.06774,1,0.077528301,4013
42.51141553,12,6,68.04922516,0.311064551,81.06,4,26755.00794,2,0.049008374,4014
44.42922374,8,4,62.26071103,0.409513884,80.06,4,30372.7583,4,0.05576251,4015
51.32420091,13,0,54.28441203,0.467213127,75.97,3,37599.70963,3,0.187522601,4016
63.19634703,13,12,66.36280766,0.572514245,76.71,3,28354.12168,1,0.142232506,4017
29.08675799,16,0,42.57064722,0.447379012,83.27,4,22647.2609,3,0.041271889,4018
15.15981735,17,0,78.03099362,0.247234764,79.51,4,33822.19862,3,0.062069959,4019
46.16438356,11,3,69.27985415,0.306376488,86.31,3,33523.70234,2,0.168586749,4020
30.3196347,16,9,57.01914312,0.284739272,78.74,3,18917.97273,1,0.096619645,4021
28.85844749,13,6,51.27620784,0.422496213,87,4,29784.74647,1,0.054642187,4022
62.78538813,6,4,80.08204193,0.502914533,79.28,3,33346.78557,3,0.166023869,4023
45.34246575,15,1,72.83500456,0.329456185,81.26,2,49881.27037,2,0.678555592,4024
35.98173516,11,7,67.54785779,0.344602236,80.96,1,35322.67598,3,1.304840743,4025
38.08219178,13,3,65.95259799,0.338832312,75.68,3,36742.99032,1,0.182502203,4026
12.69406393,18,6,55.37830447,0.30998269,82.81,4,36830.54453,3,0.067308421,4027
11.50684932,18,1,88.28623519,0.179438154,77.63,2,30094.08924,2,0.408795984,4028
77.76255708,8,0,51.45852325,0.640310855,79.03,7,24122.82342,3,0.002217475,4029
40.3652968,13,5,70.69279854,0.372369996,78.23,4,28800.00586,2,0.052745465,4030
28.90410959,13,2,68.36827712,0.398695276,81.48,4,32874.41186,2,0.060013009,4031
54.97716895,12,4,59.98176846,0.374894338,79.31,6,36365.81771,2,0.009197041,4032
34.93150685,14,13,62.07839562,0.456033898,80.35,6,18816.72362,1,0.004280063,4033
44.42922374,12,14,51.77757521,0.549795168,80.32,7,38896.17291,2,0.003654452,4034
41.55251142,16,6,84.13855971,0.280411828,81.08,2,30336.18148,1,0.412117131,4035
9.315068493,19,10,49.86326345,0.354699603,77.56,7,27972.92065,1,0.002902411,4036
39.9086758,13,4,82.22424795,0.318276956,81.53,3,23126.29197,1,0.114395822,4037
62.37442922,6,2,57.42935278,0.466491886,79.1,5,43400.02761,3,0.030341706,4038
27.16894977,13,4,67.7301732,0.252644068,89.13,4,25170.33063,0,0.045830423,4039
40.77625571,13,17,73.33637192,0.45819762,76.4,3,37862.91999,3,0.189583681,4040
47.48858447,11,0,53.91978122,0.432232961,79.6,2,40360.61209,2,0.545562193,4041
46.84931507,14,9,83.8650866,0.289427335,87.79,2,40622.72929,3,0.549198026,4042
38.44748858,10,7,85.59708295,0.263823296,81.7,2,22068.22223,2,0.300683552,4043
46.11872146,11,0,46.03463993,0.602445727,81.42,3,39473.09504,0,0.198115802,4044
77.67123288,2,14,64.76754786,0.371288136,82.49,2,28213.42762,3,0.381682847,4045
31.96347032,15,0,61.57702826,0.483801659,83.57,2,36109.01287,2,0.488682348,4046
50.50228311,13,9,47.72105743,0.351454021,77.92,2,29368.16755,2,0.399359326,4047
29.6803653,13,15,54.92251595,0.43079048,87,2,24744.15842,1,0.335627809,4048
29.49771689,16,2,62.8532361,0.321522539,85.26,5,36656.54735,3,0.025344491,4049
56.02739726,12,18,56.06198724,0.388237288,77.74,6,27903.57087,1,0.00670008,4050
20.0456621,19,8,54.6946217,0.467213127,77.75,7,14240.57263,3,0.001395294,4051
47.48858447,11,0,50.59252507,0.523469888,79.89,2,20134.14523,2,0.266623439,4052
36.16438356,11,1,67.59343665,0.257332131,80.98,4,27412.26472,1,0.050389694,4053
52.96803653,9,3,66.72743847,0.311785792,88.62,6,23998.30486,3,0.006300939,4054
10.86757991,18,2,54.46672744,0.484162279,78.13,4,34345.36342,4,0.062808634,4055
58.40182648,11,5,64.81312671,0.45891886,80.63,2,32702.14799,1,0.442948592,4056
30.1826484,12,6,62.12397448,0.427905517,80.55,6,17869.27129,2,0.004774618,4057
50,16,19,48.95168642,0.43187234,76.48,7,22951.83593,3,0.002201649,4058
40.77625571,13,0,70.19143118,0.546188965,78.23,3,29683.29636,4,0.147944221,4059
30.77625571,19,2,44.39380128,0.339192932,79.57,3,21741.07941,2,0.107173258,4060
62.69406393,6,5,80.40109389,0.308540209,78.43,6,28627.91381,1,0.00752627,4061
64.93150685,9,15,49.68094804,0.347487198,76.3,2,15521.1855,1,0.217882733,4062
36.75799087,14,10,72.83500456,0.237858637,79.58,1,44088.64526,0,1.605982308,4063
55.43378995,12,1,50.18231541,0.564219978,77.9,5,44244.62918,2,0.029708181,4064
19.36073059,19,0,59.89061076,0.523469888,77.97,4,35901.48037,1,0.06657895,4065
49.5890411,10,3,88.650866,0.173307609,80.98,6,46306.19207,2,0.011699318,4066
48.72146119,18,19,44.34822242,0.621919221,79.37,6,22727.32152,2,0.005595536,4067
46.48401826,11,13,45.85232452,0.355781464,78.68,3,24518.01247,4,0.121332213,4068
27.94520548,20,6,76.48131267,0.264905157,83.54,5,23270.13309,3,0.01499081,4069
20.1826484,15,0,85.5515041,0.263823296,78.15,3,33146.07003,1,0.165002364,4070
39.45205479,13,0,48.22242479,0.493899026,81.15,6,45332.30276,4,0.011517092,4071
29.9543379,16,12,61.39471285,0.443051569,79.39,7,32666.80939,3,0.003086182,4072
50.50228311,6,3,80.35551504,0.293394158,77.2,4,45606.55361,3,0.082792377,4073
19.9086758,16,0,64.12944394,0.368763794,78.46,4,55982.29272,2,0.114134652,4074
27.71689498,13,2,74.79489517,0.361190768,79.85,2,37435.5728,1,0.508617991,4075
33.83561644,11,1,73.60984503,0.412398846,84.4,1,33963.8106,1,1.249058097,4076
68.26484018,12,1,73.74658159,0.351454021,81.46,2,29887.80597,0,0.406933962,4077
47.89954338,11,0,74.88605287,0.306015867,81.13,3,33067.62441,2,0.165002364,4078
81.46118721,7,3,79.94530538,0.235334295,81.38,7,21640.53466,3,0.001768882,4079
50.1369863,13,12,69.91795807,0.464328164,76.09,2,16200.33643,3,0.209602823,4080
27.53424658,13,1,43.16317229,0.48596538,79.92,1,30233.19108,2,1.114040918,4081
25.98173516,14,3,59.61713765,0.426823657,77.25,4,21403.66992,3,0.039861126,4082
36.11872146,11,7,58.79671832,0.41816877,78.06,4,34804.22081,3,0.064538143,4083
18.53881279,16,7,62.07839562,0.425381176,81.18,4,26227.63774,3,0.048606633,4084
44.33789954,15,4,93.66453965,0.22920375,83.34,2,30619.78737,2,0.415749786,4085
12.19178082,18,5,75.43299909,0.290509196,79.84,2,20313.47617,2,0.274727998,4086
45.20547945,15,1,83.91066545,0.231367472,78.02,2,34553.53351,1,0.468290903,4087
83.65296804,7,1,64.17502279,0.273199423,77.55,7,33393.25319,4,0.003116459,4088
51.55251142,17,1,56.42661805,0.324768121,76.3,5,36324.943,3,0.024057487,4089
18.72146119,19,9,82.22424795,0.371648756,84.33,6,56224.44631,2,0.014474365,4090
33.78995434,15,2,67.27438469,0.387516048,78.59,3,13375.35486,2,0.063996525,4091
25.66210046,21,10,56.83682771,0.307818969,78.84,7,21723.65491,2,0.001922183,4092
52.96803653,9,1,72.6071103,0.421774973,76.69,3,31688.28837,2,0.15796768,4093
39.40639269,10,8,53.91978122,0.551598269,80.02,1,21865.11196,3,0.801636301,4094
13.74429224,17,5,70.73837739,0.324046881,77.92,3,31286.09685,3,0.155972033,4095
55.25114155,12,8,48.72379216,0.508684457,77.93,3,44516.62973,1,0.219711212,4096
66.57534247,5,14,48.13126709,0.625164803,79.75,3,42042.61793,2,0.209340193,4097
38.44748858,17,3,70.14585232,0.370927515,80.96,5,31310.54672,2,0.021075799,4098
15.66210046,17,3,60.16408387,0.281493689,85.9,6,16878.48431,2,0.004461879,4099
53.83561644,9,3,75.47857794,0.370927515,76.09,2,25019.92995,1,0.337996375,4100
55.79908676,8,12,77.66636281,0.334865489,82.88,4,29115.93173,3,0.0536168,4101
29.6347032,16,0,74.79489517,0.384631085,76.85,6,29135.86714,2,0.007092741,4102
57.67123288,11,4,73.97447584,0.232809953,78.67,1,22336.4072,2,0.826575576,4103
43.65296804,12,10,67.91248861,0.30926145,79.17,3,20822.30944,2,0.104738442,4104
45.15981735,8,20,77.34731085,0.245792283,82.15,7,51867.84128,3,0.004696116,4105
22.19178082,15,4,71.0118505,0.334865489,81.26,1,13658.8165,2,0.518572471,4106
68.63013699,11,4,88.46855059,0.185208078,79.88,3,30107.34664,2,0.149678161,4107
59.40639269,11,16,76.93710119,0.428266138,78.18,2,29288.4481,1,0.393439914,4108
55.79908676,15,5,80.35551504,0.246513523,79.23,7,5513.586528,3,0.001429418,4109
45.06849315,15,0,69.325433,0.298803462,83.74,2,37349.24946,3,0.503944599,4110
62.19178082,6,1,73.01731996,0.352175261,79.79,4,34982.99273,2,0.064052972,4111
22.83105023,15,2,47.21969006,0.438724125,79.46,2,27716.34617,1,0.377819605,4112
41.68949772,13,2,73.97447584,0.414562568,81.02,3,19754.58124,3,0.098496104,4113
37.30593607,14,7,79.21604376,0.224876307,78.08,6,34929.74042,2,0.008476701,4114
39.45205479,13,21,69.4165907,0.462885683,79.07,3,44552.86883,4,0.219973374,4115
53.78995434,9,2,80.674567,0.219827624,81.62,1,29328.14578,3,1.092579887,4116
29.31506849,16,5,74.33910665,0.232809953,76.16,3,35317.91194,3,0.175319533,4117
35.38812785,18,1,66.18049225,0.430429859,82.31,2,41053.14487,1,0.556158162,4118
31.50684932,16,5,58.11303555,0.330538045,79.72,6,20387.3562,4,0.005255821,4119
47.12328767,11,7,61.39471285,0.330898666,82.14,5,39675.1875,2,0.025719249,4120
48.44748858,14,3,48.08568824,0.441969708,77.69,2,27506.84893,3,0.372872915,4121
39.36073059,10,1,60.66545123,0.395089073,82.81,4,36221.85839,2,0.06668407,4122
76.11872146,6,11,65.13217867,0.356142084,77.1,2,10487.6113,3,0.169198631,4123
79.6803653,8,22,45.39653601,0.717844212,78.87,7,42042.61793,3,0.004052827,4124
66.25570776,12,14,46.94621696,0.56602308,79.99,1,31864.08819,3,1.172214296,4125
42.69406393,9,10,85.18687329,0.281854309,81.73,1,35115.52848,3,1.295201557,4126
19.543379,19,0,38.92433911,0.612543094,88.01,1,33952.91928,2,1.25816103,4127
45.57077626,18,0,54.55788514,0.369485034,83.01,4,31450.5946,2,0.057707312,4128
33.74429224,18,6,54.19325433,0.592348359,79.2,3,31061.94666,4,0.154648326,4129
22.73972603,15,2,54.46672744,0.357584565,81.32,4,27318.35843,3,0.050406015,4130
35.52511416,14,8,72.37921604,0.36371511,76.92,4,30163.10943,2,0.055629647,4131
20.1826484,15,3,48.3135825,0.460000721,79.09,4,26548.89266,1,0.047663167,4132
48.99543379,14,3,58.47766636,0.387876668,82.99,2,37854.0579,2,0.512529006,4133
52.55707763,13,2,82.1786691,0.26887198,79.54,2,32572.07315,2,0.440815075,4134
33.60730594,18,12,56.70009116,0.605691309,81.66,5,38272.30046,2,0.025787673,4135
22.73972603,15,7,73.01731996,0.265987018,81.91,4,29660.96349,1,0.054865468,4136
49.45205479,14,14,67.31996354,0.192059863,88.11,7,34480.6632,2,0.003325821,4137
61.87214612,13,13,69.5077484,0.246874144,77.27,7,27295.81652,3,0.002483776,4138
16.52968037,16,4,59.16134913,0.382827984,78.72,1,35522.81412,4,1.307928612,4139
39.543379,9,2,52.64357338,0.456033898,77.48,4,30820.20887,4,0.05632954,4140
50.1369863,13,12,69.59890611,0.303852146,79.62,4,36389.91282,1,0.066766997,4141
39.543379,9,1,38.33181404,0.671324198,88.18,4,22647.2609,1,0.041271889,4142
63.65296804,9,12,67.7301732,0.374533718,80.13,5,36375.7755,2,0.024227215,4143
23.47031963,14,6,53.50957156,0.264544537,76.93,1,18799.48957,2,0.691708669,4144
24.84018265,14,21,62.03281677,0.527797331,76.07,4,21212.0283,3,0.038347765,4145
61.78082192,13,13,64.4484959,0.320801298,79.17,7,16545.07182,3,0.00135807,4146
32.37442922,15,6,63.26344576,0.448460873,76.56,6,24411.82913,2,0.005929593,4147
64.42922374,13,10,60.16408387,0.542582762,77.61,7,35509.22852,2,0.003214794,4148
57.12328767,8,10,77.43846855,0.414201947,78.05,3,31378.04283,2,0.155473833,4149
40.63926941,13,8,65.90701914,0.30998269,78.29,2,23123.37793,0,0.309756513,4150
53.74429224,16,4,53.69188696,0.551598269,83.94,4,30195.73922,1,0.055658724,4151
16.48401826,16,1,82.1786691,0.144818608,82.97,4,45084.69164,3,0.081120093,4152
33.51598174,18,12,56.70009116,0.605691309,82.69,3,52378.41562,3,0.257153814,4153
32.73972603,12,16,73.10847767,0.290148576,79.63,1,43611.81624,0,1.629170565,4154
54.10958904,12,1,59.16134913,0.355060224,83.12,2,41368.5261,3,0.558462255,4155
66.57534247,5,4,58.20419325,0.307458348,80.71,3,20292.70582,1,0.10150267,4156
56.52968037,12,0,39.83591613,0.486326001,77.25,2,49762.79706,1,0.674011436,4157
33.74429224,15,16,70.14585232,0.299885323,81.85,6,28793.16869,3,0.007330248,4158
37.07762557,14,16,77.93983592,0.298082221,82.75,6,22637.52467,1,0.005761944,4159
28.72146119,20,5,56.5633546,0.351093401,88.39,4,18640.07253,2,0.03389422,4160
43.65296804,15,7,49.81768459,0.408432023,77.75,4,14515.79515,2,0.026105531,4161
31.14155251,12,5,85.59708295,0.29663974,83.01,1,27037.41641,4,1.006584369,4162
28.90410959,13,6,50.68368277,0.481277317,77.74,4,36010.89648,3,0.066531454,4163
64.24657534,6,4,64.6308113,0.356863325,78.28,3,33773.40314,3,0.167541354,4164
40.63926941,9,6,54.05651778,0.551958889,75.9,4,37524.25422,2,0.068229449,4165
33.69863014,15,6,69.55332726,0.30926145,77.52,3,16902.3487,1,0.084151839,4166
22.05479452,15,19,79.94530538,0.268150739,78.92,4,20146.91725,2,0.036900366,4167
38.17351598,17,0,71.69553327,0.367681933,80.14,5,37047.55116,2,0.025219565,4168
30.4109589,12,6,74.93163172,0.227400649,77.29,6,30077.41619,2,0.007077648,4169
51.41552511,9,16,64.08386509,0.44521529,84.19,6,30147.90544,3,0.007158239,4170
42.51141553,12,4,76.07110301,0.293033538,83.38,6,34032.096,1,0.009142216,4171
0,21,14,63.90154968,0.3226044,88.11,3,24144.01153,2,0.119252737,4172
38.44748858,17,23,52.82588879,0.247956004,83.43,7,24506.96974,1,0.002307668,4173
35.29680365,14,2,64.99544211,0.507963217,80.9,3,25272.12489,0,0.125490502,4174
53.78995434,12,10,56.79124886,0.279690588,77.3,1,21723.65491,3,0.790553606,4175
57.16894977,15,2,74.79489517,0.224876307,80.45,7,16008.61327,3,0.000763559,4176
34.01826484,11,1,50.86599818,0.481277317,77.67,4,32749.97793,0,0.060223054,4177
51.78082192,9,11,61.62260711,0.371288136,82.52,3,32509.93126,1,0.161857417,4178
47.12328767,11,7,69.91795807,0.316834475,79.86,6,19100.87039,3,0.004920492,4179
35.43378995,17,8,50.82041933,0.438002885,77.62,5,49350.33362,1,0.033080119,4180
36.21004566,14,3,51.09389243,0.37741868,79.97,2,36091.55277,1,0.494990147,4181
43.33333333,12,1,90.15496809,0.298803462,83.82,5,48141.34855,1,0.033163543,4182
50.4109589,13,1,72.01458523,0.334865489,84.96,2,20228.12287,1,0.277637543,4183
38.08219178,13,13,70.10027347,0.354699603,81.37,3,18673.7669,2,0.089813358,4184
29.22374429,13,11,66.90975387,0.355420844,81.72,1,27087.62336,2,1.000881409,4185
42.00913242,16,13,81.03919781,0.234252434,78.76,2,22102.03854,3,0.292872789,4186
77.30593607,4,1,39.88149499,0.502914533,78.37,7,32364.35222,3,0.003045071,4187
32.23744292,12,4,66.2260711,0.463967544,81.76,4,27511.84047,3,0.050222997,4188
52.92237443,9,0,80.44667274,0.262380815,81.04,3,29216.41599,1,0.14544715,4189
56.89497717,8,10,68.41385597,0.397974035,79.89,3,37489.81256,0,0.186096296,4190
68.31050228,8,12,45.44211486,0.584054093,78.61,4,19721.15734,3,0.035617203,4191
27.67123288,13,1,55.60619872,0.479113595,78.31,4,27139.30343,2,0.049709403,4192
23.01369863,15,15,73.65542388,0.388958529,89.19,6,48169.64106,2,0.011215686,4193
27.76255708,16,3,49.86326345,0.360469528,81.72,2,36091.55277,1,0.488446052,4194
34.24657534,15,5,37.83044667,0.605691309,84.51,4,30889.14569,2,0.05793462,4195
31.14155251,12,8,57.52051048,0.478392355,77.83,2,47090.25698,1,0.633815557,4196
67.53424658,12,8,80.03646308,0.34965092,78.47,1,34183.3512,3,1.24852839,4197
68.21917808,8,2,56.70009116,0.469376848,83.58,7,27551.10353,2,0.002246824,4198
65.43378995,12,1,51.27620784,0.598118283,80.17,7,42768.50948,0,0.004244527,4199
37.57990868,14,6,72.4247949,0.294836639,79.99,1,28770.87501,3,1.058850069,4200
4.931506849,20,2,59.38924339,0.267429499,87.11,1,21997.4295,0,0.815688882,4201
25.25114155,17,9,66.63628077,0.366239452,80.67,3,22804.75449,3,0.112754073,4202
29.08675799,16,3,82.22424795,0.287624234,82.59,2,36366.15301,1,0.488682348,4203
32.42009132,12,8,54.28441203,0.590905878,76.99,4,31988.19599,0,0.058339823,4204
17.07762557,16,6,75.25068368,0.330538045,76.77,3,34283.77462,1,0.171426427,4205
33.97260274,11,4,69.55332726,0.324046881,77.2,4,32150.91088,2,0.059249695,4206
27.57990868,17,0,61.2579763,0.47117995,80.76,6,30323.3418,2,0.007365801,4207
46.02739726,8,8,67.41112124,0.31034331,83.51,3,33784.95372,3,0.168140869,4208
56.43835616,11,0,55.97082954,0.456394519,83.31,2,20574.54872,1,0.278446238,4209
20.456621,15,8,63.94712853,0.199632889,81.86,1,20584.32399,2,0.754724921,4210
58.08219178,11,5,68.91522334,0.199632889,81.69,2,30479.98025,2,0.408795984,4211
57.89954338,11,1,74.88605287,0.334504868,88.47,1,24312.57633,0,0.905184704,4212
44.79452055,8,6,52.59799453,0.392564731,77.91,4,37446.25097,1,0.068479774,4213
35.15981735,11,2,79.21604376,0.317555716,74.86,7,48882.99695,4,0.004696116,4214
53.78995434,5,5,63.35460346,0.301688424,81.3,4,36722.33357,3,0.067382659,4215
82.23744292,7,3,73.38195077,0.295197259,84.62,3,38792.57767,2,0.19273268,4216
46.66666667,15,4,57.06472197,0.308900829,77.69,2,29894.42595,2,0.406933962,4217
28.53881279,13,0,48.81494986,0.438002885,81.78,3,40797.96021,3,0.204090221,4218
44.70319635,8,0,62.57976299,0.409513884,77.3,1,8335.480494,3,0.306645191,4219
60.54794521,14,3,70.41932543,0.368042553,76.19,7,36343.41649,2,0.003173757,4220
36.02739726,14,25,72.698268,0.233531194,82.46,3,35684.88277,1,0.176919346,4221
15.89041096,17,0,51.91431176,0.493538406,79.81,1,13860.57832,2,0.518572471,4222
56.89497717,8,21,60.61987238,0.371648756,90.65,2,39765.51486,1,0.537374916,4223
66.57534247,8,1,72.65268915,0.467213127,84.4,7,41870.02622,3,0.004000459,4224
31.73515982,23,17,70.00911577,0.198190408,80.54,7,47182.81461,2,0.003878869,4225
62.51141553,13,22,45.89790337,0.804753696,76.81,7,42042.61793,4,0.003784553,4226
40.77625571,13,2,82.1786691,0.176553191,80.53,6,14519.24189,3,0.00309339,4227
64.65753425,13,19,72.65268915,0.388958529,80.35,1,21079.16911,2,0.773383505,4228
54.06392694,9,1,59.02461258,0.345323476,79.55,3,22475.12587,2,0.112198794,4229
77.76255708,8,1,49.22515953,0.541140281,87.34,4,37436.73221,4,0.067978271,4230
63.19634703,13,16,64.4484959,0.339192932,79.89,7,27787.34644,3,0.002414052,4231
61.55251142,10,2,52.41567912,0.47226181,78.28,7,30305.51648,1,0.002886358,4232
47.80821918,14,1,48.90610757,0.556286332,77.92,2,38375.43748,3,0.51935507,4233
48.72146119,11,1,84.54876937,0.20143599,82.45,3,39961.82076,1,0.19895819,4234
55.11415525,12,2,78.76025524,0.335586729,83.6,2,25265.93655,3,0.343286521,4235
6.347031963,19,6,74.15679125,0.221270105,77.79,4,26198.21584,2,0.048461958,4236
43.01369863,12,0,57.61166819,0.468655608,83.45,6,20265.04262,3,0.005030199,4237
37.12328767,11,0,73.70100273,0.291591057,78.7,6,21036.14873,3,0.005695697,4238
61.32420091,10,1,61.2579763,0.395449693,80.72,4,31639.1855,3,0.05719701,4239
29.36073059,13,13,78.30446673,0.243989181,84.32,1,32806.28957,1,1.211024263,4240
60.0913242,10,7,81.35824977,0.365157591,81.78,2,29150.1822,3,0.394504816,4241
27.26027397,13,9,86.9644485,0.21441832,80.27,2,33570.29637,3,0.453246293,4242
51.05022831,13,10,0,0.60641255,78.39,2,23758.61155,2,0.321668685,4243
19.6803653,15,3,54.55788514,0.335226109,74.82,2,61815.49829,0,0.836581797,4244
54.52054795,8,5,73.29079307,0.244349802,79.31,1,24609.03355,3,0.887893342,4245
64.01826484,13,2,53.46399271,0.392564731,77.08,7,42110.17765,4,0.004168662,4246
32.87671233,15,4,95.48769371,0.172946989,83.7,6,14287.47546,2,0.003031892,4247
30.91324201,12,3,74.61257976,0.20143599,76.42,1,30726.56447,3,1.136947655,4248
22.28310502,15,7,70.78395624,0.379582402,78.52,4,39792.62264,4,0.073235561,4249
34.47488584,14,17,75.29626253,0.3226044,82.75,6,41468.3975,2,0.009724337,4250
32.14611872,12,1,48.3135825,0.511569419,77.16,4,29502.76342,1,0.052845134,4251
31.82648402,12,2,80.35551504,0.22920375,79.83,1,31922.10032,2,1.172214296,4252
36.25570776,11,10,53.87420237,0.416365669,80.44,4,31239.85379,3,0.058028836,4253
69.543379,8,2,70.46490428,0.330538045,76.27,2,44265.54378,0,0.597413022,4254
41.32420091,13,6,62.26071103,0.437281644,77.1,6,20637.7837,2,0.005269257,4255
55.84474886,5,7,67.95806746,0.399055896,80.35,1,23295.84061,2,0.859867418,4256
27.48858447,13,0,67.09206928,0.587299675,80.71,1,38032.81389,1,1.39011858,4257
22.32876712,15,4,45.16864175,0.478392355,81.45,6,12866.61005,1,0.003556877,4258
29.49771689,16,2,49.13400182,0.4311511,81.39,1,32337.3177,1,1.189738509,4259
23.65296804,18,7,80.44667274,0.346765957,81.23,6,19201.50213,1,0.004278344,4260
39.7260274,16,7,53.00820419,0.311064551,80.14,2,32008.21936,2,0.431251475,4261
68.99543379,11,1,56.60893345,0.231728092,81.26,3,21723.65491,4,0.107908405,4262
44.52054795,8,3,52.91704649,0.410235124,77.36,2,29202.56773,3,0.395213777,4263
17.44292237,16,4,69.55332726,0.247234764,85.77,3,11940.76848,2,0.059449586,4264
25.29680365,14,3,76.80036463,0.229564371,80.64,3,33358.8046,1,0.166023869,4265
15.47945205,17,4,67.50227894,0.231367472,76.63,4,46674.08695,1,0.08458346,4266
31.87214612,15,6,63.21786691,0.448460873,76.22,6,31721.44615,1,0.008100385,4267
44.42922374,12,20,51.77757521,0.510848179,77.9,6,47882.56666,2,0.011494352,4268
56.66666667,11,1,55.97082954,0.335226109,85.61,5,49270.67061,3,0.032437386,4269
72.96803653,7,0,60.84776664,0.461082582,81.26,3,33640.83004,2,0.167165431,4270
72.00913242,10,7,75.7976299,0.287263613,84.92,7,34239.84979,3,0.003214794,4271
47.89954338,11,9,79.89972653,0.29555788,80.55,3,24906.04024,2,0.12433665,4272
49.5890411,10,8,55.24156791,0.264905157,83.6,7,37713.77228,2,0.003578425,4273
52.73972603,13,3,48.3135825,0.414923188,78.15,7,33950.88275,3,0.003185578,4274
55.02283105,16,34,64.81312671,0.551598269,78.85,6,10313.8778,3,0.002792542,4275
11.82648402,18,9,47.76663628,0.510126938,78.9,4,28451.0147,2,0.052136115,4276
40.63926941,9,13,74.2935278,0.338832312,79.37,4,37862.91999,0,0.069784362,4277
79.40639269,8,0,70.00911577,0.481637937,78.91,7,22921.07733,1,0.002236211,4278
45.98173516,15,3,63.35460346,0.594151461,83.32,7,25648.66761,2,0.0023283,4279
51.18721461,10,0,62.26071103,0.52527299,83.76,3,24973.68369,3,0.12462921,4280
46.43835616,11,13,38.78760255,0.635622791,78.9,3,22727.32152,2,0.113705263,4281
40.82191781,9,2,68.73290793,0.250840966,81.53,1,38968.23652,2,1.445692578,4282
25.57077626,14,2,51.04831358,0.628410386,78.99,4,24188.39484,1,0.044483766,4283
80.95890411,8,12,87.2379216,0.264544537,76.87,7,19262.18401,3,0.001654836,4284
59.04109589,11,2,69.37101185,0.294476019,80.44,2,48088.20172,0,0.65080304,4285
28.21917808,13,0,64.99544211,0.422856834,79.51,7,46371.52752,2,0.003837084,4286
22.96803653,15,0,66.54512306,0.306737108,78.36,4,30605.43215,2,0.0560106,4287
72.46575342,9,2,48.90610757,0.662308691,82.86,5,25644.46842,2,0.017351912,4288
55.66210046,12,21,55.51504102,0.568186801,83.71,2,20204.64898,0,0.273440189,4289