Safety_Score,Days_Since_Inspection,Total_Safety_Complaints,Control_Metric,Turbulence_In_gforces,Cabin_Temperature,Accident_Type_Code,Max_Elevation,Violations,Adverse_Weather_Metric,Accident_ID
65.43378995,12,12,77.75752051,0.308179589,76.56,2,32690.62577,1,0.442575446,4290
33.74429224,18,10,62.26071103,0.375254959,84.29,1,43422.95232,1,1.605982308,4291
33.69863014,15,7,66.0437557,0.354699603,78.75,3,40491.88624,1,0.202363111,4292
28.67579909,16,11,52.46125798,0.32368626,81.39,1,30063.40507,2,1.107264599,4293
30.73059361,19,2,59.38924339,0.427184277,79.66,1,32337.3177,1,1.189623436,4294
52.37442922,9,19,82.08751139,0.462885683,78.52,3,32746.15549,1,0.163526333,4295
51.27853881,10,9,71.19416591,0.424299315,77.7,3,37477.50746,2,0.185836722,4296
52.92237443,9,5,54.74020055,0.500390191,78.34,6,39274.13673,2,0.00967149,4297
60.0913242,10,5,66.54512306,0.410956365,77.02,4,31387.73033,2,0.057508197,4298
20.2739726,15,5,60.71103008,0.360830148,88.04,4,31864.78987,2,0.0592112,4299
47.99086758,11,0,73.01731996,0.223433826,83.34,3,35121.55445,3,0.174153414,4300
27.12328767,17,3,56.92798541,0.356142084,84.82,6,24122.30663,1,0.006234471,4301
91.23287671,6,3,55.05925251,0.508684457,78.25,7,31318.3161,1,0.00266818,4302
45.43378995,11,3,59.48040109,0.514093761,78.37,2,28436.74142,0,0.384621351,4303
40.68493151,16,9,55.60619872,0.433314821,79.6,7,29538.27364,2,0.002775954,4304
12.96803653,17,6,59.29808569,0.338111071,83.9,3,24897.44116,0,0.124435001,4305
27.85388128,17,6,76.57247037,0.233531194,83.94,7,32213.696,3,0.003115493,4306
47.89954338,14,29,70.8295351,0.339914172,75.99,2,30684.67256,2,0.415271885,4307
63.65296804,10,1,63.58249772,0.482359178,78.31,2,38165.42072,1,0.516512802,4308
35.43378995,11,6,63.35460346,0.321161918,75.95,4,35490.47604,2,0.065277033,4309
45.20547945,15,3,72.24247949,0.268150739,78.31,2,30465.08999,1,0.41326708,4310
24.93150685,18,6,65.04102097,0.439084746,79.09,6,27487.6888,3,0.006916604,4311
20.95890411,19,20,73.97447584,0.334865489,78.12,3,33896.02326,3,0.16789319,4312
49.45205479,17,5,70.00911577,0.341717274,83.08,5,11025.73474,3,0.003755497,4313
73.33333333,7,6,80.40109389,0.243628561,75.76,2,48352.0148,4,0.653014214,4314
29.40639269,16,19,84.86782133,0.421053732,76.18,6,29311.57258,3,0.007052301,4315
63.69863014,6,4,75.38742024,0.238940498,86.32,3,36736.29014,3,0.183405433,4316
31.59817352,15,8,72.74384686,0.186650559,76.9,3,40239.88026,3,0.202521399,4317
34.42922374,15,1,68.32269827,0.258774612,76.93,3,29763.18416,2,0.147969485,4318
48.31050228,10,5,57.47493163,0.392925352,79.56,1,37933.399,0,1.399149032,4319
52.87671233,13,1,67.77575205,0.251922827,82.59,7,37772.6897,1,0.003539786,4320
29.17808219,13,4,79.53509572,0.294836639,77.26,1,36048.48236,2,1.325258967,4321
48.40182648,11,2,48.26800365,0.428987378,86.36,3,42615.83892,4,0.211728167,4322
36.66666667,10,11,83.40929809,0.289427335,78.2,4,35048.02659,2,0.06372333,4323
48.72146119,17,3,66.18049225,0.376336819,79.81,7,20106.73039,3,0.00189627,4324
19.04109589,16,4,73.24521422,0.238940498,78.7,1,27823.45615,1,1.016072216,4325
32.73972603,19,7,51.09389243,0.630213487,81.66,5,48338.77861,2,0.033080119,4326
47.48858447,11,13,43.5278031,0.48560476,79.89,6,40442.72815,3,0.010108419,4327
45.29680365,15,1,72.83500456,0.274281284,78.8,6,23536.9009,2,0.006077408,4328
56.02739726,12,2,88.60528715,0.289066715,76.18,5,24842.6499,2,0.016468912,4329
16.34703196,16,0,72.24247949,0.398695276,76.85,1,34544.14446,2,1.276659279,4330
42.87671233,12,14,58.52324521,0.416005049,82.13,6,26640.10908,2,0.006459519,4331
39.36073059,17,0,76.57247037,0.335226109,78.83,2,22106.59646,2,0.300113617,4332
41.36986301,9,20,39.88149499,0.735153985,79.88,4,22065.88317,3,0.040877066,4333
28.49315068,16,9,79.21604376,0.26851136,79.3,6,30586.40724,3,0.007161153,4334
22.28310502,15,12,59.70829535,0.556646953,79.06,1,35966.24702,2,1.342193249,4335
28.90410959,13,3,41.24886053,0.757151821,78.51,3,51535.36625,1,0.252486007,4336
23.15068493,14,9,74.97721057,0.326571223,81.48,1,13658.8165,2,0.518572471,4337
55.02283105,12,1,73.42752963,0.356142084,78.02,5,40674.11266,1,0.027316802,4338
41.64383562,9,1,58.52324521,0.333423008,81.97,7,39848.68931,2,0.003380565,4339
37.30593607,14,7,66.63628077,0.372730617,80.26,3,31993.45889,2,0.159286052,4340
52.73972603,13,2,68.14038286,0.261659574,82.43,5,38087.84413,2,0.026380929,4341
21.18721461,15,2,59.89061076,0.424299315,82.45,1,33771.09479,1,1.246314392,4342
45.06849315,11,6,75.84320875,0.37669744,78.09,3,21154.85773,3,0.106394034,4343
41.00456621,13,21,69.4165907,0.3226044,77.11,3,32990.91494,2,0.163199734,4344
12.96803653,17,0,53.73746582,0.273199423,80.74,3,26026.02897,1,0.128896402,4345
65.43378995,12,7,85.27803099,0.325489362,79.63,5,18965.28295,2,0.013031361,4346
68.40182648,8,3,56.19872379,0.546910206,79.21,2,35004.05412,1,0.473371437,4347
13.37899543,17,14,71.37648131,0.419611251,79.63,4,15175.13199,2,0.026315847,4348
65.98173516,9,15,65.22333637,0.254807789,77.64,2,26020.76342,1,0.352349973,4349
37.39726027,14,9,56.92798541,0.467213127,82.3,6,29640.20943,1,0.007366924,4350
42.10045662,12,2,69.14311759,0.380303642,81.23,3,35291.79789,1,0.175624748,4351
45.06849315,11,6,73.38195077,0.238579877,81.1,3,36882.33191,2,0.183405433,4352
31.18721461,15,7,54.6946217,0.371648756,77.99,3,36305.793,1,0.181817782,4353
20.0913242,15,10,49.08842297,0.590545258,82.2,4,34985.72171,2,0.063932188,4354
30.86757991,19,6,47.03737466,0.675291021,80.65,2,26816.75198,2,0.3585355,4355
51.68949772,9,4,71.37648131,0.3226044,80.03,6,52189.53654,3,0.01279394,4356
13.78995434,17,3,65.17775752,0.457115759,79.71,4,28036.27509,0,0.051566363,4357
49.17808219,7,0,79.89972653,0.134,78.64,4,22331.87513,1,0.040877066,4358
21.23287671,15,4,69.05195989,0.325849982,79.48,4,50517.11991,3,0.094957321,4359
100,4,0,63.90154968,0.245431662,80.44,7,36722.33357,4,0.003168519,4360
61.41552511,10,1,82.90793072,0.256610891,80.55,3,45302.30371,1,0.225236461,4361
30.77625571,16,3,70.46490428,0.341356653,82.73,6,24242.43199,2,0.006319492,4362
34.79452055,14,0,72.56153145,0.312146412,78.03,3,28770.87501,1,0.143241752,4363
18.72146119,19,3,59.11577028,0.47117995,78.25,4,44292.00726,3,0.082415748,4364
16.98630137,20,15,65.99817685,0.380303642,76.79,1,42504.44224,3,1.575609222,4365
44.93150685,15,0,80.85688241,0.358305806,80.14,4,38973.16475,2,0.071570765,4366
30.50228311,12,0,68.64175023,0.413480707,81.07,4,40657.7634,2,0.073650921,4367
23.42465753,14,0,80.08204193,0.220188244,75.68,2,32539.8451,1,0.440110495,4368
64.56621005,9,2,70.00911577,0.381746123,75.58,2,28473.78615,2,0.384849445,4369
50.0456621,10,2,68.50501367,0.416005049,83.81,5,37002.51928,4,0.025110149,4370
21.64383562,15,13,81.26709207,0.20107537,79.66,4,28994.83338,2,0.053163562,4371
40.0913242,16,4,59.89061076,0.381746123,83.22,2,49106.35596,3,0.653900333,4372
43.83561644,12,2,64.81312671,0.389679769,87.34,6,36468.42922,3,0.00892827,4373
30.1826484,12,0,51.18505014,0.640671475,83.58,4,33673.57878,1,0.061124831,4374
30.77625571,16,18,67.22880583,0.409513884,83.64,3,27506.19665,2,0.136897974,4375
40.3652968,13,9,54.9680948,0.303491525,77.92,3,36219.52131,2,0.179167189,4376
52.92237443,9,5,69.14311759,0.396892175,79.45,3,32266.13623,2,0.159982938,4377
50.77625571,13,8,45.89790337,0.657981248,83.44,4,35387.67007,3,0.064814779,4378
54.01826484,12,8,61.94165907,0.391482871,79.17,2,26040.29909,2,0.351388022,4379
40.73059361,13,6,79.03372835,0.232088713,78.68,7,43717.2844,1,0.004016103,4380
44.47488584,8,14,71.19416591,0.346765957,79.62,1,21782.81755,3,0.790553606,4381
44.84018265,8,2,88.24065634,0.17475009,81.82,1,26663.96084,3,0.987286045,4382
32.19178082,12,0,85.59708295,0.263823296,79.31,2,42885.39068,0,0.576831072,4383
16.16438356,17,12,84.27529626,0.218745763,79.88,2,41380.20066,2,0.559006908,4384
35.02283105,11,1,59.16134913,0.39076163,84.72,4,31228.50932,2,0.057752499,4385
49.6803653,7,1,78.94257065,0.207205914,78.86,4,41910.80988,3,0.075816075,4386
54.29223744,16,24,56.97356427,0.438002885,81.43,3,39759.02,2,0.196540558,4387
44.33789954,8,19,57.83956244,0.303130905,80.63,7,44502.49662,2,0.003878064,4388
31.23287671,12,13,66.49954421,0.405547061,81.2,1,35522.81412,2,1.311663918,4389
39.8173516,9,2,65.36007293,0.272478182,78.97,4,20390.80249,3,0.037029031,4390
39.13242009,13,0,53.91978122,0.619394879,79.76,3,42065.38243,3,0.209890974,4391
70.63926941,11,0,86.82771194,0.18845366,79.71,2,46540.24679,3,0.637457087,4392
40.86757991,13,1,64.3573382,0.301327804,77.36,6,40487.04608,4,0.009906256,4393
75.20547945,9,1,73.47310848,0.368763794,76.69,7,28815.05953,2,0.002911251,4394
53.19634703,16,0,82.95350957,0.179438154,81.83,7,22861.38366,2,0.002064275,4395
37.53424658,11,3,49.45305378,0.515536242,80.07,4,29518.61292,2,0.052536702,4396
19.5890411,15,3,67.04649043,0.416365669,79.58,4,26744.8668,1,0.048762101,4397
28.63013699,16,11,51.18505014,0.375615579,79.65,4,18842.78867,0,0.035089083,4398
72.00913242,10,3,75.7976299,0.342077894,80.43,5,12666.7712,3,0.003755497,4399
50.50228311,10,0,80.674567,0.240022358,78.84,3,36748.27037,4,0.182599553,4400
44.74885845,12,1,73.29079307,0.257692752,79.03,6,37541.67637,0,0.010124938,4401
36.34703196,14,5,35.91613491,0.455673278,84.87,3,25032.8277,3,0.12463111,4402
56.94063927,11,5,64.4484959,0.453870177,82.73,2,31122.64585,2,0.4225296,4403
42.64840183,9,0,74.79489517,0.338471691,84.62,1,33963.8106,3,1.249339977,4404
24.79452055,14,16,62.03281677,0.357945186,77.03,1,26397.20312,1,0.977273486,4405
39.45205479,17,2,69.2342753,0.343880995,80.2,2,18466.43025,4,0.238677717,4406
47.80821918,7,6,67.6390155,0.2692326,77.33,4,20822.30944,3,0.038830771,4407
29.7260274,12,0,68.64175023,0.412038226,81.48,2,27975.79944,1,0.377819605,4408
13.65296804,17,12,63.30902461,0.306737108,79.67,1,44290.07023,2,1.616434652,4409
6.347031963,19,5,75.7976299,0.394367833,79.69,7,23042.4621,2,0.002229717,4410
32.00913242,15,7,64.3573382,0.414562568,80.59,2,39482.94183,2,0.532383165,4411
63.65296804,10,11,54.05651778,0.528518572,78.86,2,42365.06106,0,0.576201429,4412
65.43378995,4,2,50.63810392,0.479474216,78.18,3,28135.91731,4,0.141031134,4413
36.89497717,14,0,70.87511395,0.205402813,83.03,1,47358.69351,2,1.73952818,4414
76.39269406,9,9,66.95533273,0.463246304,77.4,7,39189.47804,2,0.003480723,4415
43.65296804,12,8,52.18778487,0.568186801,79.58,2,22671.81721,1,0.302231914,4416
21.27853881,15,17,74.74931632,0.412759466,81.15,2,33730.63638,1,0.453693975,4417
69.9543379,11,3,66.1349134,0.29627912,78.63,6,37123.46712,2,0.008994242,4418
35.38812785,18,4,80.40109389,0.33702921,79.85,2,39903.49673,1,0.542971582,4419
52.28310502,9,4,62.67092069,0.461803823,88.74,6,34501.86148,2,0.009197041,4420
44.84018265,8,2,88.24065634,0.199632889,78.93,3,34610.76061,4,0.173066681,4421
45.34246575,8,1,78.9881495,0.30962207,84.62,4,28364.61146,3,0.051494904,4422
44.79452055,8,22,57.29261623,0.475868013,77.08,3,36411.92668,1,0.181817782,4423
39.45205479,13,4,62.16955333,0.496423368,79.89,5,21612.75357,1,0.014549465,4424
72.10045662,9,7,40.83865087,0.406628922,82.97,5,6543.689337,4,0.004511604,4425
41.09589041,16,5,55.10483136,0.30998269,77.27,3,35794.83638,2,0.178841695,4426
14.52054795,17,12,38.14949863,0.705583123,76.61,1,48855.48982,2,1.787288872,4427
37.48858447,10,3,51.77757521,0.60641255,79.37,5,28875.58001,1,0.019522058,4428
40.2739726,9,6,69.05195989,0.408071403,79.27,1,22002.72783,2,0.819092325,4429
70.0456621,4,1,55.60619872,0.380303642,82.02,3,30551.91447,2,0.151840047,4430
40.54794521,20,6,59.7538742,0.334865489,77.22,6,40846.9169,4,0.009307813,4431
52.92237443,9,3,74.2935278,0.587299675,97.51,3,35921.31471,1,0.179231173,4432
76.66666667,6,21,65.08659982,0.461082582,75.41,2,43310.60148,4,0.587649265,4433
33.10502283,15,2,76.80036463,0.380303642,85.3,3,25735.80475,2,0.128711313,4434
55.06849315,12,1,63.71923428,0.482359178,77.6,2,25730.22075,2,0.349502745,4435
12.46575342,18,2,74.15679125,0.223433826,82.5,5,21954.47166,2,0.014719042,4436
54.10958904,12,4,63.67365542,0.225236928,79.65,2,23570.77998,3,0.321537842,4437
58.67579909,11,1,78.94257065,0.268150739,78.72,2,25486.82546,1,0.34765632,4438
36.62100457,11,4,73.74658159,0.2959185,80.26,4,17735.21444,3,0.031700452,4439
46.66666667,18,4,71.87784868,0.362272629,77.27,7,28356.8132,3,0.002852436,4440
33.10502283,15,12,82.49772106,0.211893978,80.83,6,32585.48419,3,0.00812808,4441
51.27853881,10,13,66.1349134,0.286542373,77.27,7,40019.49687,1,0.003480723,4442
57.03196347,12,33,60.34639927,0.265626397,80.34,5,45881.80238,2,0.031131125,4443
17.44292237,16,4,92.93527803,0.185208078,79.98,1,21662.1727,3,0.790553606,4444
42.28310502,16,7,88.87876026,0.346405337,80.65,6,34481.22582,1,0.00900118,4445
69.9086758,8,2,37.28350046,0.694764515,79.56,7,29654.87216,3,0.002775954,4446
2.739726027,20,0,76.02552416,0.394367833,77.56,7,35962.42199,1,0.003324592,4447
33.65296804,12,9,59.98176846,0.358305806,84.14,3,33553.47828,0,0.168173043,4448
31.59817352,12,3,54.6946217,0.478392355,77.75,4,15949.80734,3,0.028427969,4449
14.06392694,17,13,62.35186873,0.477671114,80.23,4,27508.98475,2,0.049563454,4450
53.83561644,5,4,60.61987238,0.374894338,81.15,3,24203.68958,1,0.120446192,4451
25.29680365,14,4,58.29535096,0.330538045,81.71,4,32979.44791,1,0.060569565,4452
19.6803653,16,21,61.349134,0.405186441,86.43,5,36626.30249,1,0.024404521,4453
60.1369863,10,0,65.36007293,0.461082582,75.61,6,27070.53803,1,0.006833851,4454
53.88127854,12,8,82.58887876,0.211893978,75.76,2,34553.53351,2,0.467631225,4455
10.86757991,18,2,31.54056518,0.683945907,81.14,1,42207.89892,1,1.575609222,4456
33.92694064,15,0,62.80765725,0.392204111,79.46,3,28742.13127,2,0.141411386,4457
50.3652968,13,0,58.38650866,0.303852146,79.27,2,32765.9926,0,0.444452039,4458
63.97260274,6,0,39.74475843,0.634901551,78.03,2,33751.11217,2,0.456408006,4459
76.62100457,6,10,55.05925251,0.528518572,82.64,3,46296.73718,2,0.232376596,4460
42.05479452,19,17,80.40109389,0.246513523,79.18,6,37908.77657,2,0.009575538,4461
42.10045662,19,2,53.96536007,0.476589254,77.78,7,40075.9287,3,0.003395588,4462
31.91780822,15,3,58.93345488,0.609658132,79.09,3,34587.88621,1,0.172818256,4463
38.90410959,10,0,72.4247949,0.3226044,80.67,7,28187.96864,2,0.002776185,4464
45.20547945,11,5,67.09206928,0.413120087,82.73,6,14632.58244,2,0.003414515,4465
28.21917808,13,6,61.39471285,0.444133429,76.8,2,25806.04805,2,0.348220671,4466
36.25570776,11,4,45.80674567,0.610739993,81.42,3,34132.24122,2,0.171510134,4467
83.69863014,3,2,55.05925251,0.261659574,78.97,7,40987.10943,1,0.003403008,4468
54.65753425,9,5,74.52142206,0.207205914,78.67,7,52054.30024,2,0.004546718,4469
12.37442922,18,0,59.02461258,0.284739272,79.85,4,38369.59258,2,0.070380048,4470
42.64840183,9,0,58.70556062,0.502553913,81.8,4,33758.58445,1,0.06199507,4471
44.47488584,12,2,56.4721969,0.466491886,79.29,6,38671.1085,2,0.010300756,4472
38.58447489,13,0,67.09206928,0.383549225,80.14,6,34289.01431,1,0.00897565,4473
72.32876712,10,2,64.40291705,0.219827624,78.96,7,28153.68356,3,0.002834829,4474
37.99086758,13,7,61.2579763,0.355781464,75.94,4,18673.7669,3,0.034097724,4475
55.93607306,15,4,55.46946217,0.456394519,83.28,7,45649.81327,2,0.003846037,4476
26.30136986,14,13,72.01458523,0.237858637,81.29,4,34397.75742,0,0.063322312,4477
43.97260274,15,4,62.12397448,0.288706094,80.55,1,43148.00172,2,1.623752406,4478
32.92237443,12,14,65.58796718,0.329095564,82.02,4,31967.45495,0,0.058381927,4479
55.34246575,8,10,77.43846855,0.414201947,84.92,3,37378.44026,3,0.185748515,4480
55.11415525,8,13,61.48587056,0.443051569,84.19,3,36056.32474,2,0.179225377,4481
53.01369863,6,1,59.02461258,0.438002885,76.37,7,45864.17804,3,0.003957107,4482
33.19634703,12,3,66.31722881,0.406989542,80.27,1,46755.51645,1,1.756611611,4483
43.65296804,15,2,38.33181404,0.635622791,79.03,3,11809.79506,2,0.06019408,4484
53.88127854,12,34,66.95533273,0.420332492,86.39,2,44377.59155,2,0.598166043,4485
78.21917808,9,0,51.00273473,0.53897656,82.64,7,33673.57878,4,0.00301174,4486
49.36073059,10,3,74.56700091,0.224515687,79.76,3,19352.87618,3,0.096619645,4487
41.05022831,13,0,62.9443938,0.321522539,78.71,3,22969.33828,1,0.115305351,4488
48.99543379,10,19,51.77757521,0.480556076,83.71,7,40277.30947,1,0.003716566,4489
44.97716895,12,4,72.65268915,0.378139921,82.23,2,59108.87717,4,0.751591485,4490
35.52511416,14,5,65.86144029,0.247595384,80.22,6,26880.34219,2,0.006513426,4491
47.53424658,17,12,49.04284412,0.687191489,76.34,6,47156.93843,4,0.011599273,4492
32.55707763,12,33,75.25068368,0.405547061,77.49,1,45265.38821,3,1.668343207,4493
43.01369863,16,2,67.77575205,0.313228273,80.8,2,27412.26472,3,0.368581315,4494
33.78995434,18,1,56.24430264,0.479113595,87.11,1,39289.21952,3,1.440337229,4495
50.50228311,10,7,66.90975387,0.417086909,77.4,4,20637.7837,1,0.037362886,4496
60.54794521,14,11,73.01731996,0.2959185,79.64,7,25158.31211,4,0.002394744,4497
82.51141553,7,11,56.83682771,0.448460873,84.52,7,41242.37247,2,0.00394519,4498
54.84018265,9,3,56.97356427,0.544025243,83.72,7,26885.15763,3,0.002280337,4499
41.64383562,16,1,56.97356427,0.786362063,78.99,2,14836.30569,2,0.178843572,4500
65.66210046,12,4,66.54512306,0.312507032,81.27,7,30955.53085,3,0.002627593,4501
52.28310502,9,12,71.74111212,0.324046881,78.4,6,39615.1051,3,0.009779937,4502
39.7260274,10,4,54.37556974,0.293033538,82.48,4,37726.63413,0,0.069748216,4503
25.89041096,14,0,40.47402005,0.598118283,82.72,4,27012.00155,2,0.049086168,4504
38.44748858,17,18,56.65451231,0.40410458,77.01,2,46974.3904,1,0.637457087,4505
54.84018265,9,40,73.15405652,0.337750451,77.85,6,45751.98341,2,0.01194006,4506
31.32420091,15,2,71.19416591,0.438363505,79.31,7,35247.2888,3,0.003075499,4507
44.74885845,11,7,68.91522334,0.413841327,76.13,4,29545.42634,2,0.052975999,4508
45.34246575,15,14,66.86417502,0.2959185,81.26,2,32301.43418,2,0.43598353,4509
42.64840183,9,0,68.18596171,0.356863325,83.58,1,33963.8106,2,1.249339977,4510
72.00913242,9,7,46.627165,0.483801659,81.12,5,8981.31546,1,0.00868878,4511
54.79452055,12,2,73.42752963,0.311064551,83.6,2,18147.48347,2,0.251138573,4512
29.5890411,13,8,73.38195077,0.317195096,79.51,4,27348.74408,2,0.050379357,4513
32.73972603,12,6,58.47766636,0.30962207,83.56,4,25813.38054,2,0.047109502,4514
16.07305936,17,12,87.69371012,0.218745763,83.54,4,38100.97047,2,0.069819399,4515
75.57077626,9,6,62.03281677,0.342799135,79.43,7,30951.06339,2,0.002599787,4516
34.79452055,15,0,51.36736554,0.421414353,77.39,6,31450.5946,4,0.007811181,4517
35.79908676,14,8,57.976299,0.505438875,84.82,3,30708.33811,3,0.153105656,4518
49.5890411,10,3,71.0118505,0.279329968,79.09,4,45571.11933,3,0.082792377,4519
32.51141553,12,8,52.32452142,0.254447169,78.43,1,14840.46528,2,0.518572471,4520
38.76712329,17,20,66.90975387,0.295197259,80.04,2,40101.91966,1,0.542720465,4521
48.49315068,10,1,63.26344576,0.332701767,77.09,3,20581.60753,1,0.101519828,4522
22.92237443,23,6,80.99361896,0.291591057,80.47,4,27037.41641,2,0.049086168,4523
36.75799087,11,10,67.41112124,0.245071042,80.43,5,23467.08178,2,0.015497243,4524
25.29680365,14,0,48.08568824,0.429347999,80.59,2,27506.84893,3,0.372264719,4525
34.06392694,11,7,56.79124886,0.53897656,86.47,4,35962.00532,4,0.066514574,4526
59.13242009,11,10,59.07019143,0.335947349,80.26,2,37411.15314,1,0.50414655,4527
79.6803653,8,22,45.89790337,0.721450415,78.5,7,31898.64017,3,0.002836763,4528
41.78082192,12,17,73.33637192,0.432954201,77,3,49040.71611,1,0.2415923,4529
63.97260274,13,0,72.97174111,0.492817166,82.67,2,40494.31587,2,0.546221487,4530
32.14611872,12,8,84.27529626,0.433675442,82.53,1,29021.27495,0,1.066359535,4531
60.54794521,14,25,78.03099362,0.191338622,79.35,4,19550.42361,2,0.035517131,4532
46.16438356,18,0,45.80674567,0.657981248,81.42,7,47433.01624,2,0.004609526,4533
82.78538813,8,11,62.53418414,0.278608727,77.05,3,18924.37977,1,0.094561641,4534
31.14155251,16,0,70.51048314,0.251922827,84.4,3,18418.66999,2,0.090063695,4535
60.3652968,14,11,73.01731996,0.392925352,79.39,7,31652.75625,3,0.002854197,4536
36.89497717,14,4,72.15132179,0.294836639,79.28,6,29519.01023,3,0.007438602,4537
31.18721461,16,1,71.19416591,0.547631446,84.6,2,20228.12287,1,0.273798141,4538
65.89041096,9,37,42.06927985,0.60641255,79.88,7,48367.58932,2,0.004546718,4539
29.9543379,13,11,53.78304467,0.405186441,78.62,1,27865.46808,2,1.010362078,4540
22.92237443,14,2,61.94165907,0.246513523,79.49,2,24854.10184,1,0.337996375,4541
37.39726027,14,1,80.17319964,0.355060224,78.39,6,50402.88105,2,0.012272565,4542
31.73515982,15,0,82.13309025,0.238940498,81.2,3,22036.1723,2,0.110911641,4543
40.68493151,16,7,60.16408387,0.315752614,79.56,2,28787.17272,3,0.388261185,4544
43.78995434,8,6,87.0556062,0.264183916,82.43,1,41205.68903,3,1.522292509,4545
53.92694064,12,7,61.94165907,0.352175261,75.33,2,46273.24001,0,0.623420577,4546
54.74885845,16,33,64.81312671,0.551598269,81.75,7,33915.18031,2,0.003234354,4547
45.29680365,15,0,76.75478578,0.21550018,79.27,2,22004.47041,3,0.300113617,4548
42.64840183,9,10,70.28258888,0.346765957,80.71,4,25227.60874,3,0.045245346,4549
16.11872146,17,12,71.37648131,0.258053372,79.85,4,36662.28026,2,0.067092189,4550
57.07762557,15,5,56.15314494,0.405186441,83.6,7,54660.6343,1,0.004492904,4551
62.28310502,10,10,65.99817685,0.30998269,78.49,5,29593.89301,2,0.019927301,4552
62.69406393,13,3,75.06836828,0.244710422,78.56,5,13696.99706,3,0.00259798,4553
42.78538813,9,22,64.31175934,0.44521529,79.42,5,38068.07041,2,0.026612303,4554
48.44748858,14,1,58.47766636,0.428987378,77.3,1,31052.2766,2,1.142349416,4555
50,10,2,88.650866,0.173307609,81.78,6,24292.34261,1,0.006051087,4556
49.7260274,7,5,61.30355515,0.426102416,88.78,5,29247.49081,1,0.019926368,4557
13.37899543,18,3,48.76937101,0.590545258,79.97,4,38484.62906,5,0.070887327,4558
48.26484018,10,13,43.5278031,0.78239524,79.13,5,24798.35408,2,0.01708235,4559
39.9086758,13,1,71.87784868,0.421774973,78.23,2,28523.71103,2,0.383873273,4560
16.11872146,17,5,80.99361896,0.358305806,86.43,4,35728.30057,1,0.064820393,4561
35.52511416,18,0,74.74931632,0.281133069,76.12,4,32791.84219,3,0.060013009,4562
38.03652968,17,0,69.59890611,0.355060224,84.1,3,47530.90621,3,0.237190415,4563
91.18721461,5,2,60.66545123,0.368403173,81.15,2,30028.28408,2,0.404487469,4564
13.78995434,17,3,76.34457612,0.2959185,76.61,4,30384.11425,1,0.05570821,4565
73.37899543,7,2,70.05469462,0.381746123,77.34,2,31638.62932,3,0.429074922,4566
86.48401826,6,21,55.05925251,0.436560404,84.27,7,33757.00536,1,0.003339886,4567
38.26484018,10,1,67.8213309,0.421053732,83.22,3,25829.38539,3,0.12826303,4568
41.32420091,13,10,50.86599818,0.53897656,80.99,2,45105.84144,3,0.617217585,4569
42.55707763,9,1,63.94712853,0.264183916,79.26,4,37065.48375,2,0.067308421,4570
79.49771689,8,13,45.89790337,0.630213487,78.5,7,31544.58699,1,0.002886358,4571
51.41552511,10,16,71.96900638,0.381024883,78.51,6,35851.21078,2,0.009083376,4572
37.16894977,14,7,66.63628077,0.373451857,81.84,4,31993.45889,2,0.059381331,4573
35.70776256,14,5,72.37921604,0.314310133,81.53,1,29596.46422,0,1.092579887,4574
64.56621005,9,2,91.20328168,0.297000361,83.53,6,30207.85231,1,0.007254605,4575
43.78995434,8,6,60.61987238,0.544746484,77.25,1,10587.35258,2,0.389486935,4576
25.66210046,21,1,58.38650866,0.28221493,78.11,1,27678.5184,1,1.025113282,4577
33.05936073,15,15,51.64083865,0.258053372,76.49,2,18614.26809,0,0.26228444,4578
33.78995434,11,1,70.19143118,0.272838803,79.92,4,27619.70642,2,0.050558095,4579
33.83561644,11,1,41.52233364,0.409874504,74.95,4,19872.46918,2,0.035517131,4580
34.06392694,15,43,61.39471285,0.292672917,78.7,7,37917.17971,2,0.003512413,4581
46.57534247,11,2,53.60072926,0.621558601,78.73,3,27053.44588,2,0.13309957,4582
49.17808219,10,4,58.43208751,0.392925352,80.9,6,47462.72803,2,0.011612324,4583
41.14155251,9,12,60.98450319,0.267790119,80.77,3,32629.29756,1,0.162583863,4584
31.78082192,12,1,62.71649954,0.443772809,82.73,3,36749.15266,1,0.182930119,4585
49.04109589,14,4,68.09480401,0.369845655,79.09,2,43971.71045,1,0.592421266,4586
20.1826484,15,0,53.91978122,0.345684097,78.66,1,16868.75078,2,0.664870454,4587
23.47031963,14,0,46.03463993,0.610739993,82.72,3,38476.56596,2,0.189891852,4588
46.89497717,14,8,72.88058341,0.352535882,79.8,2,42622.37152,0,0.579229482,4589
63.51598174,10,2,63.58249772,0.258413992,78.96,2,29333.07,3,0.397706337,4590
55.57077626,12,21,55.83409298,0.568186801,83.6,2,26042.99344,2,0.351388022,4591
29.40639269,13,19,60.98450319,0.448460873,78.66,6,15252.22178,1,0.003162504,4592
39.8173516,9,4,54.92251595,0.307097728,80.64,6,22017.93521,2,0.005441969,4593
29.22374429,16,3,66.2260711,0.355420844,84.62,6,34255.70436,3,0.009264392,4594