Safety_Score,Days_Since_Inspection,Total_Safety_Complaints,Control_Metric,Turbulence_In_gforces,Cabin_Temperature,Accident_Type_Code,Max_Elevation,Violations,Adverse_Weather_Metric,Accident_ID
42.96803653,15,25,77.43846855,0.450263974,82.13,5,32803.7517,1,0.021224654,4595
32.78538813,15,1,35.68824066,0.705583123,78.46,7,18661.71381,2,0.00183581,4596
47.99086758,14,19,82.04193254,0.158882798,82.46,2,17287.25562,5,0.231292269,4597
39.8173516,10,2,66.59070191,0.460721962,78.68,2,48251.58662,2,0.653900333,4598
37.80821918,14,5,71.92342753,0.183044356,76.39,3,47141.22631,1,0.234985281,4599
20.0456621,19,12,47.94895169,0.493899026,80.51,3,36997.32988,1,0.183959104,4600
38.67579909,13,10,64.3573382,0.332701767,77.34,3,28814.0738,1,0.141526014,4601
26.57534247,17,1,89.10665451,0.334504868,77.36,3,40674.11266,1,0.201586739,4602
58.85844749,14,2,58.84229717,0.467213127,81.74,7,35634.89413,2,0.003121649,4603
36.84931507,14,3,62.62534184,0.325128741,82.53,3,41413.1217,2,0.205286209,4604
45.89041096,11,1,55.65177758,0.578644789,83.72,6,8645.355704,3,0.002792542,4605
50.2283105,16,0,57.74840474,0.403383339,79.6,7,31639.1855,3,0.002789323,4606
72.14611872,11,11,71.46763902,0.245071042,78.14,7,42627.76317,3,0.003957107,4607
14.88584475,17,10,61.2579763,0.501472052,81,1,10115.92167,0,0.439207929,4608
56.89497717,8,7,74.43026436,0.435478543,87.47,3,37489.81256,3,0.186318355,4609
38.67579909,14,9,62.9443938,0.321522539,80.49,4,19243.13309,2,0.035617203,4610
33.74429224,11,5,61.75934366,0.444133429,79.33,2,35004.05412,1,0.475322666,4611
45.61643836,15,2,65.81586144,0.224515687,80.09,2,34076.45361,0,0.462538701,4612
70.54794521,7,44,62.53418414,0.352535882,79.49,2,34608.2944,1,0.469625726,4613
4.794520548,20,1,68.91522334,0.231006852,78.5,7,15246.09305,3,0.001356365,4614
76.39269406,9,3,55.92525068,0.36335449,83.72,7,27305.72939,1,0.002501589,4615
70.1369863,7,17,42.023701,0.584054093,79.81,2,40343.57063,2,0.548030971,4616
66.57534247,5,30,63.30902461,0.258413992,80.48,6,38341.4628,1,0.010121604,4617
51.91780822,13,11,81.44940747,0.392204111,82.08,5,37477.50746,1,0.024245062,4618
47.48858447,11,16,55.69735643,0.333062387,85.61,6,52015.79442,2,0.012895052,4619
27.94520548,17,5,67.31996354,0.37741868,79.26,1,26616.83727,2,0.978454627,4620
59.6803653,14,5,66.31722881,0.376336819,74.82,3,38880.40073,1,0.193613018,4621
48.63013699,17,1,69.73564266,0.303130905,82.66,7,36566.39648,2,0.003264625,4622
41.05022831,16,3,58.84229717,0.204320952,81.32,2,26210.19223,3,0.355716459,4623
59.26940639,14,2,66.40838651,0.28329679,80.77,7,11938.90931,3,0.00147996,4624
36.84931507,14,0,79.80856882,0.275723765,79.71,1,29216.41599,2,1.088698482,4625
24.65753425,14,2,54.83135825,0.34965092,81.58,4,31864.78987,3,0.058339823,4626
46.48401826,15,13,50.0911577,0.745972593,76.86,3,42536.96106,3,0.211178176,4627
54.42922374,12,8,55.92525068,0.39076163,81.43,7,40605.91594,2,0.003554018,4628
47.94520548,14,8,66.08933455,0.337750451,79.35,1,45541.23675,2,1.660431955,4629
35.93607306,11,3,86.91886964,0.198911648,78.54,2,46043.98581,0,0.622165204,4630
57.16894977,8,3,67.36554239,0.416005049,79.45,6,27093.54456,4,0.006843314,4631
38.31050228,14,0,79.76298997,0.289427335,81.03,3,22597.09595,3,0.111288342,4632
33.24200913,11,1,67.41112124,0.368042553,81.86,1,33766.62315,3,1.239804261,4633
39.8173516,9,1,60.07292616,0.360830148,79.75,4,32832.41769,2,0.059954534,4634
30.73059361,12,0,52.23336372,0.236055536,81.26,4,23701.00758,2,0.043536446,4635
49.26940639,10,0,78.71467639,0.449182113,78.52,2,39506.69142,3,0.533684622,4636
29.7260274,13,1,61.57702826,0.52599423,77.65,1,26762.0713,3,0.987183897,4637
26.43835616,17,1,92.61622607,0.211172737,79.16,4,42790.33576,3,0.078338733,4638
17.71689498,16,3,62.12397448,0.491014064,77.13,2,26266.13898,0,0.354201915,4639
46.21004566,8,2,49.17958067,0.412759466,80.08,6,26005.32299,1,0.006976458,4640
49.04109589,14,6,63.94712853,0.387516048,77.78,5,20739.63188,3,0.01374728,4641
70.50228311,7,0,68.45943482,0.422496213,78.46,4,23692.09703,3,0.04408286,4642
36.84931507,17,6,61.53144941,0.381024883,74.85,2,25016.36379,1,0.335642631,4643
46.57534247,11,1,61.21239745,0.430429859,82.56,2,30028.28408,1,0.404401762,4644
40.73059361,9,5,89.10665451,0.275363145,81.53,1,26572.96667,1,0.972402663,4645
9.315068493,18,4,56.60893345,0.273199423,75.25,4,33643.98877,2,0.061452587,4646
40.77625571,16,12,56.51777575,0.60641255,82.71,2,48162.87229,2,0.655799278,4647
53.47031963,9,1,79.71741112,0.297721601,79.71,3,33701.37394,2,0.168314611,4648
56.43835616,12,0,55.83409298,0.36335449,79.21,2,40617.97888,1,0.550538134,4649
53.28767123,16,1,82.95350957,0.258774612,76.17,2,13214.85189,1,0.203715106,4650
60.1369863,11,13,69.87237922,0.28329679,77.69,2,12895.29258,1,0.200787563,4651
31.23287671,12,15,51.5952598,0.422856834,82.58,4,23999.4411,2,0.043584757,4652
42.83105023,15,3,58.38650866,0.204320952,79.22,3,18958.92844,0,0.094174774,4653
35.02283105,14,0,32.72561531,0.729744681,78.46,5,36310.45769,4,0.024095554,4654
19.04109589,16,4,72.15132179,0.279690588,75.88,7,33108.51218,3,0.003264625,4655
55.93607306,12,1,84.68550593,0.151670393,84.83,2,17287.25562,1,0.231292269,4656
26.34703196,13,22,55.15041021,0.434396682,87,4,39646.00181,3,0.072261048,4657
31.46118721,12,11,69.5077484,0.273560043,82.53,2,42416.27043,1,0.573748944,4658
11.00456621,18,2,51.18505014,0.763282366,75.5,4,11781.87363,3,0.022417824,4659
39.5890411,17,3,70.14585232,0.312146412,76.12,2,38288.40401,2,0.5197813,4660
40.3196347,13,4,82.22424795,0.318276956,81.24,4,21156.47779,2,0.038408982,4661
41.18721461,9,2,68.41385597,0.277526866,81.96,1,56326.35024,3,2.3653784,4662
55.57077626,12,1,70.87511395,0.522388027,79.66,5,25562.60347,2,0.01651349,4663
12.60273973,17,1,45.80674567,0.631295348,78.95,1,32718.36774,2,1.211954306,4664
40.0913242,10,5,56.51777575,0.456033898,76.48,6,30372.7583,2,0.007139188,4665
62.00913242,6,0,56.06198724,0.546910206,83.56,3,36837.966,2,0.182502203,4666
27.12328767,17,2,56.06198724,0.466131266,80.19,1,55934.46857,2,2.116976844,4667
23.69863014,14,15,71.19416591,0.273560043,79.58,1,28549.75555,1,1.045190491,4668
26.39269406,13,6,55.15041021,0.418529391,81.44,2,45020.55435,3,0.61774487,4669
41.14155251,12,2,73.29079307,0.340274793,77.03,6,27584.05649,2,0.006512845,4670
27.48858447,20,1,74.33910665,0.305294627,76.68,4,31531.7962,2,0.056423869,4671
37.67123288,14,4,79.39835916,0.32296502,80.58,6,26266.36796,2,0.006461982,4672
20.2283105,15,5,65.86144029,0.193502344,85.75,1,16878.48431,3,0.660172964,4673
62.69406393,13,29,71.83226983,0.183404977,79.38,7,31424.39275,2,0.002854197,4674
75.57077626,10,13,61.48587056,0.300245943,77.05,7,19742.27302,1,0.00171824,4675
44.74885845,12,4,73.92889699,0.413841327,79.57,3,37571.9051,1,0.187105192,4676
4.931506849,20,1,64.99544211,0.289427335,84.78,1,21997.4295,2,0.813088559,4677
30.1369863,12,2,75.75205105,0.265987018,76.02,2,32625.71793,3,0.441091387,4678
33.78995434,11,2,73.60984503,0.40410458,81.27,4,21061.75243,0,0.03824749,4679
51.23287671,13,3,53.0993619,0.325849982,81.25,3,34172.77639,1,0.170698496,4680
40.54794521,9,13,62.35186873,0.375615579,78.66,1,21865.11196,3,0.790553606,4681
58.03652968,11,5,64.81312671,0.329095564,82.69,2,48274.05545,3,0.653478546,4682
56.52968037,12,0,55.46946217,0.459279481,78.1,2,35070.33319,2,0.47352544,4683
52.23744292,13,3,84.00182315,0.259856473,79.12,2,32572.07315,2,0.44115269,4684
65.29680365,12,2,75.34184139,0.168258925,79.17,1,27658.72343,2,1.016072216,4685
24.79452055,14,4,48.3135825,0.592348359,82.75,1,45383.70095,3,1.66486419,4686
56.71232877,15,2,66.54512306,0.375615579,77.75,7,28891.49802,1,0.002657566,4687
35.70776256,18,14,60.02734731,0.465770646,80.04,4,33944.64314,3,0.062037974,4688
55.93607306,15,5,70.32816773,0.292312297,78.96,7,38924.62144,0,0.00343974,4689
23.74429224,14,0,46.03463993,0.409874504,81.91,5,45815.56553,1,0.030950176,4690
0,20,7,64.99544211,0.549434547,83.36,1,27361.8,0,0.997980574,4691
18.94977169,16,0,76.52689152,0.327653083,78.43,1,29801.50652,2,1.078689907,4692
41.32420091,16,5,71.14858706,0.423938695,76.96,7,42912.52443,3,0.004129995,4693
66.25570776,9,2,69.46216955,0.379582402,83.84,2,46308.24392,2,0.627074278,4694
50.86757991,13,3,51.91431176,0.556286332,79.6,2,40741.88227,0,0.551040805,4695
24.84018265,14,21,59.48040109,0.584054093,79.49,6,39150.6722,3,0.009828205,4696
42.96803653,9,6,75.43299909,0.244349802,77.6,4,39024.02909,2,0.071378948,4697
46.48401826,11,1,85.59708295,0.259135233,78.21,3,34497.64398,3,0.170899114,4698
45.29680365,15,8,65.99817685,0.286542373,78.05,1,24554.58551,0,0.894482923,4699
51.64383562,13,13,65.54238833,0.318276956,79.62,2,36133.3387,2,0.493845718,4700
64.15525114,9,9,58.97903373,0.32368626,80.92,2,28609.12598,3,0.38954501,4701
60.1826484,10,2,50.18231541,0.484522899,78.08,7,24626.23299,3,0.002348555,4702
31.18721461,16,5,57.56608933,0.328734944,80.8,3,35862.16829,2,0.179528293,4703
62.42009132,13,22,64.26618049,0.339192932,80.02,7,35719.99207,4,0.00300587,4704
47.71689498,10,0,85.87055606,0.21550018,83.37,6,39455.08099,2,0.010473516,4705
54.84018265,6,6,69.55332726,0.305294627,79.63,4,27431.08292,1,0.049707368,4706
31.55251142,19,9,74.15679125,0.232809953,79.88,4,25245.63477,2,0.045409833,4707
61.64383562,10,12,87.69371012,0.253725929,78.92,2,35847.89587,3,0.484430432,4708
28.21917808,17,22,54.55788514,0.279690588,77.4,3,30063.40507,0,0.149641084,4709
16.07305936,17,3,43.5278031,0.479113595,79.81,1,34595.36334,2,1.276659279,4710
40.3652968,13,8,79.39835916,0.315752614,77.65,3,45239.95248,0,0.222859387,4711
55.57077626,12,21,72.01458523,0.205042193,77.41,2,28923.90026,1,0.391901326,4712
50.3196347,13,0,70.28258888,0.546188965,83.76,5,25562.60347,0,0.017510801,4713
24.38356164,18,0,63.85597083,0.353617743,83.11,6,31111.53846,3,0.007972714,4714
30.1369863,13,0,54.9680948,0.240743599,86.98,4,17318.54848,2,0.032483178,4715
38.81278539,13,22,68.68732908,0.192059863,89.51,6,46328.87068,1,0.011775811,4716
56.75799087,8,4,69.14311759,0.44521529,83.36,3,28602.60429,3,0.142615983,4717
43.05936073,9,22,62.8532361,0.35073278,81.21,4,30428.30313,1,0.055806349,4718
16.98630137,20,6,59.61713765,0.32296502,76.98,6,23279.07835,0,0.005395942,4719
21.18721461,15,0,80.62898815,0.308900829,77.3,4,25111.1749,2,0.045459722,4720
41.73515982,16,6,66.86417502,0.251201587,81.86,2,25419.80152,1,0.339886382,4721
22.78538813,15,6,55.69735643,0.411316985,85.87,5,34205.12781,1,0.022752318,4722
51.27853881,10,13,63.12670921,0.461082582,84.01,6,30147.90544,1,0.007547421,4723
38.31050228,13,1,52.32452142,0.33702921,77.92,6,41643.76829,1,0.010247916,4724
55.11415525,5,2,60.43755697,0.242907321,74.85,1,25598.80454,1,0.937147431,4725
1.141552511,21,14,66.90975387,0.352175261,82.93,7,49433.30298,2,0.004934219,4726
48.40182648,10,1,53.91978122,0.315752614,78.46,4,26685.29636,1,0.0494698,4727
72.10045662,4,3,54.9680948,0.300967184,79.55,3,29734.44134,2,0.147509965,4728
44.42922374,15,3,48.22242479,0.660144969,78.52,2,22332.08569,2,0.30682968,4729
61.23287671,7,0,71.23974476,0.293754778,78.12,3,16229.72834,1,0.078991526,4730
48.85844749,14,23,66.77301732,0.41780815,78.64,1,22550.62332,1,0.840694951,4731
55.84474886,12,2,88.60528715,0.207566534,80.64,5,33268.45182,3,0.021863467,4732
61.41552511,10,0,83.54603464,0.248316625,79.94,1,26920.03718,3,0.992974229,4733
28.94977169,16,2,41.65907019,0.462164443,77.65,4,18491.7314,4,0.034097724,4734
33.78995434,18,1,88.28623519,0.240382979,79.94,4,32222.03588,2,0.0586746,4735
25.89041096,14,1,47.85779398,0.382106744,76.79,2,27506.84893,2,0.373413681,4736
55.70776256,12,21,69.91795807,0.351454021,83.15,2,49803.08314,2,0.674154766,4737
27.48858447,17,0,83.81950775,0.192781103,86.08,2,25377.66481,2,0.341937268,4738
30.82191781,12,1,49.45305378,0.49894771,77.69,2,40813.30576,3,0.553097084,4739
40.63926941,13,1,79.03372835,0.372730617,75.95,3,29428.5998,4,0.146630035,4740
21.23287671,15,3,65.58796718,0.193502344,79.31,4,28976.83875,2,0.05288747,4741
27.26027397,13,13,82.86235187,0.211893978,80.09,2,16008.74509,3,0.210346808,4742
38.26484018,10,2,67.8213309,0.452067075,82.3,4,33921.70262,1,0.061828112,4743
30.77625571,12,1,57.29261623,0.493538406,77.75,1,29601.07806,1,1.082790622,4744
36.84931507,14,4,88.01276208,0.200354129,87.72,6,36644.95616,3,0.008317076,4745
45.06849315,11,6,45.2142206,0.637425893,76.01,3,5142.286073,3,0.044715337,4746
30.68493151,16,0,67.59343665,0.208287775,77.29,3,34016.78961,1,0.171510134,4747
28.21917808,13,3,62.62534184,0.480556076,80.52,1,30112.70208,2,1.107133229,4748
34.01826484,18,1,48.4958979,0.441969708,82.31,1,28193.96225,1,1.037197908,4749
34.33789954,11,6,45.80674567,0.456755139,77.9,2,19136.0861,2,0.26228444,4750
41.91780822,12,0,52.14220602,0.510848179,79.37,3,29224.02298,0,0.145406245,4751
36.02739726,14,2,31.49498633,0.777707176,78.37,3,36376.49858,5,0.182025378,4752
44.52054795,12,1,67.18322698,0.411316985,81.78,5,43482.85208,3,0.029482205,4753
40.59360731,13,10,55.05925251,0.524191129,81.52,4,38896.17291,3,0.071372815,4754
7.99086758,19,0,67.7301732,0.203960332,76.28,1,35067.70508,4,1.293014764,4755
40.77625571,9,3,75.7064722,0.369845655,79.98,4,16209.2903,2,0.030389562,4756
50.50228311,10,3,71.0118505,0.326931843,78.04,3,26734.01403,1,0.134763236,4757
44.84018265,8,2,88.24065634,0.212254598,78.93,1,33395.50174,2,1.227518491,4758
52.51141553,9,5,53.96536007,0.461803823,79.39,2,25642.19634,1,0.346527328,4759
31.18721461,16,5,65.13217867,0.382827984,80.59,3,37550.39877,1,0.187105192,4760
18.21917808,16,4,71.87784868,0.253725929,89.51,1,20524.26166,0,0.741000086,4761
7.442922374,19,7,29.89972653,0.60641255,82.15,4,41873.48841,2,0.076505898,4762
49.22374429,14,6,67.13764813,0.417086909,80.91,2,35676.37309,2,0.481719619,4763
51.27853881,13,1,54.83135825,0.434396682,80.42,2,37853.16775,2,0.512286918,4764
34.38356164,11,5,57.52051048,0.328734944,79.69,3,35500.56303,2,0.177623325,4765
35.98173516,18,6,61.53144941,0.381024883,78.87,4,34120.05902,1,0.062337426,4766
20.3652968,19,9,54.46672744,0.469376848,77.44,1,55934.46857,2,2.04849048,4767
45.98173516,15,1,64.6308113,0.316473855,78.93,2,29727.49728,4,0.403593936,4768
33.97260274,15,0,66.40838651,0.387516048,78.59,1,30966.15983,3,1.14962908,4769
66.48401826,12,2,62.35186873,0.402662099,81.81,5,34233.04336,1,0.022752066,4770
23.88127854,18,1,56.83682771,0.786362063,79.48,7,24600.5651,2,0.002245622,4771
37.85388128,14,4,79.39835916,0.222351965,76.41,3,26194.68629,0,0.130685045,4772
27.67123288,13,29,55.65177758,0.538255319,82.53,1,31571.34962,2,1.156478082,4773
38.03652968,17,0,69.59890611,0.387516048,76.05,2,37626.22558,1,0.506902921,4774
57.89954338,15,7,55.69735643,0.455673278,79.6,7,31706.30381,2,0.0027774,4775
40.0456621,10,0,77.98541477,0.268150739,78.69,4,22834.14869,4,0.042389134,4776
47.53424658,11,9,74.70373747,0.33702921,81.79,3,34481.22582,0,0.169435829,4777
46.11872146,15,9,61.48587056,0.533927876,78.5,2,31292.95749,2,0.424352083,4778
48.81278539,7,2,73.70100273,0.203599712,78.62,4,41910.80988,3,0.076017227,4779
30.1369863,12,10,73.70100273,0.369485034,87.86,4,47592.31664,2,0.086513998,4780
61.41552511,10,1,51.36736554,0.460361342,80.13,2,43203.98251,3,0.588559895,4781
12.92237443,17,34,66.08933455,0.41744753,80.15,1,33143.98531,4,1.219299079,4782
87.48858447,5,3,78.07657247,0.204320952,82.6,7,36493.19435,3,0.002980999,4783
24.65753425,17,16,41.06654512,0.694764515,86.8,6,28384.52631,3,0.00720358,4784
51.23287671,13,1,62.21513218,0.55231951,83.76,5,8645.355704,1,0.005659998,4785
4.292237443,21,4,68.77848678,0.197108547,78.58,6,20059.38471,3,0.004972224,4786
16.16438356,17,12,72.01458523,0.261659574,78.05,7,43767.58052,2,0.004158124,4787
29.7260274,13,13,62.26071103,0.375615579,82.12,4,38271.18768,1,0.070380048,4788
25.61643836,14,2,51.04831358,0.630213487,78.55,4,24188.39484,1,0.044928916,4789
29.6347032,16,0,81.58614403,0.433675442,84.72,6,34431.91837,0,0.009106256,4790
23.37899543,15,5,75.43299909,0.247956004,78.58,7,24801.73798,2,0.00218528,4791
33.47031963,12,1,75.43299909,0.313588893,79.8,6,34640.54687,1,0.008608155,4792
34.74885845,11,1,59.16134913,0.503996394,80.92,5,40073.72017,4,0.025816321,4793
76.66666667,10,10,56.97356427,0.448460873,84.09,7,40277.30947,3,0.003606835,4794
18.31050228,16,9,70.10027347,0.338111071,78.28,4,27007.96639,1,0.048897582,4795
46.57534247,15,7,84.27529626,0.263823296,78.56,2,36834.78284,3,0.498504577,4796
13.69863014,17,0,66.77301732,0.380303642,76.06,4,36324.943,2,0.066108117,4797
68.49315068,11,1,60.71103008,0.496423368,78.96,4,14874.34557,2,0.026458831,4798
27.39726027,20,4,71.23974476,0.438724125,80.13,4,39215.05929,2,0.071485634,4799
33.78995434,15,1,68.77848678,0.32332564,78.82,3,51678.28465,0,0.253342148,4800
44.52054795,12,0,63.85597083,0.277887486,82.41,5,21402.76011,3,0.014808241,4801
41.18721461,13,2,69.14311759,0.315752614,81.46,6,36790.50081,3,0.008328997,4802
27.71689498,13,5,66.27164995,0.223433826,76.8,3,30122.31936,0,0.149122606,4803
19.543379,19,0,56.15314494,0.313228273,85.04,6,38703.16919,0,0.009575538,4804
45.79908676,11,24,72.88058341,0.365157591,82.36,3,39863.36832,2,0.198908415,4805
24.38356164,17,4,80.44667274,0.303130905,77.98,6,45239.95248,3,0.011494352,4806
52.73972603,13,3,58.29535096,0.468294987,78.47,5,43786.17336,1,0.030245811,4807
18.94977169,16,1,89.19781222,0.271396322,82.97,4,23511.57115,2,0.043568869,4808
76.62100457,6,0,72.47037375,0.387155427,75.94,6,33573.26994,3,0.008476701,4809
54.10958904,16,20,60.75660893,0.419971872,78.5,1,22550.62332,3,0.831300703,4810
41.14155251,9,11,62.35186873,0.314670754,80.71,7,19518.56216,1,0.001666257,4811
18.72146119,19,12,66.49954421,0.421774973,78.49,1,40347.88666,1,1.503987543,4812
65.34246575,3,2,74.79489517,0.306015867,77.32,6,30445.16771,2,0.007168962,4813
15.89041096,17,2,45.39653601,0.514093761,76.89,1,30233.19108,3,1.113600266,4814
39.543379,10,6,59.07019143,0.488850343,83.33,7,41695.97518,1,0.003992844,4815
34.10958904,11,1,73.47310848,0.419971872,82.21,4,26674.94339,1,0.048984932,4816
34.65753425,18,5,65.81586144,0.28257555,78.64,1,25276.60172,3,0.928160114,4817
53.74429224,9,2,72.4247949,0.420332492,81.56,5,27776.61034,2,0.018520389,4818
39.49771689,13,1,77.84867821,0.399416516,78.28,3,28154.28035,2,0.140988659,4819
36.30136986,14,3,62.62534184,0.325128741,81.78,3,45341.27879,2,0.225684231,4820
53.78995434,9,0,52.18778487,0.491735305,83.39,6,21779.83584,2,0.005757292,4821
54.29223744,16,0,70.60164084,0.291230436,82.5,7,42628.51041,1,0.003750067,4822
33.19634703,12,5,58.79671832,0.364436351,79.71,1,38518.048,3,1.407755268,4823
40.91324201,16,23,67.36554239,0.352175261,80.7,7,47430.2732,3,0.004602863,4824
36.62100457,11,7,58.79671832,0.412038226,84.48,4,43887.30197,0,0.080033485,4825
36.62100457,11,11,65.40565178,0.272478182,81.28,2,51160.01884,3,0.690352133,4826
59.45205479,14,0,54.83135825,0.457476379,78.92,7,17216.42189,1,0.001797143,4827
39.26940639,13,1,64.17502279,0.330898666,78.71,2,32739.24598,2,0.444452039,4828
41.27853881,13,10,50.86599818,0.53897656,77.55,4,47882.56666,2,0.088896155,4829
50.0913242,10,3,39.88149499,0.585857194,84.96,3,33576.07428,1,0.167683343,4830
37.67123288,14,5,57.61166819,0.312507032,82.3,1,32734.06616,0,1.212964024,4831
22.78538813,15,4,44.75843209,0.453870177,77.91,2,19136.0861,2,0.254442294,4832
39.40639269,10,8,49.45305378,0.531042914,80.45,1,25958.13746,4,0.956826201,4833
19.17808219,16,10,59.07019143,0.514093761,84.03,4,32035.24621,2,0.059396626,4834
49.36073059,14,2,59.11577028,0.375254959,79.32,2,28208.25937,2,0.379276811,4835
20.1826484,15,0,74.06563355,0.424299315,79.58,7,31164.45231,2,0.002585561,4836
60.54794521,14,2,45.53327256,0.359387667,78.94,7,28287.9926,2,0.00266007,4837
48.90410959,14,23,66.77301732,0.344602236,81.56,2,29368.16755,0,0.397454927,4838
57.07762557,8,9,80.4922516,0.502914533,77.55,3,31035.6552,1,0.154517429,4839
17.39726027,16,15,68.64175023,0.267429499,81.87,4,16238.58611,2,0.030473517,4840
37.67123288,14,5,71.92342753,0.277887486,76.39,3,30830.39402,2,0.154648326,4841
23.65296804,18,0,59.20692799,0.518421204,80.19,3,30056.89894,2,0.148832135,4842
28.90410959,16,3,64.67639015,0.341717274,81.85,3,34255.70436,3,0.170899114,4843
68.12785388,5,7,56.3810392,0.276805626,88.71,4,40646.95283,1,0.074483239,4844
17.35159817,20,7,67.09206928,0.469737468,82.91,2,31302.38512,1,0.423471024,4845
14.20091324,17,1,57.88514129,0.285821132,76.61,4,47507.71687,3,0.086513998,4846
53.83561644,12,1,54.46672744,0.604970069,78.67,3,39083.41233,2,0.194627897,4847
27.30593607,17,2,74.79489517,0.451345835,80.76,3,40230.35284,3,0.202628386,4848
69.6347032,8,0,82.90793072,0.269953841,78.78,5,25298.97979,2,0.016908445,4849
48.85844749,17,5,75.38742024,0.388597908,83.08,7,12800.29297,2,0.001298572,4850
38.85844749,17,4,78.94257065,0.278608727,75.88,1,32625.71793,4,1.20865168,4851
37.57990868,10,6,69.14311759,0.289427335,84.51,4,33523.70234,2,0.061224373,4852
30.73059361,19,0,48.04010939,0.510848179,77.4,4,34735.45825,2,0.06396106,4853
48.85844749,17,5,66.18049225,0.376336819,83.82,7,12239.71729,3,0.001417533,4854
40.1826484,10,13,55.24156791,0.43079048,76.07,4,50314.72046,3,0.095825896,4855
71.91780822,7,17,18.45943482,0.771576632,79.88,3,46291.39058,2,0.232376596,4856
22.64840183,15,6,37.73928897,0.571432384,86.59,3,22327.52466,3,0.111428701,4857
61.18721461,7,10,61.2579763,0.418529391,80.03,3,28156.69623,2,0.140626767,4858
63.19634703,13,8,73.06289881,0.352175261,77.09,7,27612.50838,2,0.002381187,4859
14.88584475,17,24,78.03099362,0.352535882,77.51,4,40752.53453,3,0.074040807,4860
54.88584475,12,1,68.86964448,0.281493689,82.14,5,36790.50081,2,0.024540663,4861
39.6803653,9,4,55.24156791,0.253004688,79.67,1,32919.05248,2,1.198955258,4862
45.98173516,11,2,77.98541477,0.421053732,87.51,6,28520.19777,0,0.007052301,4863
29.7716895,12,2,68.64175023,0.25588965,76.13,6,33414.39286,1,0.008608155,4864
45.06849315,11,2,56.4721969,0.319719437,76.85,4,37177.37893,1,0.068585201,4865
39.40639269,10,1,53.91978122,0.510848179,79.53,1,22938.17793,1,0.845845626,4866
47.48858447,14,6,50.31905196,0.48596538,77.89,5,8981.31546,2,0.00259798,4867
33.01369863,18,7,56.92798541,0.231728092,80.54,1,26930.37623,1,0.993891141,4868
30.59360731,12,0,79.53509572,0.22812189,83.01,3,37066.96224,3,0.18510024,4869
42.28310502,16,7,77.43846855,0.237858637,76.9,2,40987.19117,3,0.556483734,4870
41.18721461,9,11,62.35186873,0.247234764,82.8,4,22999.94802,0,0.042786406,4871
36.07305936,11,1,76.48131267,0.28329679,77.94,1,22834.14869,4,0.831300703,4872
95.25114155,4,11,78.07657247,0.276084385,80.45,6,45294.83047,1,0.011946897,4873
72.87671233,10,7,63.90154968,0.448100252,80.23,7,42297.73628,1,0.004016691,4874
37.76255708,14,4,66.59070191,0.460000721,78.97,4,42708.85447,3,0.078572719,4875
41.55251142,13,4,66.45396536,0.366239452,81.27,1,26622.29174,3,0.977273486,4876
76.11872146,9,1,51.00273473,0.500390191,78.25,7,33076.77055,2,0.003044578,4877
37.21461187,11,0,68.64175023,0.146261089,76.63,4,30918.27989,0,0.057672738,4878
38.49315068,17,2,63.71923428,0.335947349,84.1,7,41724.56872,1,0.003878869,4879
34.65753425,11,5,74.88605287,0.313588893,81.27,4,29518.33153,2,0.052715641,4880
52.73972603,6,0,59.02461258,0.422496213,82.8,3,22475.12587,3,0.112198794,4881
45.47945205,11,1,62.71649954,0.293394158,82.41,6,18411.02896,3,0.004278344,4882
57.35159817,8,11,66.31722881,0.461082582,77.4,5,44143.7353,3,0.029967482,4883
39.17808219,10,8,82.22424795,0.434036062,87.27,4,24295.5956,4,0.044483766,4884
38.26484018,10,1,73.51868733,0.303130905,78.74,4,23690.6304,1,0.043536446,4885
46.02739726,8,8,66.2260711,0.306376488,77.22,1,16029.08124,2,0.589488708,4886
72.55707763,7,11,70.51048314,0.395449693,82.17,5,27749.25089,3,0.018515923,4887
68.40182648,8,2,54.28441203,0.51193004,80.62,2,40177.30178,1,0.539780084,4888
50.2739726,10,0,78.71467639,0.399416516,88.67,6,831.6955534,5,0.002920434,4889
52.51141553,9,5,53.96536007,0.312867652,82.08,6,22381.05289,3,0.005610034,4890
31.14155251,16,7,65.13217867,0.457115759,84.4,7,21270.90865,2,0.001981072,4891
18.31050228,16,8,59.61713765,0.392204111,76.95,1,33393.59309,1,1.228228173,4892
30.82191781,16,6,57.15587967,0.343159755,77,4,27007.96639,4,0.049517866,4893
46.66666667,14,3,48.90610757,0.541140281,83.12,2,27716.34617,1,0.376057124,4894
60.4109589,14,0,76.29899727,0.266347638,83.15,7,34239.84979,2,0.002949219,4895
46.89497717,11,1,52.68915223,0.426823657,80.55,2,40360.61209,3,0.546221487,4896
18.94977169,16,12,64.4484959,0.330898666,78.55,4,22736.38233,4,0.042414071,4897
30.50228311,12,1,89.10665451,0.256971511,80.39,4,22068.22223,3,0.040335528,4898
32.87671233,11,9,62.67092069,0.443772809,85.4,3,46847.45839,0,0.231087541,4899
44.33789954,15,10,76.70920693,0.21550018,83.32,2,15282.22481,2,0.176030905,4900