Safety_Score,Days_Since_Inspection,Total_Safety_Complaints,Control_Metric,Turbulence_In_gforces,Cabin_Temperature,Accident_Type_Code,Max_Elevation,Violations,Adverse_Weather_Metric,Accident_ID
27.39726027,17,0,67.41112124,0.414923188,83.58,3,41920.24716,2,0.208475823,4901
34.42922374,11,5,67.18322698,0.330538045,75.71,4,27511.84047,2,0.04980889,4902
40.73059361,9,7,53.78304467,0.488129102,78.22,1,39565.83448,1,1.461348222,4903
51.91780822,16,3,64.03828624,0.322243779,83.07,7,38615.12656,2,0.003578367,4904
32.46575342,15,2,79.0793072,0.26851136,78.42,6,34929.74042,3,0.008404336,4905
45.06849315,11,14,72.88058341,0.335947349,80.52,3,32164.22307,3,0.159696996,4906
78.21917808,8,0,70.8295351,0.243989181,77.09,7,42627.76317,2,0.003802181,4907
93.47031963,4,2,60.66545123,0.250119726,80.44,2,53831.73853,4,0.729576238,4908
45.29680365,18,21,49.63536919,0.696567616,79.37,7,42628.38864,3,0.004300156,4909
42.87671233,12,10,68.96080219,0.413120087,77.82,3,13364.51005,2,0.065394342,4910
34.56621005,11,25,52.55241568,0.359387667,81.44,1,17712.9698,0,0.655500113,4911
48.63013699,17,3,68.00364631,0.452067075,76.89,7,13790.87447,4,0.000763559,4912
39.45205479,13,3,78.16773017,0.312146412,76.77,6,21554.55213,2,0.005757292,4913
45.06849315,15,1,60.61987238,0.510848179,77.78,5,24084.88732,1,0.01499081,4914
34.47488584,11,5,50.0911577,0.754627479,78.58,3,14353.58466,2,0.072851338,4915
51.05022831,10,16,55.69735643,0.502914533,83.71,3,38011.02122,2,0.189279042,4916
49.45205479,14,5,69.69006381,0.416005049,77.89,3,47101.48575,0,0.236948192,4917
39.8173516,10,1,57.52051048,0.277526866,86.98,4,38817.08971,3,0.070887327,4918
75.43378995,9,7,77.52962625,0.314670754,84.92,2,35956.37581,3,0.485968994,4919
34.70319635,14,4,78.80583409,0.36335449,81.63,1,32854.55899,1,1.211024263,4920
38.44748858,17,18,73.10847767,0.290148576,80.06,4,43767.58052,2,0.079811239,4921
70,8,7,80.40109389,0.293394158,81.78,2,43912.82128,2,0.592637234,4922
45.47945205,11,1,57.15587967,0.300606563,76.85,6,37375.22372,2,0.008668665,4923
64.93150685,9,0,78.07657247,0.207205914,82.69,5,30882.72638,2,0.019995937,4924
32.00913242,15,3,62.07839562,0.368763794,80.61,6,36364.52379,3,0.008337341,4925
56.07305936,15,16,70.32816773,0.439805986,79.17,7,45795.50296,4,0.003913329,4926
55.02283105,9,10,66.31722881,0.287263613,78.11,7,34641.51186,2,0.003287196,4927
46.66666667,11,1,57.15587967,0.399055896,78.47,1,35207.22856,2,1.285879116,4928
28.72146119,13,12,69.4165907,0.439445366,79.05,2,15883.29958,1,0.209602823,4929
60.2283105,7,11,67.04649043,0.293394158,82.27,7,39269.05393,2,0.003625472,4930
28.90410959,16,5,52.78030994,0.280411828,82.11,7,33403.25512,2,0.003072487,4931
53.28767123,16,4,58.52324521,0.287263613,84.76,5,28509.75968,1,0.019342855,4932
29.7716895,12,2,44.75843209,0.687191489,79.92,1,36463.54538,2,1.325660782,4933
42.96803653,15,8,73.47310848,0.338471691,82.49,2,37236.74911,1,0.504117435,4934
12.46575342,18,9,41.61349134,0.473704291,80.34,3,27487.6888,2,0.136592251,4935
35.38812785,18,0,76.43573382,0.278608727,75.88,4,31531.7962,3,0.057623062,4936
78.44748858,9,1,51.36736554,0.523830508,87.34,7,38170.74984,2,0.003462771,4937
59.8173516,14,0,73.01731996,0.290148576,76.33,7,33425.22558,3,0.003168519,4938
42.05479452,16,0,57.52051048,0.356502705,83.22,2,28957.80882,2,0.392319835,4939
57.48858447,11,9,65.22333637,0.330898666,78.48,2,12376.56137,1,0.170460594,4940
40.77625571,9,1,72.10574294,0.421774973,78.56,1,48659.26005,2,1.790074139,4941
41.14155251,9,5,74.74931632,0.241104219,79.87,4,34007.01765,3,0.062507842,4942
19.543379,16,9,53.32725615,0.462164443,77.67,7,38050.78696,2,0.003657956,4943
13.78995434,17,12,63.30902461,0.356142084,79.67,2,32729.71996,2,0.444452039,4944
40.0913242,9,14,68.04922516,0.158882798,78.4,1,29763.18416,1,1.096336157,4945
6.02739726,22,2,77.07383774,0.321161918,82.08,3,21852.7136,1,0.107090688,4946
46.48401826,11,6,39.88149499,0.725417238,77.95,2,24285.89193,1,0.328620657,4947
37.53424658,14,9,62.9443938,0.312507032,80.9,4,25989.36306,2,0.048118611,4948
55.70776256,12,11,64.12944394,0.406268301,78.47,5,35167.17093,1,0.023023386,4949
31.09589041,12,7,86.05287147,0.291951677,80.24,3,21790.73391,3,0.106939064,4950
30.3652968,16,12,66.49954421,0.256610891,81.88,6,40101.91966,3,0.010124938,4951
28.72146119,13,12,67.36554239,0.298803462,78.46,4,32555.64383,1,0.059954819,4952
45.47945205,11,6,20.96627165,0.882647674,87.11,6,15656.63718,4,0.003414515,4953
33.78995434,11,0,70.14585232,0.291230436,79.14,4,27619.70642,1,0.050651588,4954
50.77625571,10,18,51.04831358,0.575759827,80.89,6,28245.64126,1,0.006448712,4955
53.47031963,9,4,84.54876937,0.275002524,80.16,3,18059.23725,4,0.091701158,4956
42.78538813,9,10,57.61166819,0.605691309,80.99,4,32578.59435,2,0.060365982,4957
50.50228311,10,0,71.0118505,0.326931843,80.43,6,21674.72377,4,0.005652733,4958
28.67579909,13,1,62.53418414,0.335226109,77.82,4,31003.91104,2,0.057210784,4959
58.49315068,7,3,34.91340018,0.668078615,79.25,3,25644.46842,0,0.128439069,4960
25.29680365,14,8,40.29170465,0.429708619,78.69,4,35186.87528,2,0.064536414,4961
59.8173516,14,5,60.98450319,0.370927515,74.82,4,52783.66999,1,0.094183053,4962
34.79452055,11,10,57.42935278,0.440887847,82.03,3,23999.4411,2,0.120797848,4963
44.42922374,15,2,49.45305378,0.52635485,77.92,2,41045.694,3,0.55365091,4964
58.85844749,7,5,38.14949863,0.710992427,76.19,6,26885.15763,0,0.006860819,4965
55.75342466,15,5,70.32816773,0.263462676,78.96,7,18298.75672,4,0.001754998,4966
48.76712329,14,35,66.77301732,0.41780815,81.84,2,27758.76558,1,0.376057124,4967
43.28767123,8,3,68.36827712,0.25516841,83.58,4,37772.6897,4,0.069784362,4968
55.52511416,12,1,64.99544211,0.386434187,76.95,5,33435.85417,3,0.021573952,4969
42.10045662,16,5,60.66545123,0.338832312,77.16,2,32682.90181,2,0.442314977,4970
52.51141553,13,2,60.48313582,0.52635485,86.51,5,32908.29368,0,0.021553358,4971
39.13242009,10,1,62.12397448,0.44449405,79.33,4,8706.412078,3,0.018890526,4972
38.12785388,10,1,66.45396536,0.460721962,77.87,1,33745.49303,1,1.239769266,4973
66.57534247,9,9,59.07019143,0.63418031,80.41,2,48457.37655,2,0.651813596,4974
21.27853881,15,5,62.71649954,0.380303642,84.12,7,20862.63434,2,0.001981072,4975
29.36073059,16,10,82.08751139,0.262020195,83.32,6,40413.03865,3,0.009617898,4976
24.79452055,18,10,55.28714676,0.219467003,80.64,3,30364.86989,1,0.150293722,4977
43.15068493,12,13,57.88514129,0.426823657,77.25,6,30147.90544,2,0.007438602,4978
25.89041096,14,1,49.27073838,0.413480707,81.14,4,36789.68548,3,0.067196148,4979
41.14155251,12,0,51.82315406,0.522748648,76.99,4,35012.5426,1,0.064307931,4980
56.75799087,8,4,100,0.212254598,77.53,6,28890.15257,3,0.007161153,4981
25.98173516,14,1,73.92889699,0.373451857,78.23,7,47673.75429,2,0.004366325,4982
52.51141553,13,0,71.55879672,0.273199423,80.34,5,40360.21541,3,0.0275611,4983
50.50228311,10,10,52.05104831,0.447739632,76.07,3,9560.909439,1,0.012477811,4984
31.64383562,12,2,80.35551504,0.22920375,83.94,4,25119.24211,2,0.046045891,4985
44.47488584,8,3,52.82588879,0.223794446,78.06,1,14840.46528,2,0.513028955,4986
82.28310502,7,0,66.1349134,0.335586729,77.18,6,34982.99273,1,0.00923432,4987
44.52054795,8,3,49.54421149,0.456755139,82.08,4,20108.89255,4,0.037068358,4988
0.913242009,21,14,62.03281677,0.401219618,84.92,2,39366.31833,0,0.533890828,4989
48.17351598,11,3,76.89152233,0.381746123,77.81,2,28671.29542,2,0.38954501,4990
43.97260274,8,1,60.66545123,0.476228633,81.78,4,39462.10958,2,0.072388521,4991
36.80365297,10,5,56.10756609,0.439445366,76.48,2,31318.38611,3,0.423441678,4992
26.57534247,17,9,79.21604376,0.217663902,77.26,3,37623.17303,3,0.187059501,4993
45.98173516,15,2,73.33637192,0.45819762,80.42,2,59108.87717,3,0.836581797,4994
24.65753425,18,16,41.06654512,0.473704291,78.57,7,45599.36779,2,0.003977787,4995
52.92237443,9,0,79.89972653,0.234252434,77.08,2,38210.28783,1,0.514732243,4996
68.76712329,8,21,68.96080219,0.192059863,82.64,3,30479.98025,4,0.150707712,4997
76.66666667,6,29,64.81312671,0.399055896,76.1,3,26733.76325,2,0.133339847,4998
64.88584475,12,1,70.64721969,0.358666426,76.85,2,30684.67256,3,0.416258197,4999
45.79908676,11,2,78.39562443,0.331980527,75.41,3,40645.71729,2,0.200329336,5000
76.16438356,9,5,66.36280766,0.298803462,88.57,4,20721.93138,1,0.037799419,5001
30.1826484,12,1,78.12215132,0.39040101,80.98,4,36315.72701,2,0.066514574,5002
29.49771689,13,10,70.9206928,0.351454021,81.37,2,37236.74911,1,0.503651281,5003
20.2739726,15,2,65.99817685,0.55340137,79.71,4,49288.63551,2,0.091507463,5004
43.88127854,15,0,91.11212397,0.28293617,78.73,2,25487.60502,2,0.344926674,5005
42.42009132,12,3,67.7301732,0.338111071,81.37,3,39176.76091,2,0.194834612,5006
42.42009132,12,9,88.01276208,0.222351965,77.93,2,35183.57731,3,0.478306032,5007
69.7260274,7,3,75.38742024,0.354699603,79.65,2,32584.01461,1,0.441589523,5008
50.2283105,17,6,74.43026436,0.247595384,79.31,7,26764.99517,2,0.002174148,5009
14.52054795,17,1,80.7657247,0.269953841,81.33,4,48711.98224,3,0.089532332,5010
47.89954338,11,0,74.88605287,0.325489362,82.19,5,37628.46583,0,0.024495462,5011
23.88127854,18,1,37.83044667,0.542582762,88.01,6,28645.18592,2,0.007224742,5012
67.21461187,12,3,79.03372835,0.39076163,87.51,2,51368.75,4,0.695172259,5013
45.02283105,8,6,88.24065634,0.212254598,77.6,2,30587.56938,1,0.414941704,5014
29.7716895,12,0,56.88240656,0.378139921,79.4,4,35888.93989,2,0.066531454,5015
28.40182648,13,29,58.47766636,0.434396682,87,1,39741.34628,3,1.461348222,5016
77.30593607,2,19,65.31449407,0.557368193,77.77,5,23099.24684,2,0.015679292,5017
39.49771689,13,6,76.43573382,0.421053732,75.81,6,49341.22322,3,0.012983311,5018
37.39726027,10,0,75.38742024,0.325849982,78.65,4,34758.93444,1,0.064052972,5019
0.913242009,21,14,66.90975387,0.398334656,83.01,6,25720.91641,2,0.005972474,5020
20.54794521,15,2,45.80674567,0.409874504,81.91,4,20862.63434,2,0.038830771,5021
13.78995434,17,5,70.73837739,0.267429499,76.61,4,27398.98777,1,0.049764333,5022
62.32876712,13,0,70.64721969,0.462525063,76.93,4,32364.35222,2,0.058871556,5023
56.71232877,15,2,74.02005469,0.185208078,79.7,7,24205.22433,2,0.0023283,5024
20.4109589,19,14,29.44393801,0.774822214,80.78,5,39488.30147,2,0.026789419,5025
45.43378995,15,31,79.03372835,0.40374396,78.47,2,19380.34444,2,0.25611363,5026
24.74885845,14,1,55.78851413,0.311425171,81.32,2,41817.9806,2,0.567201133,5027
42.05479452,16,6,69.64448496,0.372730617,76.96,2,20815.91421,2,0.28004286,5028
40.77625571,13,17,76.02552416,0.434036062,77.11,3,37862.91999,1,0.188871235,5029
4.292237443,21,2,70.19143118,0.231006852,80.41,6,38605.84487,4,0.009855709,5030
53.74429224,9,17,61.48587056,0.387876668,82.66,1,32176.87393,1,1.184334393,5031
21.59817352,15,12,67.50227894,0.272838803,77.74,4,38472.69896,2,0.070527103,5032
42.96803653,9,4,82.3609845,0.443412189,80.15,4,12666.7712,2,0.023200001,5033
26.71232877,13,2,70.19143118,0.358305806,81.37,3,37438.2062,2,0.186511988,5034
63.42465753,6,0,76.57247037,0.243989181,80.54,3,33701.37394,2,0.16732167,5035
33.74429224,18,5,55.01367366,0.547270826,77.93,1,25739.38468,2,0.945916972,5036
83.65296804,7,1,68.73290793,0.254086549,77.18,7,23245.34234,1,0.002239088,5037
24.15525114,14,3,53.32725615,0.395449693,75.2,4,24892.55613,1,0.045618295,5038
39.8173516,10,4,66.59070191,0.460721962,88.71,4,39242.37438,4,0.071719022,5039
22.73972603,15,18,70.78395624,0.207205914,81.27,7,20358.32916,4,0.001701728,5040
70.0456621,11,1,65.26891522,0.339553552,81.73,2,37749.23125,2,0.511651064,5041
54.52054795,8,0,73.29079307,0.277887486,81.61,6,34032.096,0,0.008610704,5042
43.83561644,12,3,64.26618049,0.243628561,78.31,4,29944.11548,2,0.054740383,5043
48.63013699,7,1,76.75478578,0.335226109,78.46,4,50950.78516,2,0.092630225,5044
33.10502283,15,15,57.15587967,0.509045078,80.19,2,36490.53711,1,0.488682348,5045
51.05022831,10,16,70.19143118,0.395449693,76.98,4,36742.49659,2,0.06791806,5046
19.40639269,16,16,44.71285324,0.63418031,85.1,4,28384.52631,2,0.051466239,5047
30.77625571,16,3,54.64904284,0.372009376,80.09,1,30380.86152,3,1.113570002,5048
37.07762557,14,5,55.05925251,0.44485467,83.07,3,29541.18411,3,0.146736433,5049
66.80365297,12,3,74.79489517,0.285099892,82.53,5,34239.84979,3,0.023799066,5050
36.94063927,14,9,56.92798541,0.48596538,79.61,2,35540.86906,2,0.481652773,5051
39.26940639,10,8,72.01458523,0.28221493,79.17,6,23733.48632,0,0.006088804,5052
27.12328767,14,0,65.58796718,0.425741796,81.86,4,30752.09309,1,0.058088148,5053
1.415525114,22,4,60.98450319,0.345323476,79.88,4,39366.31833,2,0.071423456,5054
38.85844749,10,1,57.93072015,0.430069239,79.56,5,33373.02693,1,0.021597593,5055
58.12785388,8,1,75.38742024,0.245792283,81.04,3,26266.36796,3,0.131340505,5056
65.43378995,4,17,50.63810392,0.438002885,82.27,7,48388.1503,2,0.005073611,5057
46.48401826,15,9,84.27529626,0.25552903,78.56,2,25487.60502,3,0.346527328,5058
34.84018265,15,0,32.72561531,0.640310855,78.55,3,33315.56836,3,0.166305015,5059
39.7260274,16,11,53.00820419,0.334865489,80.95,2,37999.3671,2,0.514732243,5060
21.46118721,15,9,59.84503191,0.392204111,78.16,4,51330.72819,1,0.094183053,5061
45.52511416,11,3,62.71649954,0.234613054,80.96,1,32094.80418,0,1.184395802,5062
42.28310502,12,18,60.75660893,0.366960692,79.22,2,30232.14602,3,0.412117131,5063
44.42922374,8,2,62.57976299,0.423578074,79.42,4,37353.2152,2,0.068210006,5064
51.73515982,13,15,55.28714676,0.378139921,82.45,6,33095.91158,3,0.00778024,5065
54.79452055,12,2,50.95715588,0.626607285,77.93,2,32349.29538,3,0.439042375,5066
70.63926941,11,14,55.05925251,0.439805986,87.23,7,36489.11111,4,0.003076771,5067
43.05936073,9,22,80.08204193,0.394728453,76.33,6,34687.30742,1,0.008633995,5068
54.70319635,5,3,80.674567,0.375976199,79.63,5,26659.23517,3,0.018515923,5069
30.77625571,16,16,66.49954421,0.41780815,86.13,5,40169.15547,2,0.026803844,5070
31.27853881,15,2,71.87784868,0.438002885,82.08,3,29267.16487,2,0.145942988,5071
19.36073059,19,0,64.3573382,0.272838803,81.56,3,30477.31908,1,0.152337945,5072
62.51141553,13,0,89.33454877,0.217663902,79.94,7,32397.80286,2,0.003131268,5073
36.62100457,14,2,49.68094804,0.357223945,79.23,3,29290.61483,3,0.145497843,5074
87.48858447,6,21,52.46125798,0.475868013,78.33,7,37447.46191,1,0.003465838,5075
18.31050228,16,3,60.57429353,0.395089073,83.52,1,33105.85255,2,1.225543242,5076
22.19178082,15,1,90.29170465,0.286902993,77.3,4,41770.80478,0,0.076369367,5077
19.543379,19,5,53.50957156,0.717844212,82.2,2,25824.95393,2,0.349246882,5078
28.67579909,20,1,44.39380128,0.339192932,83.72,3,33551.97583,1,0.167165431,5079
32.10045662,15,4,64.3573382,0.330538045,90.87,6,46572.48254,1,0.011676444,5080
34.74885845,11,8,50.18231541,0.448460873,78.23,7,45004.0014,2,0.004259686,5081
22.37442922,18,0,58.38650866,0.345684097,84.82,6,38457.39589,2,0.009503763,5082
48.26484018,7,18,71.96900638,0.378500541,77.42,1,20400.08105,3,0.741000086,5083
38.76712329,13,6,69.05195989,0.428266138,76.39,3,24295.5956,0,0.120541261,5084
25.57077626,14,2,49.17958067,0.582250992,78.46,4,24188.39484,2,0.044269063,5085
29.40639269,13,0,63.67365542,0.432593581,79.16,6,8706.412078,4,0.002920434,5086
47.89954338,14,19,74.97721057,0.388237288,77.07,2,20374.98756,2,0.275778719,5087
47.89954338,7,11,78.9881495,0.179438154,78.61,3,22331.87513,2,0.111897063,5088
39.49771689,10,8,49.45305378,0.478392355,82.13,4,44552.86883,2,0.08203656,5089
48.85844749,14,1,68.41385597,0.241104219,80.65,1,30098.57239,1,1.107264599,5090
34.56621005,11,6,45.80674567,0.388597908,77.99,4,19093.08225,1,0.034404845,5091
19.22374429,16,3,73.24521422,0.268150739,77.29,1,30938.821,1,1.142419445,5092
63.92694064,13,4,75.84320875,0.281493689,78.67,7,13696.99706,2,0.00147996,5093
12.46575342,18,3,74.61257976,0.316113235,76,4,30384.11425,4,0.0560106,5094
48.81278539,7,1,76.75478578,0.305294627,80.5,4,20432.27973,3,0.037985961,5095
7.945205479,23,2,70.55606199,0.189535521,75.25,4,47141.22631,1,0.086327022,5096
21.23287671,15,3,67.68459435,0.505078255,80.85,2,49516.44247,3,0.678555592,5097
38.03652968,13,1,62.89881495,0.381385503,77.1,7,28967.63533,1,0.00270473,5098
43.65296804,8,5,67.77575205,0.262741435,77.28,1,34302.72585,3,1.268472711,5099
29.22374429,13,1,82.22424795,0.287624234,86.57,4,41770.80478,2,0.075777723,5100
64.84018265,9,9,49.27073838,0.687191489,80.45,2,40580.55024,1,0.551381418,5101
42.83105023,12,10,55.05925251,0.410595745,86.13,2,44377.59155,1,0.598166043,5102
33.10502283,18,12,59.89061076,0.465770646,79.4,2,29818.30113,2,0.403086321,5103
20.95890411,15,1,86.64539654,0.248316625,77.52,1,35147.78537,4,1.293845573,5104
48.85844749,14,23,71.55879672,0.331980527,78.04,5,34687.30742,3,0.022751475,5105
63.42465753,6,4,73.15405652,0.290148576,82.36,6,31484.43664,2,0.008060077,5106
54.47488584,9,23,71.55879672,0.173307609,82.64,3,35684.88277,3,0.177623325,5107
24.88584475,17,0,42.61622607,0.663751172,80.9,5,36061.43246,2,0.023959793,5108
51.55251142,13,11,77.52962625,0.298082221,77.22,5,37388.68971,2,0.024503095,5109
25.61643836,14,8,63.99270738,0.20143599,80.22,2,23362.5383,4,0.317264638,5110
40.77625571,16,6,56.51777575,0.40410458,81.89,2,44363.18912,0,0.600390476,5111
19.13242009,16,6,74.61257976,0.222351965,79.32,4,20146.91725,2,0.037829265,5112
98.40182648,6,0,41.56791249,0.634901551,80.12,3,47433.01624,2,0.236464525,5113
59.04109589,7,5,39.74475843,0.41780815,74.74,6,38880.40073,1,0.009779937,5114
58.90410959,14,8,81.26709207,0.289427335,82.49,7,31529.76232,1,0.002884408,5115
36.75799087,10,4,56.15314494,0.453509556,76.48,4,37570.12189,3,0.068636161,5116
76.84931507,9,0,73.70100273,0.20143599,79.85,7,22336.4072,2,0.002072463,5117
46.48401826,11,0,45.76116682,0.374894338,76.53,3,40296.81608,2,0.199990449,5118
57.12328767,8,19,73.15405652,0.290148576,88.4,6,43611.81624,3,0.011088061,5119
62.00913242,10,0,61.21239745,0.461082582,76.67,2,35679.21571,3,0.482942372,5120
52.37442922,9,1,55.19598906,0.454591417,79.62,3,25562.60347,1,0.128303571,5121
17.07762557,16,15,75.66089335,0.394367833,76.44,1,33393.59309,1,1.23244148,5122
37.48858447,10,1,56.88240656,0.529600433,83.42,4,23157.29823,2,0.041745067,5123
33.88127854,11,3,69.55332726,0.368042553,76.86,4,20937.17051,0,0.038408982,5124
22.96803653,18,3,80.44667274,0.313588893,85.04,3,33656.04647,2,0.168758363,5125
22.19178082,15,1,55.97082954,0.55268013,76.43,4,20993.96223,1,0.038451783,5126
30.59360731,12,5,68.41385597,0.37705806,78.78,5,38735.75134,4,0.026380929,5127
31.41552511,12,2,56.28988149,0.276805626,78.37,4,45399.19457,2,0.083991795,5128
72.96803653,7,1,70.05469462,0.439805986,78.46,2,19380.34444,3,0.254442294,5129
68.26484018,12,35,72.65268915,0.29663974,80.58,7,40780.27346,1,0.003672815,5130
58.08219178,11,9,78.07657247,0.343880995,81.81,2,35354.64915,3,0.478306032,5131
22.92237443,14,2,60.48313582,0.366239452,83.19,1,16391.20156,1,0.563737504,5132
69.45205479,8,0,68.00364631,0.369845655,78.13,1,41060.42587,0,1.507345894,5133
17.07762557,16,6,69.18869644,0.455673278,77.48,4,26748.20702,1,0.049031446,5134
42.28310502,12,8,56.92798541,0.47190119,84.27,7,18272.72848,2,0.001981072,5135
45.75342466,15,0,72.92616226,0.386073567,78.91,6,24530.35683,1,0.006380526,5136
79.40639269,8,13,58.47766636,0.543664623,88.39,4,35254.49349,3,0.063847963,5137
57.39726027,8,2,89.24339107,0.294476019,82.19,3,48141.34855,1,0.236847336,5138
55.15981735,9,18,82.08751139,0.22848251,77.95,3,32880.83758,2,0.163199734,5139
42.42009132,12,4,74.52142206,0.400137757,78.09,2,20683.22452,1,0.279249741,5140
36.43835616,17,1,60.16408387,0.302409665,79.3,2,38976.34068,0,0.527487411,5141
36.80365297,11,5,49.45305378,0.52635485,81.15,4,38055.69038,2,0.069236804,5142
30.77625571,12,0,73.33637192,0.432593581,82.21,1,29989.02658,2,1.101318148,5143
32.46575342,15,7,47.90337284,0.429708619,81.18,3,25131.3222,1,0.125144036,5144
40.63926941,9,1,49.86326345,0.361551388,76.3,4,37915.6428,1,0.069784362,5145
29.49771689,13,13,75.47857794,0.271035701,86.47,5,29518.33153,2,0.020720962,5146
27.30593607,13,9,79.21604376,0.283657411,76.89,4,31758.92818,3,0.056666427,5147
41.00456621,13,21,68.14038286,0.212975838,80.61,3,32374.95193,4,0.160237023,5148
40.3652968,9,1,75.38742024,0.293394158,79.98,5,28024.97631,3,0.018356291,5149
29.6347032,16,12,59.02461258,0.219106383,76.49,3,45972.13598,2,0.227829389,5150
39.45205479,13,3,59.29808569,0.316834475,79.24,7,26226.19622,2,0.002340587,5151
24.93150685,17,4,72.01458523,0.312146412,80.46,6,29519.01023,2,0.007160406,5152
40.82191781,13,2,56.15314494,0.345323476,76.95,4,39740.02012,0,0.072325347,5153
50.0456621,16,7,59.79945305,0.465770646,78.5,7,21725.97448,0,0.001654836,5154
58.12785388,11,5,76.89152233,0.491014064,78.91,2,40494.31587,4,0.548030971,5155
66.21004566,12,0,78.62351869,0.326210602,79.94,7,22248.33504,4,0.001979077,5156
32.64840183,15,4,53.372835,0.234252434,85.24,4,24506.96974,2,0.044928916,5157
60.54794521,10,19,66.08933455,0.530321673,78.52,5,33228.46213,2,0.021686553,5158
48.90410959,18,22,50.18231541,0.505799495,79.37,7,47232.02109,0,0.00383214,5159
61.41552511,10,2,54.92251595,0.496423368,75.9,2,35000.86211,4,0.473371437,5160
39.7260274,13,2,60.66545123,0.52635485,77,2,28456.00737,2,0.384350598,5161
34.47488584,14,0,58.47766636,0.4044652,78.03,3,43915.36281,3,0.221481273,5162
70.50228311,11,5,62.7620784,0.315391994,83.45,7,43296.07115,4,0.004190557,5163
53.74429224,16,20,72.83500456,0.39112225,78.27,7,29289.65176,2,0.002763505,5164
32.87671233,15,7,62.67092069,0.307818969,78.09,3,26989.61464,1,0.134484837,5165
46.89497717,14,21,49.81768459,0.347487198,79.28,3,24563.9883,2,0.122219447,5166
17.44292237,16,2,76.75478578,0.284378651,83.74,1,35006.64787,1,1.285879116,5167
30.3196347,16,5,70.46490428,0.382467364,76.48,3,34255.70436,2,0.170698496,5168
24.38356164,14,6,59.61713765,0.267429499,76.93,4,28921.61765,2,0.052987804,5169
17.99086758,16,14,83.54603464,0.230646232,79.94,2,30415.65224,2,0.411158532,5170
4.657534247,20,8,58.75113947,0.360108907,78.73,4,38630.47568,2,0.070322073,5171
61.18721461,7,10,66.45396536,0.410956365,80.03,6,28426.25986,3,0.007265612,5172
29.7260274,12,17,75.75205105,0.381746123,76.75,1,55683.74448,0,2.057714104,5173
53.74429224,16,13,60.75660893,0.385352326,76.1,3,38011.02122,2,0.18906238,5174
33.74429224,11,2,61.75934366,0.367321313,82.23,3,34132.24122,2,0.171426427,5175
63.65296804,10,1,71.1030082,0.375254959,79.93,2,29887.80597,2,0.40457706,5176
32.87671233,12,9,65.13217867,0.439084746,82.02,4,45769.78183,0,0.083045449,5177
15.70776256,17,3,73.29079307,0.315391994,80.8,4,13953.6566,3,0.02554895,5178
61.27853881,10,3,60.48313582,0.505799495,79.6,5,36323.60297,1,0.025353861,5179
50.2283105,16,9,70.00911577,0.573596105,78.58,7,26697.17509,2,0.002267412,5180
43.24200913,19,19,58.65998177,0.784558961,77.78,7,47156.93843,4,0.003917603,5181
34.74885845,15,3,83.27256153,0.346405337,79.78,3,31091.67665,0,0.154535328,5182
30.77625571,19,2,56.83682771,0.378139921,84.8,4,31812.00399,1,0.058588425,5183
45.25114155,18,4,49.68094804,0.49930833,81.8,7,30664.96845,2,0.00268596,5184
48.99543379,14,3,68.14038286,0.212975838,80.06,2,25093.12607,2,0.339470395,5185
46.80365297,14,4,55.97082954,0.286902993,83.28,4,39521.7363,3,0.072860466,5186
70.54794521,4,14,87.83044667,0.180880635,75.96,7,43717.2844,3,0.003961411,5187
30.77625571,19,3,57.24703737,0.426102416,82.38,3,38671.1085,2,0.192477284,5188
13.37899543,18,17,68.00364631,0.254447169,78.99,2,42760.64013,2,0.576823928,5189
46.07305936,8,0,58.79671832,0.417086909,78.09,3,39848.68931,2,0.199589398,5190
35.98173516,11,7,74.2935278,0.263823296,84.4,5,22918.56025,1,0.01499081,5191
23.65296804,18,7,76.61804923,0.270314461,77.96,3,30176.47025,1,0.151672484,5192
68.03652968,12,1,72.97174111,0.492817166,76.99,7,15180.03179,2,0.001480334,5193
41.14155251,9,11,32.49772106,0.729744681,78.9,2,23758.61155,2,0.321668685,5194
29.13242009,16,2,82.22424795,0.176553191,79.52,6,24686.46752,2,0.006009098,5195
47.99086758,7,6,82.95350957,0.484522899,78.47,1,21595.68715,3,0.788798023,5196
28.85844749,13,0,61.85050137,0.307097728,77.53,5,17011.95524,5,0.009854365,5197
58.99543379,14,4,67.45670009,0.245071042,82.09,4,25419.80152,2,0.047109502,5198
40.4109589,20,2,58.20419325,0.414562568,79.01,7,31812.00399,3,0.002789323,5199
57.48858447,8,11,66.31722881,0.461082582,77.82,3,33284.93084,2,0.164634008,5200
32.42009132,12,8,53.2816773,0.245792283,87.97,4,26355.26044,3,0.048450867,5201
46.02739726,15,0,62.07839562,0.346405337,76.68,2,32682.90181,0,0.443808474,5202
26.21004566,14,2,63.17228806,0.482359178,82.17,1,28921.5487,4,1.066359535,5203
38.03652968,13,0,71.28532361,0.246874144,84.51,3,39835.71831,0,0.198468024,5204
59.6347032,14,8,54.64904284,0.45855824,76.52,7,31280.7641,2,0.002561626,5205