Safety_Score,Days_Since_Inspection,Total_Safety_Complaints,Control_Metric,Turbulence_In_gforces,Cabin_Temperature,Accident_Type_Code,Max_Elevation,Violations,Adverse_Weather_Metric,Accident_ID
33.74429224,15,6,67.27438469,0.416365669,81.1,3,23078.09972,0,0.114217418,5206
49.45205479,7,8,76.93710119,0.381746123,83.19,4,29261.07244,3,0.053282506,5207
32.87671233,19,9,60.02734731,0.308540209,80.25,2,36657.84557,2,0.490533994,5208
68.03652968,12,2,62.35186873,0.382106744,86.36,7,19398.15115,1,0.002036403,5209
48.17351598,11,0,72.4247949,0.416726289,75.4,2,46273.24001,2,0.627545994,5210
47.71689498,10,4,85.87055606,0.259856473,82.66,3,45176.83262,3,0.223008337,5211
32.87671233,12,1,69.09753874,0.428626758,77.2,4,49951.14276,3,0.090540253,5212
50.3652968,10,10,44.89516864,0.705583123,80.25,7,34034.06103,2,0.003292337,5213
20.95890411,15,0,86.64539654,0.22848251,81.73,4,53915.33299,0,0.100579962,5214
47.99086758,7,18,65.22333637,0.366239452,81.31,5,36056.32474,2,0.024409047,5215
39.36073059,13,5,76.43573382,0.304573386,79.53,5,29216.41599,3,0.020054276,5216
47.99086758,17,19,55.65177758,0.568186801,76.04,3,23099.24684,4,0.115139028,5217
35.02283105,11,5,43.07201459,0.558089434,80.82,1,19507.22393,2,0.721848476,5218
56.07305936,15,16,73.29079307,0.352175261,75.29,7,45795.50296,0,0.004297175,5219
60.54794521,10,2,50.54694622,0.329095564,78.4,7,39029.83351,4,0.003734089,5220
23.10502283,14,15,73.42752963,0.311064551,81.53,4,32729.39149,2,0.060082167,5221
41.91780822,16,22,76.25341841,0.380664263,86.43,5,34687.30742,1,0.022752318,5222
59.7716895,7,19,49.95442115,0.354338983,76.3,2,15521.1855,2,0.210809445,5223
31.91780822,19,0,50.95715588,0.527076091,77.4,6,22131.73628,2,0.005395942,5224
57.71689498,11,1,64.12944394,0.414923188,77.18,2,26040.29909,1,0.352422366,5225
33.56164384,15,10,51.64083865,0.393646592,81.89,3,30205.14111,2,0.152337945,5226
44.15525114,12,14,57.20145852,0.366960692,84.14,3,36949.17369,1,0.18510024,5227
21.27853881,15,7,65.58796718,0.362272629,78.52,2,30826.09011,3,0.417827928,5228
19.543379,21,1,56.97356427,0.313228273,85.04,4,38703.16919,0,0.070741208,5229
30.63926941,20,2,56.28988149,0.479113595,80.13,3,24371.51422,1,0.121332213,5230
42.10045662,16,15,72.24247949,0.277887486,76.75,5,31335.47682,2,0.019551683,5231
69.7260274,8,2,66.08933455,0.346405337,76.35,1,41060.42587,2,1.507345894,5232
35.70776256,14,8,80.44667274,0.303130905,81.48,3,31398.41154,2,0.15796768,5233
45.02283105,8,0,65.26891522,0.250119726,79.56,4,37065.48375,3,0.0670328,5234
46.11872146,15,3,72.33363719,0.240743599,80.33,2,24487.79195,3,0.323437571,5235
50.0456621,10,7,67.68459435,0.314310133,75.27,3,35598.84613,2,0.176883368,5236
61.64383562,10,0,87.69371012,0.217663902,79.94,2,26920.03718,1,0.366224285,5237
27.39726027,20,1,73.65542388,0.394728453,79.74,7,24905.06199,1,0.002294141,5238
42.64840183,9,22,32.49772106,0.777707176,86.52,2,30393.23661,2,0.407910453,5239
20.54794521,15,2,86.64539654,0.319358817,78.03,6,25111.1749,3,0.006119164,5240
70.68493151,11,0,80.90246126,0.234252434,80.66,7,45302.30371,4,0.003835866,5241
72.96803653,7,5,47.40200547,0.487768482,79.26,2,45903.4682,1,0.627545994,5242
23.15068493,14,9,74.74931632,0.302770285,77.53,4,43023.01699,4,0.07929952,5243
35.52511416,18,8,67.68459435,0.25552903,78.18,1,28202.75965,2,1.043719067,5244
45.06849315,11,20,66.90975387,0.298803462,88.71,7,32301.43418,1,0.0033047,5245
72.96803653,6,2,68.27711942,0.324046881,78.03,2,20751.88704,1,0.279249741,5246
19.17808219,21,2,57.01914312,0.378139921,83.72,1,37496.2411,2,1.380642713,5247
49.9086758,10,4,45.80674567,0.408071403,81.93,4,10864.37815,1,0.007273313,5248
44.70319635,12,3,73.92889699,0.381746123,81.02,3,27584.05649,3,0.137435802,5249
32.55707763,12,0,68.96080219,0.151670393,86.96,4,28510.12249,1,0.051779734,5250
34.65753425,11,8,54.37556974,0.204681572,87.97,4,29638.26397,1,0.055051131,5251
7.853881279,19,12,66.95533273,0.469737468,82.66,6,39901.60549,2,0.00989361,5252
61.87214612,13,11,67.86690975,0.452067075,77.4,2,38666.04541,2,0.522749652,5253
23.92694064,14,0,69.64448496,0.33702921,86.96,1,18897.27746,4,0.691594572,5254
9.680365297,18,2,71.42206016,0.290148576,79.07,3,21536.21947,0,0.10798312,5255
32.83105023,15,1,86.23518687,0.280051208,78.42,4,38631.0172,3,0.070380048,5256
44.38356164,15,5,67.68459435,0.338111071,79.72,2,40332.33632,1,0.545307675,5257
32.69406393,12,0,49.54421149,0.52635485,77.35,4,35012.5426,2,0.064538143,5258
32.83105023,15,0,47.90337284,0.658702488,78.37,4,38800.96731,2,0.070990535,5259
28.81278539,16,1,47.99453054,0.407710783,83.22,3,36789.68548,1,0.182930119,5260
64.33789954,9,0,65.49680948,0.356863325,77.53,2,32592.49003,3,0.440110495,5261
40.82191781,13,0,58.52324521,0.39112225,81.43,5,48525.11071,1,0.033163543,5262
19.17808219,16,15,76.52689152,0.238940498,78.73,4,25245.63477,1,0.045592307,5263
58.67579909,11,22,74.47584321,0.364436351,82.36,2,30068.57873,2,0.405852963,5264
48.99543379,14,4,71.0118505,0.522388027,83.24,6,25740.88034,2,0.006094288,5265
33.92694064,15,2,61.21239745,0.344962856,82.45,3,26459.33273,0,0.131453134,5266
37.07762557,11,4,48.22242479,0.680339704,81.81,1,41729.04072,3,1.5469248,5267
36.75799087,17,11,56.70009116,0.293033538,76.63,2,35012.60116,2,0.474109752,5268
15.20547945,20,31,76.75478578,0.327653083,76.35,3,19201.50213,3,0.094561641,5269
60.54794521,10,10,73.47310848,0.334144248,79.71,2,37297.0932,1,0.504117435,5270
43.47031963,15,4,52.32452142,0.311064551,76.86,1,37249.52009,0,1.375305577,5271
66.25570776,12,15,74.06563355,0.232449333,79.64,7,24205.22433,1,0.002302843,5272
15.89041096,17,12,80.21877849,0.32368626,83.54,4,34977.681,2,0.06372333,5273
33.74429224,11,7,64.4484959,0.290148576,81.27,4,39913.6727,0,0.072254077,5274
37.76255708,13,7,77.07383774,0.24218608,77.34,4,37964.28809,3,0.069236804,5275
35.70776256,17,0,48.4958979,0.692240173,83.57,5,27012.00155,0,0.018428373,5276
32.10045662,12,8,73.51868733,0.388958529,80.07,6,35460.26528,0,0.009067668,5277
20.86757991,19,1,71.19416591,0.438724125,80.76,3,29061.3147,2,0.144784764,5278
28.40182648,13,0,99.95442115,0.370927515,79.85,3,27433.25587,3,0.135825197,5279
12.69406393,18,12,38.14949863,0.612543094,77.28,4,31006.55725,3,0.057217788,5280
57.44292237,11,7,81.40382862,0.234252434,83.94,1,42820.72134,2,1.565910137,5281
20.4109589,19,4,71.19416591,0.438002885,82.38,3,36967.4489,1,0.184654979,5282
51.55251142,16,0,72.28805834,0.337750451,85.08,7,20217.16569,1,0.001952738,5283
30.77625571,20,2,53.23609845,0.273199423,85.9,4,35893.87681,1,0.066024887,5284
65.29680365,3,8,88.05834093,0.297000361,76.11,3,16149.3177,0,0.077216928,5285
43.24200913,9,0,47.17411121,0.633098449,79.78,3,34143.67516,2,0.170265585,5286
29.543379,13,3,74.79489517,0.265626397,77.09,6,43023.01699,3,0.010984109,5287
63.69863014,13,10,51.18505014,0.540419041,81.85,5,39871.18607,3,0.026380929,5288
52.92237443,9,3,72.6071103,0.206124053,78.03,3,45351.56632,3,0.224922205,5289
43.19634703,15,8,75.38742024,0.33630797,82.53,1,28433.32995,0,1.032747503,5290
28.63013699,20,1,70.73837739,0.446657771,77.95,3,27496.69306,2,0.136592251,5291
59.04109589,7,0,54.46672744,0.454591417,83.57,5,41870.02622,3,0.02824564,5292
12.69406393,17,3,48.76937101,0.641753336,83.81,3,36350.87515,2,0.181565618,5293
36.25570776,11,1,57.42935278,0.466491886,79.79,4,29061.3147,3,0.053177242,5294
29.36073059,13,14,74.06563355,0.232809953,84.3,1,25758.1198,2,0.937147431,5295
38.90410959,10,12,54.32999088,0.466852506,75.78,4,26972.50397,3,0.049194325,5296
55.98173516,12,1,88.60528715,0.275002524,78.46,3,27353.2011,4,0.136461854,5297
64.20091324,13,9,68.73290793,0.335586729,79.69,6,15509.4345,2,0.003483491,5298
60.82191781,7,10,72.4247949,0.442330328,86.09,3,30360.29844,2,0.152109025,5299
62.37442922,6,0,56.06198724,0.456394519,82.38,2,38406.93188,2,0.51935507,5300
54.79452055,12,2,78.76025524,0.39076163,88.67,5,27237.90631,2,0.017945824,5301
61.23287671,7,1,58.97903373,0.340274793,79.55,3,12320.28353,2,0.057862583,5302
31.87214612,15,7,69.14311759,0.33630797,76.48,4,27780.21019,1,0.050505454,5303
37.85388128,17,16,78.48678213,0.329816805,79.62,4,32560.29012,1,0.060403966,5304
72.32876712,10,3,67.45670009,0.3777793,79.45,7,35320.94545,2,0.003270206,5305
29.22374429,16,0,41.65907019,0.432232961,80.16,3,45075.27812,3,0.224922205,5306
42.00913242,16,1,69.4165907,0.191338622,79.94,4,49422.62777,4,0.090275285,5307
62.51141553,13,3,58.75113947,0.482359178,77.25,7,32677.20608,2,0.002960245,5308
39.45205479,13,0,54.74020055,0.456033898,84.87,6,3855.743817,2,0.002657776,5309
32.42009132,12,2,55.37830447,0.321883159,88.47,4,30162.7965,2,0.055884738,5310
28.67579909,20,0,53.23609845,0.542582762,79.64,4,25762.31819,0,0.046809166,5311
33.92694064,11,2,73.60984503,0.388958529,81.27,4,21061.75243,2,0.038451783,5312
43.42465753,9,7,73.60984503,0.412398846,79.42,1,22474.76596,3,0.826800434,5313
39.8173516,17,0,58.70556062,0.428987378,80.24,4,43915.36281,2,0.08016312,5314
58.44748858,7,5,88.46855059,0.253725929,78.47,6,24609.03355,2,0.00608158,5315
27.26027397,20,3,71.1030082,0.480556076,78.25,4,39215.05929,4,0.071405875,5316
35.11415525,11,10,52.32452142,0.416365669,80.92,4,28930.36075,2,0.052851711,5317
48.35616438,10,3,39.74475843,0.585857194,82.85,4,23588.1188,2,0.043141892,5318
59.40639269,11,9,81.35824977,0.365157591,81.35,2,29887.80597,3,0.405852963,5319
34.38356164,18,11,53.64630811,0.334865489,79.39,3,41232.83729,2,0.205384017,5320
37.53424658,14,3,62.62534184,0.325128741,76.4,6,26890.68028,2,0.006705879,5321
12.69406393,18,6,51.18505014,0.630213487,83.9,4,30068.6766,2,0.055051131,5322
78.67579909,8,1,74.79489517,0.274641904,82.26,1,34239.84979,2,1.25816103,5323
31.18721461,12,5,62.16955333,0.493899026,79.3,1,16023.96444,3,0.58892882,5324
42.96803653,9,12,62.8532361,0.295197259,88.39,1,27823.05058,1,1.016072216,5325
16.07305936,17,5,80.21877849,0.304573386,80.47,1,47235.04264,2,1.73952818,5326
29.40639269,16,20,82.3609845,0.462885683,82.13,3,25949.10034,2,0.128573249,5327
46.66666667,14,2,62.07839562,0.375976199,80.98,2,25365.63365,2,0.341937268,5328
31.91780822,15,6,59.89061076,0.361190768,79.45,4,33553.47828,1,0.061642653,5329
71.68949772,4,0,55.60619872,0.348929679,77.54,3,24792.92848,2,0.121917537,5330
35.20547945,11,1,83.68277119,0.181962495,81.82,4,38002.03543,0,0.069691814,5331
36.02739726,14,3,62.16955333,0.232088713,83.85,7,23770.09396,1,0.002304928,5332
42.87671233,15,9,57.47493163,0.30962207,80.14,6,22841.76341,1,0.00522411,5333
25.98173516,14,7,59.61713765,0.39076163,78.97,3,32002.91576,1,0.159286052,5334
31.68949772,15,0,65.86144029,0.438724125,77.44,3,27496.69306,1,0.135850462,5335
20.2283105,15,2,71.78669098,0.388958529,80.85,1,33737.30712,2,1.241126169,5336
48.99543379,14,1,71.0118505,0.386073567,78.42,2,23026.62966,1,0.310096672,5337
69.6347032,8,2,74.65815861,0.338471691,78.24,5,49986.89941,2,0.036830046,5338
62.37442922,13,0,45.62443026,0.522388027,76.59,7,46418.38051,4,0.004004563,5339
45.20547945,11,29,72.88058341,0.33666859,79.25,3,3470.002175,3,0.043078042,5340
45.02283105,12,3,49.68094804,0.367321313,76.53,5,23159.69887,3,0.015203798,5341
52.14611872,6,9,64.17502279,0.345323476,80.03,6,33892.77025,3,0.008699993,5342
20.1369863,19,17,69.4165907,0.375976199,81.3,1,30966.15983,1,1.14962908,5343
46.34703196,11,1,54.7857794,0.467213127,76.96,3,34830.514,1,0.172818256,5344
41.59817352,13,8,71.96900638,0.326931843,76.71,5,42771.4992,0,0.028328093,5345
52.46575342,9,6,53.96536007,0.312867652,79.76,7,31170.98649,2,0.002793739,5346
50.4109589,13,54,72.83500456,0.319719437,80.84,2,44036.81466,3,0.592421266,5347
28.40182648,13,12,46.7183227,0.560253155,76.62,2,27933.34536,2,0.37567404,5348
37.35159817,14,7,71.05742935,0.372369996,76.11,3,34921.55531,1,0.174775776,5349
40.77625571,16,7,56.51777575,0.315031374,80.25,2,27850.91708,1,0.378036721,5350
18.53881279,16,7,71.87784868,0.253725929,79.94,1,31944.00127,3,1.166774798,5351
12.10045662,18,4,74.15679125,0.285821132,77.79,2,30017.31061,1,0.40457706,5352
18.17351598,16,1,76.52689152,0.335947349,78.37,7,32967.03205,2,0.0033047,5353
33.33333333,15,2,59.02461258,0.278608727,79.21,3,18958.92844,4,0.094174774,5354
52.51141553,9,0,52.87146764,0.223794446,79.64,4,28377.24994,2,0.051585265,5355
63.19634703,13,19,71.83226983,0.388958529,76.33,7,24423.57528,1,0.002295664,5356
34.33789954,11,9,64.26618049,0.290148576,79.72,1,43459.93175,0,1.623752406,5357
16.48401826,16,5,66.54512306,0.473704291,78.4,4,35728.30057,2,0.065408585,5358
55.43378995,8,4,45.39653601,0.637425893,77.74,6,38888.75301,2,0.010247916,5359
55.25114155,12,2,45.53327256,0.496783988,83.21,4,17343.66222,1,0.032080508,5360
33.92694064,15,0,66.40838651,0.502193292,79.92,2,27448.27638,4,0.372844371,5361
36.62100457,10,10,61.4402917,0.474064912,76.79,4,34120.05902,3,0.062069959,5362
32.64840183,15,1,35.68824066,0.705583123,79.66,6,26706.85438,2,0.006788015,5363
62.51141553,13,29,71.37648131,0.173307609,79.38,7,35684.88277,2,0.003167918,5364
54.79452055,6,9,76.57247037,0.374533718,79.65,4,18887.31616,1,0.034202197,5365
53.56164384,12,5,70.10027347,0.421414353,76.58,2,14865.90565,2,0.200787563,5366
32.92237443,15,2,69.5077484,0.230646232,79.09,3,47572.05906,2,0.23987657,5367
30.59360731,19,9,71.23974476,0.328734944,80.7,3,33896.02326,2,0.167487831,5368
36.57534247,14,3,75.75205105,0.333062387,81.26,1,27752.86709,3,1.010362078,5369
54.29223744,9,23,65.08659982,0.293394158,87.05,6,31541.69984,2,0.008203656,5370
36.39269406,11,2,70.00911577,0.368042553,76.12,2,38183.18091,2,0.515851432,5371
58.72146119,14,9,79.99088423,0.34965092,76.46,2,37853.25603,2,0.5130301,5372
22.10045662,15,7,48.58705561,0.850913091,85.1,4,28126.46856,3,0.05158054,5373
64.01826484,13,0,60.52871468,0.220548864,81.37,7,36324.43758,3,0.003143447,5374
18.31050228,16,1,76.52689152,0.238940498,79.15,4,31988.01981,3,0.058953543,5375
36.16438356,14,1,79.21604376,0.26851136,87.62,3,33656.04647,2,0.168586749,5376
28.53881279,13,6,51.27620784,0.236055536,79.77,1,29133.36152,1,1.092579887,5377
48.53881279,17,1,65.08659982,0.403022719,76.3,7,47964.94339,2,0.004696116,5378
31.18721461,15,0,57.15587967,0.28221493,81.68,4,18917.97273,2,0.03389422,5379
38.08219178,13,3,59.29808569,0.318637577,78.68,3,28183.32313,1,0.141000605,5380
66.48401826,12,4,71.19416591,0.297721601,84.49,7,33311.17306,2,0.00309622,5381
41.82648402,12,0,64.22060164,0.490292824,78.64,6,22277.19865,2,0.005441969,5382
20.54794521,15,14,54.28441203,0.400137757,81.19,2,32417.93017,3,0.438728976,5383
47.53424658,11,9,74.70373747,0.285099892,81.24,1,41468.3975,2,1.522482627,5384
41.73515982,13,9,58.84229717,0.492456545,75.58,1,45416.58252,0,1.65646495,5385
32.42009132,12,7,62.9443938,0.328734944,80.43,4,28809.10518,3,0.053751423,5386
17.16894977,16,19,71.64995442,0.306737108,78.28,4,28549.75555,2,0.051779734,5387
46.21004566,11,1,85.59708295,0.270314461,76.17,6,14582.4607,1,0.003761539,5388
78.40182648,5,23,76.61804923,0.287263613,79.58,2,28259.68062,1,0.38116485,5389
58.99543379,14,7,78.53236098,0.208287775,88.93,7,27720.60393,5,0.002384588,5390
30,13,10,73.06289881,0.378500541,81.37,4,43635.75469,2,0.07961405,5391
27.89954338,13,3,57.24703737,0.438724125,81.78,2,31748.25295,2,0.428182286,5392
61.46118721,13,2,79.1704649,0.272838803,80.55,7,37614.55942,2,0.003462771,5393
52.37442922,13,15,69.91795807,0.369124414,83.97,2,46608.27201,4,0.633815557,5394
18.81278539,23,2,60.16408387,0.639589614,80.13,3,24998.05022,3,0.12463111,5395
24.88584475,18,16,74.33910665,0.373451857,81.3,3,32328.21992,2,0.160120932,5396
46.94063927,14,3,46.03463993,0.484522899,81.17,3,18247.37283,3,0.090133462,5397
54.79452055,12,1,82.31540565,0.268150739,76.18,5,48820.27336,3,0.032437386,5398
26.30136986,14,2,82.08751139,0.199993509,87.72,4,45712.54843,3,0.08361055,5399
37.21461187,11,3,57.83956244,0.2959185,81.8,3,32108.89445,1,0.160821288,5400
50.77625571,17,7,86.23518687,0.333783628,81.04,7,35719.99207,0,0.003293385,5401
51.59817352,13,13,52.32452142,0.57936603,83.71,2,33167.27692,2,0.448870282,5402
22.64840183,15,8,72.88058341,0.274281284,82.93,4,24906.74516,2,0.045332399,5403
37.53424658,14,1,91.38559708,0.211172737,75.68,3,28801.5389,3,0.142974295,5404
64.84018265,9,15,41.52233364,0.438724125,81.62,2,26385.9208,1,0.357126172,5405
36.07305936,17,0,73.47310848,0.297360981,78.48,3,30017.31061,2,0.149122606,5406
40.3196347,13,0,61.89608022,0.263462676,84.56,6,47495.65951,0,0.011328329,5407
20.456621,15,1,66.81859617,0.55340137,82.19,5,23157.29823,3,0.015754392,5408
49.5890411,10,5,68.77848678,0.198911648,78.05,4,30307.85727,2,0.055371838,5409
25.29680365,14,22,54.7857794,0.538255319,86.43,7,47946.31259,3,0.004693901,5410
22.73972603,15,7,68.77848678,0.399777137,78.52,4,38081.23585,0,0.069215439,5411
62.37442922,13,0,72.97174111,0.364796971,79.73,4,26248.79295,3,0.048260769,5412
51.46118721,13,3,57.88514129,0.414923188,77.02,5,36594.48948,2,0.025353861,5413
43.78995434,12,3,71.69553327,0.313588893,78.78,6,35906.44155,2,0.009235359,5414
30.73059361,16,16,66.49954421,0.346765957,86.13,6,33567.87631,2,0.008317076,5415
66.25570776,12,11,70.41932543,0.391482871,79.77,7,35561.56487,2,0.003076771,5416
40.0913242,13,2,70.69279854,0.281493689,76.2,2,39850.21403,1,0.538862339,5417
24.15525114,14,3,72.06016408,0.278969347,77.08,4,21101.54895,3,0.038790882,5418
31.96347032,15,2,62.07839562,0.344962856,83.19,3,37550.39877,3,0.187016357,5419
22.64840183,15,8,37.28350046,0.680339704,80.71,4,36889.71952,2,0.06789051,5420
26.57534247,17,14,64.31175934,0.335226109,76.21,3,40282.33641,1,0.200477178,5421
39.7260274,10,1,53.50957156,0.245792283,79.64,1,24506.96974,3,0.894409699,5422
35.20547945,11,1,80.03646308,0.360830148,77.89,4,45972.62254,3,0.08501823,5423
48.35616438,11,3,68.36827712,0.397974035,81.78,5,26852.6964,4,0.018342642,5424
1.141552511,23,4,68.77848678,0.197108547,79.05,6,16238.58611,3,0.003031892,5425
41.50684932,19,8,60.16408387,0.391843491,79.23,7,21725.97448,2,0.002036403,5426
45.29680365,11,1,63.44576117,0.332701767,80.77,6,27665.29984,0,0.006995705,5427
42.96803653,9,4,82.3609845,0.443412189,79.46,1,26565.04758,2,0.978578768,5428
46.02739726,15,3,54.6946217,0.503275153,77.69,2,31292.95749,0,0.424352083,5429
36.98630137,10,6,65.08659982,0.370927515,82.02,4,31728.65669,4,0.05738846,5430
56.02739726,12,18,63.90154968,0.394007212,77,4,33607.4558,2,0.06153888,5431
31.36986301,12,11,66.08933455,0.386794807,75.8,1,22950.58102,1,0.852433506,5432
31.27853881,15,1,79.85414768,0.196387306,79.85,3,14519.24189,1,0.075315564,5433
24.06392694,18,8,52.55241568,0.382467364,80.92,6,38630.47568,2,0.010080947,5434
11.82648402,18,7,47.76663628,0.48488352,79.36,4,32187.54378,3,0.059249695,5435
44.06392694,15,4,38.33181404,0.710992427,79.14,5,28579.16605,2,0.018398826,5436
60.54794521,11,25,69.87237922,0.335586729,77.05,2,36247.53629,3,0.490533994,5437
46.11872146,15,11,69.91795807,0.464328164,85.92,2,23214.49122,0,0.314050656,5438
76.66666667,6,23,65.08659982,0.371288136,79.58,3,22450.26634,1,0.112551767,5439
58.31050228,11,5,49.63536919,0.33666859,79.21,2,37871.05576,1,0.51088029,5440
0.913242009,23,14,54.64904284,0.532846015,82.93,6,25720.91641,2,0.005931093,5441
22.00913242,15,5,70.32816773,0.276084385,75.34,7,40401.42182,2,0.00341918,5442
41.18721461,13,2,73.29079307,0.246874144,76.17,2,35535.20052,3,0.483125215,5443
26.34703196,17,0,73.74658159,0.369845655,77.19,2,29821.78236,1,0.401309819,5444
43.60730594,12,3,66.86417502,0.251201587,82.43,1,38719.68751,0,1.418695031,5445
71.68949772,7,0,63.71923428,0.49894771,78.17,5,38281.29237,2,0.026220236,5446
30.63926941,12,3,79.03372835,0.393646592,79.31,6,38623.39103,3,0.010102085,5447
37.48858447,14,13,56.92798541,0.486326001,83.38,2,24744.15842,2,0.335627809,5448
48.44748858,11,1,76.61804923,0.293033538,82.19,6,20406.49179,1,0.005098132,5449
47.30593607,8,0,58.79671832,0.44485467,82.8,7,24973.68369,2,0.002310369,5450
44.79452055,8,13,35.50592525,0.705583123,79.89,6,39453.19564,2,0.009398348,5451
45.25114155,11,16,63.90154968,0.246152903,77.16,6,37065.48375,3,0.008505971,5452
87.48858447,6,1,42.06927985,0.538615939,80.15,4,48400.61949,1,0.088497376,5453
57.48858447,15,7,69.5077484,0.292312297,79.22,7,49422.62777,3,0.00510547,5454
54.10958904,12,3,49.31631723,0.421053732,81.43,2,36037.43565,3,0.487713656,5455
20.2739726,15,3,65.86144029,0.236776776,78.21,4,27035.83879,3,0.049517866,5456
39.13242009,10,2,52.64357338,0.456033898,81.74,1,25631.34571,3,0.936641791,5457
41.73515982,16,20,81.03919781,0.365157591,78.47,2,9023.6927,3,0.059507622,5458
51.91780822,13,8,66.63628077,0.372730617,80.34,2,42621.84361,2,0.577208625,5459
52.69406393,6,15,42.98085688,0.578644789,79.61,1,31618.56842,1,1.156478082,5460
27.89954338,13,2,72.01458523,0.522748648,79.85,3,25889.5344,2,0.128453569,5461
53.74429224,16,0,82.95350957,0.248677245,79.6,7,27550.59137,1,0.002286384,5462
18.72146119,16,2,89.19781222,0.271035701,78.23,3,26623.20488,0,0.132090953,5463
22.96803653,15,1,62.9443938,0.576481067,79.8,1,33313.71926,2,1.222971208,5464
15.75342466,20,7,82.13309025,0.245071042,81.11,7,32708.13914,3,0.003219267,5465
40.77625571,16,9,47.08295351,0.495702128,78.33,1,42902.38498,1,1.561246673,5466
31.91780822,15,3,63.71923428,0.225958168,80.22,3,25474.30832,3,0.125660881,5467
54.06392694,9,10,88.05834093,0.268150739,78.4,1,19700.95545,2,0.723355682,5468
46.89497717,11,0,60.43755697,0.517339344,83.24,3,40979.57545,2,0.203121083,5469
42.51141553,16,7,42.57064722,0.608215651,79.64,6,45760.75609,2,0.01194006,5470
1.141552511,21,4,54.46672744,0.484162279,83.34,1,37120.17167,1,1.358396134,5471
31.59817352,15,13,66.27164995,0.422135593,84.4,4,32472.07366,2,0.0592112,5472
27.80821918,13,13,56.5633546,0.505078255,77.37,4,21179.10387,3,0.038575945,5473
32.87671233,19,3,60.52871468,0.368763794,78.44,3,32275.9088,3,0.160110192,5474
82.23744292,7,11,68.64175023,0.262020195,86.09,7,27762.79967,3,0.00243244,5475
73.60730594,10,22,57.52051048,0.473704291,87.1,7,30951.06339,3,0.002812525,5476
91.23287671,6,0,32.72561531,0.734793365,82.16,7,32628.39949,3,0.003314091,5477
62.69406393,6,2,73.15405652,0.260938334,79.19,7,31290.51153,2,0.002900879,5478
30.1369863,12,1,68.64175023,0.412038226,86.96,4,831.6955534,2,0.0198347,5479
25.25114155,14,13,56.65451231,0.43079048,77.79,2,27702.66631,1,0.374891008,5480
58.12785388,14,4,68.96080219,0.413120087,77.69,4,35154.72726,1,0.063905757,5481
49.7260274,10,10,87.69371012,0.287263613,83.07,6,26959.58191,3,0.006512082,5482
16.98630137,20,3,64.4484959,0.337389831,83.21,6,18089.77668,2,0.004461879,5483
44.65753425,12,3,65.13217867,0.265265777,79.64,3,37318.51349,2,0.185647076,5484
28.21917808,17,11,56.92798541,0.32368626,79.85,3,19949.51783,1,0.099322801,5485
38.44748858,13,22,56.74567001,0.494620267,78.43,3,42190.15435,3,0.209889349,5486
28.99543379,13,0,82.22424795,0.332341147,83.29,4,33053.91631,3,0.06047949,5487
47.99086758,7,6,75.11394713,0.312867652,77.42,3,33257.59519,2,0.164857539,5488
65.70776256,12,2,58.84229717,0.414562568,81.78,7,34233.04336,1,0.003219267,5489
19.543379,21,1,84.86782133,0.245071042,78.84,4,33146.07003,1,0.060885686,5490
52.87671233,13,4,67.77575205,0.374894338,79.71,4,24262.89639,4,0.04455572,5491
39.6803653,13,30,69.96353692,0.249759106,79.99,3,20402.77254,2,0.101175219,5492
54.65753425,9,0,87.28350046,0.40374396,78,1,34684.7065,0,1.276659279,5493
56.25570776,12,13,49.63536919,0.465049405,81.63,3,21287.79968,2,0.106394034,5494
45.25114155,11,16,72.01458523,0.442330328,76.2,6,20938.35725,2,0.005557064,5495
1.141552511,21,1,56.3810392,0.313228273,81.15,2,15521.14522,0,0.210809445,5496
26.25570776,14,10,70.9206928,0.273560043,80.35,4,31335.47682,0,0.056990514,5497
29.543379,13,4,74.79489517,0.20143599,77.11,6,30077.41619,2,0.007076257,5498
37.57990868,10,10,74.97721057,0.368403173,77.65,3,24946.53147,2,0.123761058,5499
74.20091324,10,0,65.90701914,0.339914172,77.53,7,26248.79295,3,0.002166452,5500
33.65296804,15,11,66.0437557,0.354699603,76.2,2,38079.84275,2,0.514265511,5501
46.16438356,18,19,50.0911577,0.752463758,79.51,7,39152.99337,1,0.003590835,5502
82.78538813,7,1,59.38924339,0.289066715,77.98,6,27518.72352,3,0.006491343,5503
11.50684932,18,0,82.40656335,0.219827624,76.96,1,25251.21204,1,0.920195563,5504
55.02283105,9,10,77.43846855,0.185568698,78.56,7,52054.30024,2,0.004609526,5505
15.43378995,17,29,72.4247949,0.355420844,80.4,4,38168.28455,1,0.069507345,5506
51.18721461,10,6,65.99817685,0.381746123,79.56,3,17267.00453,0,0.086846844,5507
38.99543379,10,2,57.47493163,0.304573386,77.13,6,50122.01975,2,0.012719203,5508
42.05479452,19,5,64.17502279,0.445936531,74.85,1,22265.23782,2,0.819092325,5509
31.41552511,19,11,70.60164084,0.382467364,79.4,4,31041.73851,2,0.057555783,5510