Safety_Score,Days_Since_Inspection,Total_Safety_Complaints,Control_Metric,Turbulence_In_gforces,Cabin_Temperature,Accident_Type_Code,Max_Elevation,Violations,Adverse_Weather_Metric,Accident_ID
30.91324201,12,0,49.45305378,0.491014064,77.83,4,35084.39867,2,0.063902671,5511
56.48401826,15,7,71.37648131,0.362272629,77.2,7,26112.88109,1,0.002229717,5512
21.27853881,15,11,67.50227894,0.505078255,76.62,1,11268.29351,2,0.394750464,5513
34.74885845,14,22,60.02734731,0.262741435,80.55,6,10829.37925,2,0.002657776,5514
33.97260274,11,14,71.46763902,0.237858637,82.07,4,51143.53917,2,0.095825896,5515
47.89954338,14,20,55.65177758,0.489932203,80.58,2,25365.63365,4,0.343985851,5516
44.06392694,8,5,85.18687329,0.264183916,78.73,7,33395.50174,1,0.003146767,5517
54.52054795,8,0,60.02734731,0.444133429,83.84,6,23360.58611,2,0.005389075,5518
30.91324201,12,3,76.48131267,0.271035701,76.35,2,48882.99695,2,0.653014214,5519
29.8173516,16,3,41.65907019,0.456033898,78.96,3,18491.7314,2,0.090011188,5520
65.43378995,9,2,56.70009116,0.542582762,81.09,6,28535.2624,3,0.00720358,5521
56.89497717,8,12,77.66636281,0.35037216,83.58,3,16327.59975,3,0.078236346,5522
41.64383562,9,1,73.97447584,0.414562568,89.19,3,831.6955534,2,0.047600965,5523
41.41552511,12,14,76.89152233,0.396892175,77.94,6,21154.85773,2,0.00566656,5524
46.62100457,11,2,60.16408387,0.321522539,78.64,5,36656.54735,1,0.024818159,5525
77.76255708,9,14,53.96536007,0.439805986,87.1,7,48569.55629,4,0.004602863,5526
56.84931507,8,1,54.46672744,0.348929679,78.04,1,45741.20451,2,1.66486419,5527
37.30593607,14,10,61.66818596,0.456033898,78.97,7,44552.86883,3,0.004297175,5528
56.30136986,8,1,52.68915223,0.328374324,78.06,3,31500.17933,1,0.156222076,5529
30.77625571,12,5,79.03372835,0.321161918,80.24,2,34640.54687,1,0.466761643,5530
13.78995434,17,4,66.08933455,0.268150739,76.61,4,38394.55093,1,0.070124997,5531
67.67123288,12,0,79.35278031,0.231728092,79.71,7,60869.7487,2,0.005550603,5532
29.17808219,13,3,82.31540565,0.17438947,83.29,6,23086.02269,1,0.005335316,5533
41.55251142,16,0,64.49407475,0.25516841,84.43,4,22044.02056,2,0.040630053,5534
54.47488584,8,0,60.02734731,0.639950234,77.16,3,33372.81979,1,0.165002364,5535
36.62100457,11,7,74.2935278,0.207205914,81.76,2,25758.1198,3,0.350179582,5536
25.57077626,17,15,64.76754786,0.551598269,77.27,6,38914.28023,1,0.00989361,5537
49.31506849,14,6,72.01458523,0.315752614,79.22,5,41247.21387,3,0.027306216,5538
50.82191781,10,0,68.82406563,0.28257555,80.53,6,31719.30836,1,0.007811181,5539
42.64840183,8,22,61.48587056,0.419611251,78.56,7,36384.88629,2,0.003153441,5540
17.57990868,16,3,58.61440292,0.491014064,78.72,3,34800.64658,1,0.173066681,5541
45.15981735,11,6,60.30082042,0.409874504,79.22,6,13364.51005,2,0.004124619,5542
18.03652968,16,5,71.87784868,0.224876307,81.23,4,34397.75742,2,0.062808634,5543
37.76255708,14,18,60.25524157,0.353617743,79.45,3,40394.14453,2,0.202628386,5544
23.15068493,15,15,74.97721057,0.373451857,78.32,4,37949.72439,2,0.069478554,5545
28.40182648,13,12,46.7183227,0.603888208,80.45,1,38783.35661,3,1.422522112,5546
38.44748858,10,2,56.15314494,0.345684097,79.31,4,38050.44131,0,0.069077736,5547
33.88127854,15,8,70.87511395,0.36371511,79.86,7,35460.26528,1,0.003119361,5548
23.56164384,14,1,76.61804923,0.20215723,78.23,4,25770.46118,3,0.046643985,5549
21.87214612,15,13,54.28441203,0.392564731,79.54,4,36626.30249,2,0.067789838,5550
95.25114155,3,11,80.26435734,0.483080418,79.83,3,17582.73967,1,0.086068178,5551
42.46575342,8,10,47.17411121,0.60677317,85.58,4,34985.72171,3,0.064017054,5552
45.98173516,11,5,73.88331814,0.365878832,78.56,3,35902.35475,1,0.179291371,5553
62.32876712,13,0,66.49954421,0.317916336,85.98,4,23998.30486,1,0.043141892,5554
24.97716895,14,5,75.8887876,0.242907321,79.23,4,38068.54425,3,0.069184314,5555
64.56621005,9,11,73.65542388,0.473704291,78.67,5,15414.09902,2,0.011204959,5556
30.73059361,16,3,54.6946217,0.383188604,80.09,3,28716.27546,3,0.141555438,5557
30.3196347,12,6,62.12397448,0.418529391,82.72,7,17869.27129,3,0.001603338,5558
46.89497717,14,17,68.59617138,0.507241976,75.35,2,46273.24001,0,0.62857432,5559
28.26484018,13,0,56.92798541,0.409153264,79.51,7,32058.5032,3,0.002566415,5560
23.47031963,14,0,49.31631723,0.34965092,81.32,4,40296.81608,2,0.074238386,5561
42.28310502,12,0,67.50227894,0.251922827,81.98,6,26859.19154,1,0.006857542,5562
36.94063927,14,7,71.05742935,0.20143599,75.14,6,31316.62963,2,0.008000398,5563
48.26484018,7,18,77.34731085,0.262020195,77.33,7,43755.47222,2,0.00387029,5564
52.51141553,13,2,60.80218778,0.340274793,81.55,7,38395.87273,0,0.003493902,5565
24.06392694,14,1,69.64448496,0.303130905,79.28,4,40401.42182,2,0.074040846,5566
54.88584475,16,2,74.79489517,0.298442842,83.58,3,36075.49107,0,0.178747299,5567
27.48858447,17,5,85.68824066,0.333062387,81.11,6,40645.71729,0,0.009514099,5568
72.32876712,10,12,77.43846855,0.314670754,82.88,7,34747.02646,3,0.003227581,5569
1.415525114,21,2,56.92798541,0.375615579,77.22,2,43590.44521,3,0.595092389,5570
76.62100457,6,12,69.4165907,0.462885683,77.45,5,32161.14898,1,0.021984843,5571
48.44748858,14,8,73.74658159,0.294836639,82.49,2,39875.61201,2,0.542719185,5572
33.24200913,11,1,66.31722881,0.5130119,81.76,4,36445.5067,0,0.066471474,5573
35.98173516,11,6,85.96171376,0.260217093,81.82,2,42885.39068,1,0.577778977,5574
32.83105023,15,8,63.67365542,0.594151461,76.82,3,36159.90088,0,0.179246049,5575
21.27853881,15,17,75.25068368,0.494980887,85.02,6,29975.61623,3,0.007503479,5576
48.85844749,17,3,68.00364631,0.452067075,78.47,7,24370.22654,2,0.00246153,5577
50.77625571,10,5,79.71741112,0.234973675,78.91,3,32254.07207,1,0.16006996,5578
61.87214612,13,20,65.45123063,0.32332564,86.1,6,28609.12598,2,0.007581612,5579
28.26484018,13,5,54.83135825,0.481277317,77.83,6,15949.80734,3,0.003162504,5580
22.19178082,15,27,59.11577028,0.269953841,83.85,5,30477.31908,2,0.019462946,5581
29.17808219,13,1,58.1586144,0.4044652,77.29,4,36560.92675,2,0.067711449,5582
42.37442922,12,4,78.39562443,0.245792283,80.2,6,22597.09595,1,0.00566656,5583
44.33789954,15,10,72.01458523,0.379582402,79.17,2,14348.0775,2,0.176030905,5584
25.11415525,14,5,75.25068368,0.361190768,78.32,4,31864.78987,3,0.059119512,5585
30.1826484,13,3,69.73564266,0.314310133,75.31,4,16841.76881,2,0.031134859,5586
59.8173516,14,7,38.96991796,0.654375045,79.54,7,25814.84687,1,0.002433605,5587
46.89497717,11,0,57.61166819,0.470458709,78.47,3,34761.37203,3,0.172361875,5588
34.06392694,15,18,58.84229717,0.359387667,80.74,3,35285.26904,1,0.175707515,5589
38.72146119,17,2,68.00364631,0.369845655,84.1,7,41724.56872,2,0.004177839,5590
43.60730594,12,1,59.6627165,0.467213127,84.8,6,28815.42726,4,0.007352621,5591
26.16438356,14,0,82.45214221,0.197108547,81.21,6,38002.03543,2,0.010118563,5592
36.02739726,14,4,48.90610757,0.687191489,78.52,5,30889.14569,1,0.019970105,5593
20.2283105,15,2,66.90975387,0.460361342,82.19,4,21564.02504,2,0.039861126,5594
26.25570776,14,9,47.94895169,0.493899026,77.38,4,44914.36915,4,0.082558252,5595
41.05022831,13,6,40.29170465,0.641392715,79.53,2,31925.27555,4,0.431251475,5596
77.30593607,4,2,88.46855059,0.185568698,76.11,6,16837.05984,3,0.004972224,5597
55.02283105,15,1,73.70100273,0.295197259,81.85,4,24784.66387,3,0.045245346,5598
61.23287671,7,1,58.97903373,0.422496213,75.7,4,18869.58762,2,0.035089083,5599
40.1369863,16,0,64.26618049,0.439805986,84.94,2,48162.87229,3,0.664582259,5600
31.23287671,12,5,67.8213309,0.362272629,79.6,6,30528.14245,1,0.007476687,5601
45.79908676,11,29,63.90154968,0.245792283,78.2,3,27123.07651,2,0.133534622,5602
34.47488584,11,11,73.19963537,0.334504868,77.94,4,30349.95642,1,0.05576251,5603
38.35616438,10,8,76.89152233,0.284378651,79.33,4,30843.07933,0,0.05632954,5604
31.59817352,12,12,69.2342753,0.388597908,79.45,6,31651.937,2,0.008150079,5605
17.85388128,16,5,58.61440292,0.28221493,77.22,4,24079.59067,1,0.04378407,5606
51.64383562,10,0,74.2023701,0.264905157,84.41,6,42282.79204,3,0.010124938,5607
36.43835616,10,13,73.60984503,0.388958529,81.15,1,24420.713,2,0.898387825,5608
24.84018265,14,22,75.47857794,0.532124775,86.43,3,10571.27058,3,0.053838986,5609
14.52054795,17,2,51.18505014,0.584054093,76.8,4,38484.62906,1,0.07109598,5610
24.74885845,14,3,84.18413856,0.29627912,75.2,4,27179.05196,1,0.050214879,5611
34.47488584,11,8,65.45123063,0.250840966,77.26,2,18980.61986,1,0.253283471,5612
36.62100457,10,11,65.40565178,0.547631446,82.02,4,36687.85366,1,0.067847156,5613
44.79452055,8,6,62.26071103,0.330898666,80.84,4,36008.68227,3,0.066420367,5614
51.05022831,13,0,43.07201459,0.72794158,79.35,3,31528.09386,2,0.155972033,5615
59.13242009,11,1,70.19143118,0.381746123,76.58,2,25019.92995,1,0.336595105,5616
61.50684932,10,0,53.78304467,0.51193004,79.26,3,16378.75637,2,0.084735472,5617
44.52054795,12,0,72.5159526,0.416726289,82.23,3,31526.63293,4,0.155473833,5618
49.22374429,17,9,68.00364631,0.527436711,79.01,7,20597.38906,1,0.002018153,5619
42.00913242,16,13,59.20692799,0.408071403,83.64,4,39034.37043,3,0.07180187,5620
33.24200913,11,4,65.67912489,0.269953841,77.26,4,39103.4153,3,0.071423456,5621
56.75799087,8,6,69.14311759,0.35001154,82.07,3,31143.04043,0,0.154517429,5622
75.29680365,6,9,66.49954421,0.338471691,78.37,2,22913.21705,0,0.311631545,5623
58.03652968,11,9,64.58523245,0.362633249,81.76,2,36844.46116,4,0.501902737,5624
37.21461187,10,2,66.54512306,0.460721962,79.39,1,20142.47068,2,0.742435605,5625
31.27853881,12,2,73.33637192,0.342799135,81.73,4,30528.14245,2,0.056202817,5626
41.91780822,16,22,72.15132179,0.272117562,81.03,2,33596.65076,2,0.453693975,5627
21.59817352,15,0,63.81039198,0.591627119,82.19,1,37265.27259,2,1.377590414,5628
43.05936073,9,1,82.3609845,0.358305806,83.82,4,41920.24716,2,0.076592303,5629
62.14611872,10,15,84.27529626,0.346405337,83.19,2,25814.27752,1,0.348598244,5630
38.49315068,17,13,59.98176846,0.283657411,80.01,2,27823.05058,3,0.374891008,5631
51.36986301,17,1,72.28805834,0.25625027,80.55,7,32183.39886,2,0.002997161,5632
36.57534247,14,10,62.9443938,0.380664263,80.49,3,31461.12564,1,0.157172393,5633
39.8173516,13,15,72.19690064,0.442330328,77.11,6,47430.2732,2,0.01154537,5634
44.47488584,15,2,49.45305378,0.52635485,77.92,2,27506.84893,4,0.372844371,5635
41.14155251,12,3,73.70100273,0.281493689,84.75,3,25080.58245,1,0.124435001,5636
42.05479452,19,9,75.38742024,0.388597908,82.17,7,33740.88582,1,0.003219267,5637
65.75342466,5,3,40.47402005,0.44521529,74.95,4,43447.15183,3,0.080663892,5638
54.42922374,12,4,50.77484047,0.618313018,83.28,2,20204.64898,2,0.277637543,5639
39.45205479,13,4,78.16773017,0.276445005,79.17,6,30586.40724,3,0.00720358,5640
42.05479452,20,12,76.02552416,0.298803462,81.62,7,34338.51886,1,0.003264625,5641
64.65753425,13,17,46.17137648,0.537173458,82.32,2,20799.92559,1,0.278497327,5642
45.11415525,11,2,75.84320875,0.293394158,84.62,3,36269.68016,1,0.179620581,5643
30.3196347,16,0,82.90793072,0.337750451,78.43,6,22408.05042,2,0.005269257,5644
38.81278539,13,30,69.4165907,0.215860801,80.31,3,34207.94438,0,0.170645149,5645
40.2739726,9,1,60.16408387,0.313228273,76.04,4,33080.04314,1,0.060446553,5646
7.853881279,19,12,58.84229717,0.408792643,77.04,2,29969.88689,1,0.404401762,5647
77.48858447,9,1,68.14038286,0.212975838,79.3,1,16112.69778,3,0.561457355,5648
59.40639269,11,16,79.1704649,0.317555716,79.3,2,28658.63314,2,0.387005035,5649
51.41552511,17,7,54.7857794,0.450624594,78.87,2,31075.02939,3,0.420569864,5650
79.7260274,7,0,56.3810392,0.365878832,83.08,7,23861.03741,2,0.002117959,5651
44.42922374,12,14,56.5633546,0.35001154,81.06,6,52015.79442,3,0.012167284,5652
52.14611872,6,1,67.22880583,0.327653083,78.27,7,27520.75176,1,0.002201649,5653
42.55707763,16,3,55.24156791,0.64752326,80.16,2,14836.30569,2,0.178843572,5654
44.56621005,8,3,52.59799453,0.41780815,77.25,1,26949.95577,2,0.999891644,5655
40.54794521,20,11,60.16408387,0.352535882,79.17,7,50314.72046,4,0.004900411,5656
35.47945205,11,9,70.41932543,0.518421204,76.74,6,15560.24743,2,0.00309339,5657
42.10045662,12,2,74.52142206,0.264905157,79.03,3,41991.87091,2,0.209065215,5658
44.84018265,8,4,70.9206928,0.258413992,78.04,4,37043.29196,3,0.06791806,5659
38.21917808,14,22,46.17137648,0.448460873,76.95,3,24295.5956,2,0.119606401,5660
44.56621005,15,7,47.12853236,0.351454021,75.51,2,27506.84893,5,0.372425424,5661
23.60730594,18,15,74.97721057,0.29663974,77.62,3,30476.6917,1,0.150707712,5662
42.83105023,15,18,78.66909754,0.237858637,82.46,2,42329.01793,3,0.569213826,5663
45.57077626,18,7,57.56608933,0.57936603,78.87,7,28354.12168,2,0.002776185,5664
45.52511416,8,2,69.18869644,0.408071403,81.53,4,36281.15944,2,0.065791916,5665
41.09589041,9,1,88.24065634,0.180880635,77.53,1,34954.89473,3,1.295201557,5666
48.81278539,10,1,68.96080219,0.413841327,79.24,1,26600.52883,4,0.979178722,5667
59.31506849,11,3,69.37101185,0.294476019,80.83,4,30307.85727,2,0.055884738,5668
45.47945205,15,10,67.13764813,0.414923188,79.06,7,28559.65914,1,0.002842985,5669
16.11872146,20,7,52.96262534,0.638507753,82.69,3,34985.72171,2,0.174153414,5670
24.24657534,18,1,70.46490428,0.394728453,79.03,3,36002.53139,2,0.179761011,5671
25.47945205,14,11,47.26526892,0.429347999,78.69,2,30701.49036,2,0.415749786,5672
32.42009132,12,5,48.90610757,0.422496213,81.08,3,22169.2086,3,0.110134122,5673
51.05022831,10,1,73.97447584,0.40374396,89.19,6,29078.85711,0,0.007430734,5674
19.22374429,16,0,74.15679125,0.270314461,82.97,1,20313.47617,3,0.747757022,5675
21.27853881,15,7,59.43482224,0.39076163,86.58,1,26432.64488,2,0.971098833,5676
40.77625571,13,10,83.59161349,0.287263613,81.24,4,33137.90774,3,0.061019592,5677
76.62100457,9,10,58.47766636,0.467213127,87.1,7,21530.96388,0,0.001754998,5678
36.16438356,14,1,72.74384686,0.231728092,81.1,3,25252.74522,1,0.125660881,5679
34.93150685,11,9,59.07019143,0.367321313,78.09,2,44097.24316,1,0.59022175,5680
29.36073059,16,20,73.19963537,0.333062387,80.79,3,42076.99864,2,0.20952489,5681
28.49315068,16,17,60.30082042,0.582250992,79.06,3,28547.65842,3,0.14240971,5682
37.67123288,14,4,67.00091158,0.419971872,79.31,4,39230.7768,2,0.071372815,5683
48.12785388,17,0,68.64175023,0.40482582,76.3,7,36324.943,3,0.003255518,5684
14.70319635,17,0,52.82588879,0.449542734,77.74,4,20993.96223,2,0.038211248,5685
51.36986301,16,2,68.68732908,0.4044652,82.25,4,23720.17893,3,0.043062945,5686
12.64840183,21,0,73.10847767,0.327292463,82.53,4,31526.63293,1,0.057752499,5687
44.33789954,15,14,72.01458523,0.37705806,79.17,6,42771.4992,0,0.010998811,5688
27.16894977,17,6,54.19325433,0.599560765,80.16,7,31006.55725,3,0.002659088,5689
29.8630137,12,0,74.61257976,0.337750451,81.03,4,25934.11849,2,0.046682177,5690
38.99543379,10,4,62.16955333,0.493899026,75.58,1,34809.44519,2,1.277242017,5691
59.40639269,7,9,65.63354603,0.267790119,79.26,2,31503.45358,3,0.425400982,5692
58.03652968,11,7,76.89152233,0.426823657,78.48,5,18965.28295,3,0.012514412,5693
60.54794521,11,9,80.26435734,0.32368626,81.36,5,15748.13414,2,0.012337984,5694
45.47945205,11,6,30.72014585,0.729744681,77.95,5,20785.93764,3,0.014320728,5695
23.56164384,14,7,79.53509572,0.199993509,81.91,4,24926.76721,2,0.046284345,5696
20.54794521,15,2,55.69735643,0.311425171,77.13,4,30363.14075,1,0.055307826,5697
40.54794521,20,1,50.36463081,0.329095564,77.27,4,25229.782,3,0.0452208,5698
27.85388128,17,8,60.07292616,0.507963217,79.2,1,24135.44337,4,0.890281948,5699
43.33333333,15,15,60.52871468,0.529600433,78.5,7,52249.61015,4,0.00442897,5700
34.01826484,11,7,54.8769371,0.256971511,79.89,4,27350.12992,1,0.049995275,5701
49.31506849,14,6,59.98176846,0.409874504,79.56,5,27686.24136,3,0.018428373,5702
29.49771689,16,4,69.55332726,0.25552903,81.49,5,32502.64939,1,0.021433195,5703
34.38356164,11,8,65.45123063,0.274641904,76.8,4,31610.95561,2,0.057671472,5704
44.88584475,8,22,57.83956244,0.436560404,75.35,7,37326.30334,2,0.003433937,5705
27.48858447,20,13,72.56153145,0.392925352,82.45,1,35760.81888,2,1.315514477,5706
69.9086758,11,11,53.96536007,0.607855031,79.89,4,31988.19599,2,0.059381331,5707
36.16438356,11,2,77.98541477,0.241104219,80.35,4,36963.93427,3,0.067025145,5708
10.3652968,18,20,71.42206016,0.274641904,76.28,1,43767.58052,1,1.624445559,5709
48.44748858,14,6,64.3573382,0.252644068,77.74,5,34076.45361,2,0.023687069,5710
20.0913242,15,1,55.97082954,0.484162279,79.86,1,24135.44337,4,0.905640294,5711
49.5890411,10,0,53.91978122,0.461803823,80.13,4,33640.83004,1,0.061165995,5712
24.29223744,14,2,73.88331814,0.2959185,79.47,4,29123.25838,2,0.053177242,5713
12.96803653,18,0,75.43299909,0.32332564,82.08,4,40004.20332,1,0.072277375,5714
47.30593607,7,2,67.50227894,0.2692326,75.35,3,21524.20126,3,0.108043964,5715
65.43378995,12,1,66.63628077,0.307458348,83.56,7,30955.53085,2,0.002567284,5716
37.07762557,14,16,88.650866,0.245071042,78.92,6,43569.69212,1,0.010830605,5717
29.49771689,13,31,79.71741112,0.448821493,79.18,3,38168.28455,4,0.190028699,5718
16.48401826,16,2,71.19416591,0.582250992,82.25,7,25175.00869,3,0.002433078,5719
20.2283105,15,8,62.7620784,0.380303642,77.65,7,26748.20702,3,0.002372506,5720
1.415525114,21,5,68.77848678,0.291230436,84.78,3,21890.57091,2,0.107090688,5721
23.15068493,14,0,71.55879672,0.432954201,81.86,4,32075.99906,1,0.058871556,5722
40.3652968,13,3,51.54968095,0.444133429,85.26,2,35845.56311,2,0.485116944,5723
48.26484018,7,6,74.02005469,0.252644068,77.33,4,27855.90158,3,0.051177443,5724
73.37899543,6,1,73.65542388,0.448821493,83.13,5,8645.355704,2,0.00259798,5725
43.10502283,9,1,80.5834093,0.240022358,78.93,4,34547.45639,5,0.06304682,5726
62.96803653,13,3,66.31722881,0.421053732,86.36,7,29247.49081,1,0.002668264,5727
32.87671233,15,2,77.62078396,0.276805626,78.03,3,41991.87091,3,0.209489041,5728
59.31506849,11,1,78.94257065,0.316473855,83.56,4,42024.5141,1,0.07754197,5729
38.49315068,13,8,61.2579763,0.342799135,75.94,3,30030.16959,2,0.149641084,5730
63.19634703,13,8,79.89972653,0.230285611,79.77,7,8232.843655,3,0.001407585,5731
72.32876712,7,2,62.07839562,0.48596538,77.36,2,47090.25698,3,0.630774369,5732
48.26484018,11,3,31.08477666,0.542582762,78.55,5,43627.79498,3,0.028962252,5733
17.39726027,16,2,92.93527803,0.159243419,86.08,4,22558.35973,2,0.040894288,5734
63.88127854,13,4,89.97265269,0.330177425,78.6,2,9023.6927,1,0.116198849,5735
33.65296804,11,2,61.48587056,0.322243779,77.79,4,24523.42154,3,0.044483766,5736
50.3652968,13,1,70.28258888,0.386073567,77.91,2,20374.98756,2,0.277637543,5737
22.60273973,15,9,33.9562443,0.49930833,81.82,1,20124.30506,5,0.750477042,5738
35.06849315,11,3,48.22242479,0.430069239,81.89,4,42374.47086,2,0.07754197,5739
23.69863014,18,6,79.39835916,0.267429499,76.98,6,42461.70044,2,0.010998811,5740
44.79452055,8,6,62.26071103,0.346405337,79.51,4,40156.81437,1,0.074492039,5741
44.06392694,12,14,79.76298997,0.33702921,83.29,4,28225.48783,3,0.051466239,5742
40.77625571,16,9,53.00820419,0.424659935,83.6,2,28044.29546,2,0.381827222,5743
38.99543379,10,7,51.82315406,0.5396978,78.91,1,24314.56676,3,0.901972619,5744
13.69863014,18,17,71.1030082,0.222712586,79.85,3,19271.92219,2,0.095949251,5745
21.23287671,15,0,57.56608933,0.439084746,75.04,4,39443.72433,0,0.072812088,5746
72.46575342,10,8,66.31722881,0.321161918,79.96,7,12090.3042,3,0.001418911,5747
52.23744292,13,11,55.28714676,0.35001154,78.98,2,43971.71045,3,0.59022175,5748
20.54794521,15,5,79.39835916,0.393285972,78.32,4,37773.35538,3,0.069701428,5749
51.27853881,10,3,73.74658159,0.29627912,78.16,3,36295.10335,2,0.181249987,5750
29.31506849,13,14,62.26071103,0.375615579,82.12,4,35111.52843,2,0.06372333,5751
46.11872146,18,1,56.88240656,0.346044717,81.06,4,25229.782,4,0.045332399,5752
48.31050228,10,26,54.74020055,0.39076163,82.82,3,28555.35811,2,0.143183127,5753
28.26484018,13,6,71.83226983,0.324046881,82.49,4,34977.681,2,0.063902671,5754
40.3652968,9,7,69.05195989,0.675651641,78.4,1,29433.30072,4,1.075385434,5755
42.55707763,16,14,67.68459435,0.39040101,79.01,1,34349.70647,2,1.263655082,5756
59.40639269,7,1,75.38742024,0.342077894,78.64,2,28780.42355,1,0.389500677,5757
50.2283105,13,6,68.86964448,0.278248107,76.58,7,31180.60808,1,0.002892621,5758
35.52511416,14,5,65.86144029,0.399055896,78.75,4,48172.84723,3,0.088442818,5759
58.44748858,11,2,69.37101185,0.337389831,80.83,2,34813.80328,3,0.470269643,5760
36.84931507,17,4,80.94804011,0.288706094,78.05,2,33924.80145,3,0.458859034,5761
21.50684932,15,3,65.58796718,0.321883159,80.27,3,30363.14075,3,0.151493601,5762
22.05479452,15,19,79.94530538,0.267429499,80.98,4,15168.17263,4,0.027929616,5763
36.75799087,14,1,78.62351869,0.386073567,82.88,5,37279.55924,2,0.025344491,5764
39.543379,10,1,62.53418414,0.267790119,84.41,2,41316.13773,2,0.561565211,5765
46.43835616,11,0,52.68915223,0.410235124,76.96,4,41643.76829,0,0.076017227,5766
48.63013699,17,1,74.88605287,0.325489362,77.41,2,31396.95008,4,0.426352881,5767
16.71232877,16,9,68.86964448,0.267429499,81.87,4,22992.46796,3,0.042140418,5768
46.89497717,11,0,73.19963537,0.221991345,81.82,6,47358.69351,1,0.011241529,5769
41.14155251,9,2,76.43573382,0.281854309,79.77,5,20490.65172,3,0.013673118,5770
52.73972603,13,5,68.91522334,0.281493689,81.06,5,28510.12249,2,0.018398826,5771
71.78082192,10,2,37.28350046,0.577923549,82.96,5,38888.75301,1,0.026656123,5772
32.55707763,12,0,48.90610757,0.556286332,77.86,6,25352.45464,2,0.005929593,5773
30.86757991,16,5,54.55788514,0.410235124,85.97,2,32417.93017,3,0.437800105,5774
47.89954338,11,1,84.22971741,0.245792283,79.88,3,21156.47779,2,0.105168518,5775
52.46575342,9,0,55.69735643,0.500390191,76.32,6,23381.59052,1,0.005557064,5776
43.01369863,12,3,82.31540565,0.18809304,79.76,3,29033.79042,3,0.145942988,5777
43.78995434,8,6,85.77939836,0.199632889,80.76,5,41205.68903,2,0.027958096,5778
38.58447489,13,4,78.16773017,0.205402813,81.21,6,15127.5354,4,0.003838188,5779
34.47488584,11,0,70.14585232,0.33702921,79.21,4,25934.11849,3,0.047528167,5780
74.10958904,5,4,49.45305378,0.397252795,87.08,7,13504.54645,1,0.001522758,5781
25.70776256,14,5,62.16955333,0.288345474,81.88,5,21541.92082,2,0.014064555,5782
16.34703196,16,2,90.97538742,0.297000361,79.43,7,34971.89037,2,0.00298808,5783
24.38356164,14,11,68.41385597,0.640671475,75.35,1,45416.58252,1,1.669573054,5784
43.33333333,15,15,63.76481313,0.421053732,76.82,2,23197.32945,2,0.309756513,5785
37.39726027,14,2,55.24156791,0.578644789,76.79,2,28456.00737,3,0.383873273,5786
54.47488584,9,4,53.64630811,0.250119726,80.33,5,44671.26902,2,0.029482205,5787
58.99543379,14,5,64.40291705,0.40374396,78.85,7,35634.89413,1,0.003076771,5788
48.85844749,14,1,69.91795807,0.317195096,76.87,2,39202.49252,2,0.529207179,5789
59.40639269,11,32,76.93710119,0.381746123,80.83,2,32584.01461,2,0.440815075,5790
18.31050228,16,8,70.41932543,0.29663974,78.04,4,38935.45459,2,0.071719022,5791
23.60730594,18,0,56.15314494,0.346044717,79.57,3,37088.94403,3,0.183959104,5792
7.03196347,19,6,68.45943482,0.411316985,82.48,4,25781.14578,3,0.04735187,5793
22.96803653,15,1,66.0437557,0.346405337,79.31,4,22310.98006,2,0.040926354,5794
28.21917808,13,6,64.40291705,0.321161918,78.59,4,27108.1286,3,0.049983339,5795
45.29680365,15,8,71.55879672,0.319358817,76.86,7,64297.65122,3,0.004404294,5796
64.01826484,13,5,75.84320875,0.281493689,78.35,7,26291.70353,2,0.002500161,5797
70.1369863,4,2,62.80765725,0.286181753,80.79,4,30706.35477,0,0.056187079,5798
36.02739726,14,2,29.44393801,0.774822214,79.66,6,28014.71853,4,0.006843314,5799
49.7260274,10,4,56.10756609,0.537534079,81.09,4,27569.72084,3,0.050920561,5800
56.62100457,11,20,63.94712853,0.448100252,78.12,4,39759.02,1,0.072860466,5801
49.8173516,10,11,60.71103008,0.335947349,76.82,6,24548.43219,2,0.006051087,5802
42.32876712,12,1,59.84503191,0.430429859,81.44,6,23952.55258,2,0.006234471,5803
29.9543379,16,5,61.66818596,0.48488352,78.23,4,42708.85447,3,0.079198062,5804
19.17808219,16,4,73.24521422,0.238940498,79.16,4,25252.74522,1,0.045151652,5805
28.03652968,13,6,61.39471285,0.423217454,77,1,33393.59309,1,1.228170969,5806
36.75799087,10,2,53.23609845,0.621197981,79.53,7,27654.82991,0,0.002433605,5807
27.89954338,13,1,72.01458523,0.462525063,78.31,7,30792.2617,1,0.002807228,5808
60.54794521,11,0,62.62534184,0.402662099,79.29,2,39632.63918,1,0.537374916,5809
33.65296804,15,21,64.26618049,0.44521529,75.55,6,32624.82262,3,0.007654089,5810
25.57077626,14,2,56.15314494,0.516978723,76.72,4,3971.094226,2,0.016714137,5811
49.08675799,10,1,68.96080219,0.413120087,77.3,6,28154.28035,4,0.006705879,5812
36.30136986,14,1,78.80583409,0.376336819,80.64,3,41727.73226,2,0.208475823,5813
49.17808219,17,5,75.38742024,0.382827984,79.01,6,34582.73316,1,0.008398254,5814
62.37442922,7,0,66.1349134,0.266347638,78.12,3,53751.55782,1,0.274477876,5815