Safety_Score,Days_Since_Inspection,Total_Safety_Complaints,Control_Metric,Turbulence_In_gforces,Cabin_Temperature,Accident_Type_Code,Max_Elevation,Violations,Adverse_Weather_Metric,Accident_ID
34.24657534,11,1,73.19963537,0.316113235,81.73,1,42535.46154,2,1.563651046,5816
32.92237443,15,12,65.58796718,0.28257555,78.3,6,37917.17971,1,0.009687809,5817
21.87214612,15,19,45.53327256,0.401219618,76.48,4,29722.83991,1,0.055051131,5818
57.16894977,8,2,67.7301732,0.340274793,76.35,6,32554.60187,1,0.008024948,5819
55.02283105,9,8,64.17502279,0.462885683,80.71,7,40277.30947,3,0.003654452,5820
26.34703196,17,7,79.39835916,0.315752614,78.01,6,45239.95248,0,0.01154537,5821
44.33789954,15,7,56.74567001,0.517339344,82.71,4,32035.24621,3,0.058381927,5822
68.44748858,12,2,59.52597995,0.469376848,83.23,4,49860.81887,2,0.090275285,5823
14.97716895,17,10,57.24703737,0.317555716,78.84,3,28986.65748,3,0.145971234,5824
24.79452055,14,12,47.53874202,0.51193004,77.16,4,10313.8778,3,0.007273313,5825
68.21917808,8,8,68.27711942,0.357223945,77.91,4,49898.05012,1,0.089775732,5826
27.12328767,17,8,56.92798541,0.356142084,78.73,2,49516.44247,1,0.680017846,5827
62.51141553,6,5,63.12670921,0.489932203,79.81,4,36294.38961,2,0.065992443,5828
31.59817352,15,4,57.52051048,0.311425171,76.17,6,35198.44626,2,0.008404336,5829
22.60273973,15,3,76.70920693,0.494980887,82.06,6,12866.61005,2,0.0035137,5830
42.42009132,12,17,88.01276208,0.271396322,79.63,6,26029.16326,2,0.006603423,5831
23.15068493,14,5,63.90154968,0.368403173,76.22,4,26548.89266,2,0.048461958,5832
78.58447489,9,12,58.47766636,0.34965092,82.98,4,15186.50795,2,0.026105531,5833
59.7716895,10,13,97.99453054,0.217663902,78.37,2,44244.90346,4,0.5997465,5834
31.36986301,12,9,51.27620784,0.422856834,77.96,2,17182.47277,1,0.234381066,5835
45.47945205,11,2,56.88240656,0.331980527,80.02,6,33961.74004,4,0.008404336,5836
12.42009132,18,21,44.71285324,0.58044789,82.15,1,33878.33763,0,1.241126169,5837
58.67579909,8,37,65.45123063,0.32332564,77.99,7,17341.30483,2,0.002059805,5838
48.76712329,14,17,65.49680948,0.461082582,78.85,2,32441.08736,2,0.438933418,5839
42.69406393,16,22,57.47493163,0.477671114,81.89,6,32937.21825,2,0.008120644,5840
75.98173516,6,29,65.90701914,0.399055896,75.41,7,13241.15405,0,0.00145524,5841
62.14611872,6,20,45.48769371,0.486326001,76.01,3,26733.76325,2,0.13411019,5842
59.04109589,11,1,71.28532361,0.319358817,76.93,2,36434.97764,3,0.488446052,5843
60.1369863,10,3,72.74384686,0.180520014,80.03,5,31149.04887,3,0.020456608,5844
43.56164384,19,4,80.40109389,0.33702921,82,7,20106.73039,4,0.002046506,5845
48.85844749,17,2,66.54512306,0.383188604,77.04,7,11025.73474,2,0.001459797,5846
53.74429224,16,4,64.03828624,0.445936531,83.26,7,11025.73474,3,0.001244245,5847
27.44292237,13,6,81.35824977,0.237137396,76.94,2,23197.10809,2,0.315041983,5848
43.78995434,15,6,76.70920693,0.21550018,79.3,2,31078.83336,1,0.420569864,5849
35.79908676,14,3,61.39471285,0.341717274,79.29,2,29818.30113,3,0.401586607,5850
26.16438356,14,6,73.38195077,0.368403173,81.15,3,42460.98647,3,0.211728167,5851
31.09589041,12,3,56.4721969,0.466491886,84.42,1,33105.85255,1,1.222971208,5852
54.24657534,5,5,55.65177758,0.63418031,81.09,3,32656.99709,3,0.162583863,5853
55.15981735,9,10,66.27164995,0.346405337,79.17,7,40277.30947,1,0.003491451,5854
42.51141553,16,2,59.98176846,0.318276956,81.2,2,31716.22732,1,0.428633208,5855
18.12785388,16,7,62.07839562,0.466131266,77.48,7,26748.20702,2,0.002310369,5856
44.70319635,8,10,62.16955333,0.345323476,78.47,1,51183.88256,1,1.882949811,5857
50.2739726,17,6,80.4922516,0.240382979,79.31,7,32867.86357,2,0.002980999,5858
46.66666667,14,4,78.44120328,0.308179589,80.33,2,35815.52754,2,0.485770798,5859
44.33789954,15,2,55.60619872,0.30998269,81.71,2,32919.05248,2,0.444553308,5860
46.57534247,11,1,52.59799453,0.396892175,80.38,2,15496.08616,4,0.221040334,5861
51.05022831,13,4,54.92251595,0.462525063,78.49,2,37853.16775,0,0.512298965,5862
24.79452055,14,8,80.62898815,0.4311511,86.43,4,33722.24874,3,0.062069959,5863
4.931506849,20,6,75.7976299,0.30962207,77.56,2,21259.72967,1,0.286821822,5864
22.19178082,15,9,55.69735643,0.421774973,76.26,2,40716.71421,0,0.55117256,5865
56.25570776,12,13,62.8532361,0.312507032,79.3,5,41329.44355,3,0.027612894,5866
77.67123288,4,1,55.15041021,0.508684457,79.26,2,26033.54538,0,0.351388022,5867
28.90410959,13,1,66.1349134,0.438363505,80.62,1,29021.27495,2,1.066359535,5868
48.17351598,14,1,67.41112124,0.491735305,83.24,2,16099.47741,2,0.219247712,5869
68.26484018,8,3,79.03372835,0.329456185,78.24,4,34292.35232,3,0.062792924,5870
34.74885845,18,0,74.74931632,0.368763794,79.61,2,33730.63638,3,0.454764397,5871
50.73059361,7,6,65.63354603,0.358305806,81.14,4,50574.3894,3,0.09666903,5872
39.45205479,13,5,66.49954421,0.416726289,81.4,3,31193.46611,2,0.156343719,5873
59.8173516,14,0,56.15314494,0.320440678,79.22,7,37177.37893,4,0.003734089,5874
44.88584475,15,2,57.70282589,0.618673639,82.2,4,38660.09595,3,0.070106808,5875
35.06849315,11,6,54.8769371,0.450263974,78.23,4,43204.16899,3,0.079245832,5876
44.47488584,8,0,53.91978122,0.432232961,77.48,4,35578.16073,3,0.065357008,5877
41.32420091,16,8,62.9443938,0.321522539,77.44,2,22318.12172,1,0.305041894,5878
47.76255708,14,1,71.0118505,0.427184277,77.69,6,40674.11266,3,0.010131041,5879
76.62100457,6,21,64.81312671,0.399055896,77.45,5,35167.71937,1,0.022836769,5880
54.42922374,9,23,63.90154968,0.448100252,79.65,4,20375.81543,2,0.037985961,5881
24.29223744,14,12,57.52051048,0.388597908,85.17,4,23487.7295,3,0.04378407,5882
50.2283105,13,6,67.18322698,0.299885323,81.46,2,11938.90931,1,0.170460594,5883
23.47031963,14,8,45.53327256,0.491014064,76.87,1,38783.35661,2,1.426759956,5884
12.96803653,18,2,52.68915223,0.223794446,76.28,2,42018.92911,2,0.572514343,5885
19.9086758,16,8,76.93710119,0.381746123,89.19,3,47592.31664,2,0.234985281,5886
52.92237443,9,22,50.91157703,0.500390191,82.38,4,23634.91707,3,0.043752528,5887
78.21917808,9,0,55.92525068,0.335226109,83.08,7,31809.68156,4,0.002606083,5888
40.54794521,20,8,40.97538742,0.578284169,78.76,1,42902.38498,3,1.556913308,5889
38.35616438,13,1,54.32999088,0.375254959,79.51,6,32058.5032,1,0.007736959,5890
45.57077626,18,13,50.0911577,0.752463758,79.37,7,42628.38864,3,0.004129995,5891
68.63013699,8,2,70.46490428,0.32296502,75.58,2,46240.75501,2,0.623420577,5892
37.57990868,10,8,70.19143118,0.225597548,80.52,1,11940.76848,3,0.389486935,5893
55.25114155,8,3,80.08204193,0.502914533,77.16,3,33346.78557,0,0.166419156,5894
20.54794521,15,1,54.92251595,0.357584565,76.3,5,48332.48481,3,0.033184857,5895
30.91324201,12,3,64.26618049,0.419611251,81.98,1,24605.47132,2,0.887893342,5896
55.43378995,15,3,59.98176846,0.484522899,79.09,7,19488.00552,3,0.001720684,5897
42.55707763,16,2,52.27894257,0.254447169,79.47,2,21369.81308,1,0.285906649,5898
48.49315068,14,4,67.91248861,0.352535882,81.82,2,16099.47741,2,0.219247712,5899
38.76712329,10,4,51.82315406,0.523830508,77.93,1,20181.49215,2,0.741000086,5900
46.34703196,8,12,57.52051048,0.478392355,80.91,1,32176.87393,2,1.18372104,5901
45.06849315,15,1,72.24247949,0.248677245,78.8,2,41247.21387,2,0.559006908,5902
37.30593607,10,0,73.70100273,0.357945186,76.85,1,8335.480494,2,0.359229271,5903
68.35616438,8,4,69.46216955,0.429347999,82.07,2,20514.79378,1,0.273757874,5904
47.99086758,14,3,97.99453054,0.303491525,82.28,1,32529.7644,1,1.18372104,5905
35.11415525,15,4,38.96991796,0.629852867,83.76,2,44821.40067,1,0.603019887,5906
42.10045662,12,0,70.19143118,0.408071403,77.91,3,32158.99176,3,0.160120932,5907
58.72146119,14,6,73.42752963,0.20143599,79.64,4,33256.46682,4,0.060885686,5908
43.69863014,8,4,68.36827712,0.37705806,77.89,1,28433.32995,2,1.050286812,5909
42.42009132,19,0,42.79854148,0.400858997,80.24,6,48492.96786,4,0.011775986,5910
40.77625571,9,12,51.91431176,0.500750811,80.91,1,48659.26005,1,1.799131254,5911
34.47488584,15,5,72.5159526,0.413480707,76.79,6,21257.70069,1,0.005326978,5912
54.10958904,12,6,49.31631723,0.444133429,87.23,5,20186.49709,1,0.012514412,5913
26.57534247,17,8,76.75478578,0.307097728,78.12,6,49086.32798,0,0.012357641,5914
75.52511416,9,1,62.26071103,0.402662099,88.74,7,38521.30389,3,0.003578367,5915
24.70319635,18,2,62.07839562,0.523469888,79.31,3,26821.14576,1,0.134484837,5916
45.89041096,11,13,38.78760255,0.72902344,77.95,2,31671.94823,2,0.429274158,5917
49.5890411,7,7,61.30355515,0.476228633,79.49,4,40130.08667,2,0.074040846,5918
45.47945205,15,0,46.26253418,0.48596538,78.29,3,35578.16073,5,0.176883368,5919
34.10958904,15,1,72.5159526,0.378500541,80.98,5,34176.12272,2,0.023357404,5920
50.2283105,10,14,44.89516864,0.48560476,86.59,4,30421.58829,1,0.055390534,5921
43.19634703,12,3,82.04193254,0.360108907,82.49,2,22106.59646,5,0.299887443,5922
35.02283105,14,10,62.39744758,0.403022719,78.66,3,29952.07602,3,0.149717569,5923
62.28310502,6,2,56.06198724,0.546910206,87.34,1,34941.64994,2,1.292442384,5924
17.44292237,16,9,76.75478578,0.298803462,76.6,4,30726.56447,1,0.057623062,5925
43.78995434,19,19,75.38742024,0.33630797,79.31,5,34924.74183,3,0.02354737,5926
51.32420091,13,2,56.15314494,0.462525063,75.97,1,21043.0746,2,0.773383505,5927
53.47031963,16,11,41.47675479,0.714238009,82.49,7,38340.91776,2,0.003406017,5928
79.6803653,7,14,56.74567001,0.311785792,83.87,7,24422.94343,4,0.002245622,5929
54.29223744,9,2,63.44576117,0.55340137,77.16,3,32266.13623,3,0.160110192,5930
56.11872146,15,31,77.16499544,0.271035701,83.56,3,15958.64307,3,0.078236346,5931
31.23287671,12,6,66.49954421,0.321883159,79.51,1,40973.90952,2,1.522292509,5932
39.543379,16,8,55.05925251,0.317555716,77.27,3,32919.05248,0,0.163429579,5933
59.7716895,11,11,79.58067457,0.284018031,77.69,2,17326.7709,2,0.230157424,5934
95.25114155,3,17,66.49954421,0.557368193,80.5,5,32768.27946,2,0.021553358,5935
36.75799087,10,13,56.92798541,0.366960692,77.24,2,30232.14602,3,0.412117131,5936
20.95890411,15,29,63.90154968,0.334504868,74.74,1,45416.58252,1,1.693863577,5937
41.64383562,9,1,57.976299,0.503996394,83.33,4,37987.3496,2,0.069692447,5938
50.50228311,10,0,71.0118505,0.279329968,78.59,3,30830.39402,1,0.153788001,5939
51.64383562,10,1,72.56153145,0.334865489,81.55,2,31661.62881,0,0.429074922,5940
68.76712329,8,7,60.07292616,0.453509556,78.29,2,29784.27436,3,0.403593936,5941
32.64840183,15,0,86.23518687,0.30962207,81.32,5,39651.76605,4,0.026789419,5942
52.23744292,13,3,55.56061987,0.493899026,78.08,1,36925.03526,0,1.362419645,5943
22.69406393,18,8,67.36554239,0.394007212,79.59,3,42500.22323,2,0.212243576,5944
78.44748858,8,1,74.79489517,0.334504868,80.67,4,30551.91447,2,0.0560106,5945
43.78995434,8,2,60.66545123,0.426102416,82.03,4,37353.2152,2,0.068479774,5946
46.57534247,11,5,60.16408387,0.48488352,75.58,6,18993.21332,3,0.004829661,5947
47.71689498,14,1,67.31996354,0.300606563,78.54,2,13192.67464,1,0.183480956,5948
24.88584475,14,19,59.48040109,0.40374396,78.7,1,38266.75565,0,1.412637009,5949
57.53424658,11,11,83.91066545,0.242907321,83.62,2,29926.32686,2,0.404401762,5950
33.56164384,15,6,55.42388332,0.317195096,79.73,6,24858.07291,2,0.006066867,5951
50.0456621,17,8,68.04922516,0.527797331,83.82,7,11063.86805,2,0.001429418,5952
42.28310502,12,2,56.88240656,0.331980527,94.2,2,52077.30167,2,0.706982634,5953
55.11415525,12,9,43.66453965,0.721450415,75.63,2,37455.34117,1,0.508501264,5954
19.22374429,16,1,76.52689152,0.270314461,82.97,1,34379.30776,5,1.262768809,5955
28.40182648,13,6,49.68094804,0.361551388,77.53,4,16337.43249,2,0.028858732,5956
44.10958904,12,6,20.96627165,0.774822214,86.03,5,33020.68268,2,0.022161161,5957
64.61187215,9,2,69.05195989,0.675651641,78.78,1,45741.20451,1,1.660431955,5958
25.25114155,14,5,66.63628077,0.365878832,78.64,6,24892.55613,3,0.00609997,5959
50.3196347,13,0,56.19872379,0.462525063,79.05,2,43774.33972,2,0.592637234,5960
68.67579909,11,4,53.73746582,0.603888208,77.3,7,30305.51648,4,0.002563311,5961
58.12785388,11,5,64.03828624,0.429347999,78.52,2,26388.2532,3,0.356822655,5962
33.78995434,15,1,67.27438469,0.387516048,82.08,3,26977.61345,1,0.134484837,5963
57.94520548,15,2,70.8295351,0.25625027,77.99,7,28395.06401,2,0.002918772,5964
48.26484018,7,11,70.14585232,0.303491525,77.42,4,43364.8415,3,0.07929952,5965
16.11872146,17,5,59.98176846,0.330538045,77.75,4,34800.64658,2,0.063753541,5966
40.68493151,13,2,76.75478578,0.421053732,76.4,6,20989.9556,1,0.00522411,5967
33.92694064,15,0,67.00091158,0.527076091,79.92,3,51650.72424,2,0.263814687,5968
54.52054795,9,3,76.29899727,0.335226109,78.56,3,15868.44394,2,0.077216928,5969
30.77625571,12,4,74.61257976,0.28293617,76.99,4,33036.65233,2,0.060082167,5970
17.30593607,16,6,47.26526892,0.493899026,77.48,1,34417.31778,1,1.268077674,5971
33.97260274,11,5,69.09753874,0.34965092,82.08,6,21061.75243,2,0.005389075,5972
55.15981735,5,0,63.67365542,0.289427335,81.26,1,30706.35477,2,1.128056161,5973
25.57077626,14,8,71.87784868,0.223794446,76.66,1,49396.87641,2,1.907925646,5974
28.90410959,13,0,56.92798541,0.407350162,81.23,2,24974.74173,2,0.334875769,5975
23.37899543,15,5,80.4922516,0.218024522,79.33,1,31922.10032,2,1.16938262,5976
49.17808219,14,4,59.11577028,0.374894338,79.97,2,45878.87959,0,0.627669709,5977
26.30136986,14,26,72.01458523,0.331980527,78.51,4,17884.80854,2,0.031158483,5978
70.3196347,4,21,61.94165907,0.453509556,79.72,2,11806.55067,3,0.134834939,5979
51.05022831,13,6,64.72196901,0.52599423,78.34,4,51044.70911,2,0.09280466,5980
37.80821918,14,5,71.92342753,0.277887486,75.96,2,30451.56601,2,0.411158532,5981
26.62100457,17,3,78.76025524,0.304573386,78.11,3,49086.32798,3,0.243487496,5982
22.28310502,15,6,92.11485871,0.238940498,80.09,4,30357.98583,2,0.056187079,5983
87.48858447,3,3,60.66545123,0.314670754,78.03,1,38341.4628,1,1.412949692,5984
31.59817352,12,0,73.33637192,0.333423008,84.99,4,43276.56458,1,0.078572719,5985
28.81278539,16,11,67.09206928,0.357223945,80.42,6,52430.45212,2,0.012809766,5986
40.0913242,10,0,72.19690064,0.28221493,78.69,4,23420.20991,2,0.043469396,5987
49.22374429,14,4,65.81586144,0.251201587,78.64,1,18715.25776,0,0.693691258,5988
17.57990868,16,0,62.89881495,0.477671114,77.65,4,26257.38792,1,0.048175501,5989
57.39726027,8,16,75.84320875,0.287263613,78.43,6,36295.10335,2,0.008692415,5990
37.57990868,10,4,56.42661805,0.324407501,82.31,3,24779.92343,2,0.122043293,5991
45.34246575,15,14,66.86417502,0.276084385,81.15,2,40101.91966,4,0.54115283,5992
12.46575342,18,0,55.69735643,0.633098449,78.46,4,40580.03774,1,0.073595872,5993
24.88584475,14,5,80.62898815,0.381746123,78.54,1,38266.75565,3,1.410503591,5994
28.49315068,16,16,76.43573382,0.281493689,78.54,6,37178.37697,1,0.009103878,5995
39.17808219,13,1,61.57702826,0.492095925,79.33,5,36968.46322,2,0.024534755,5996
32.10045662,15,3,74.56700091,0.251562207,78.16,3,39102.69536,1,0.195200993,5997
30.73059361,12,3,67.59343665,0.25516841,86.13,4,38524.33189,0,0.070596509,5998
55.43378995,15,2,74.79489517,0.344241616,78.62,5,23744.06931,1,0.015649566,5999
40.3652968,10,5,56.51777575,0.40410458,76.18,3,7330.433139,1,0.012477811,6000
51.78082192,10,3,84.00182315,0.292312297,79.37,6,48317.93035,3,0.011345195,6001
66.80365297,5,11,50.59252507,0.49894771,81.52,3,29830.85114,1,0.147784431,6002
58.44748858,11,1,66.63628077,0.316834475,84.11,2,21374.97911,2,0.286821822,6003
22.10045662,15,19,45.53327256,0.509405698,78.59,1,26597.15431,2,0.969928359,6004
40.0913242,10,14,57.65724704,0.414923188,78.79,4,35977.01231,1,0.065822195,6005
18.35616438,19,8,67.09206928,0.504717634,80.51,1,24135.44337,2,0.898387825,6006
40.91324201,12,1,73.29079307,0.246874144,78.2,3,40416.90348,0,0.200404041,6007
55.43378995,12,1,56.06198724,0.493899026,77.75,2,40813.30576,3,0.549704568,6008
1.415525114,21,5,64.12944394,0.419611251,81.93,4,36844.86827,2,0.06748373,6009
62.14611872,10,10,68.23154057,0.347126578,83.01,2,28213.42762,3,0.38116485,6010
59.04109589,11,3,69.37101185,0.337389831,82.14,2,38384.43182,0,0.518441262,6011
70.50228311,4,30,77.84867821,0.353257122,80.45,2,30068.57873,2,0.405598313,6012
28.90410959,13,0,68.36827712,0.417086909,79.6,1,28193.96225,4,1.037197908,6013
50.1369863,13,25,65.26891522,0.340274793,77.05,1,27179.87288,1,1.008607933,6014
28.53881279,16,4,66.90975387,0.344241616,84.62,2,40840.64636,0,0.552348029,6015
17.71689498,16,2,62.12397448,0.369485034,83.65,3,34711.14822,4,0.173066681,6016
66.25570776,12,8,62.7620784,0.468294987,78.31,7,25006.93476,2,0.002124258,6017
58.08219178,11,8,48.67821331,0.598839524,80.17,6,33579.70499,4,0.008990355,6018
57.07762557,8,12,73.51868733,0.394367833,76.2,6,31378.04283,2,0.007651089,6019
40.63926941,13,2,87.46581586,0.29627912,79.43,3,46306.19207,2,0.230849544,6020
34.61187215,11,5,74.88605287,0.313588893,78.91,2,40754.76562,3,0.551381418,6021
49.5890411,10,14,56.3810392,0.466131266,77,3,20375.81543,2,0.102005622,6022
39.04109589,10,4,69.00638104,0.330898666,82.57,4,32342.31338,1,0.059396626,6023
6.02739726,23,0,52.87146764,0.638507753,79.78,3,3855.743817,3,0.033559257,6024
59.40639269,11,18,30.72014585,0.734793365,79.88,6,45199.66113,1,0.011408998,6025
56.52968037,11,10,85.05013674,0.259856473,81.53,7,36027.86127,2,0.00332244,6026
29.6803653,13,16,75.47857794,0.233531194,75.67,1,30384.11425,1,1.109627272,6027
52.46575342,9,1,53.0993619,0.325849982,80.03,3,29213.84098,3,0.14545997,6028
61.78082192,13,13,66.49954421,0.376336819,79.42,7,45795.50296,4,0.00397747,6029
59.40639269,11,9,49.63536919,0.346405337,82.81,3,8981.31546,2,0.033559257,6030
66.25570776,9,2,48.90610757,0.556286332,78.08,7,38888.75301,0,0.003661021,6031
47.03196347,14,13,76.98268004,0.315752614,79.99,2,44315.60535,2,0.601349977,6032
54.24657534,12,1,90.15496809,0.298442842,78.02,1,21526.32425,3,0.801636301,6033
49.49771689,7,0,64.31175934,0.347487198,83.58,1,33963.8106,2,1.249339977,6034
36.62100457,10,0,73.74658159,0.291230436,82.2,7,23788.16101,1,0.00218528,6035
30.1826484,12,20,85.96171376,0.351814641,77.26,3,30389.32089,2,0.150239799,6036
61.78082192,10,20,56.19872379,0.39076163,80.47,7,48569.55629,1,0.004602863,6037
58.31050228,11,1,54.9680948,0.508684457,75.98,2,42084.55625,1,0.56890846,6038
30.1826484,12,6,82.45214221,0.18809304,77.63,4,21267.70437,1,0.038347765,6039
31.59817352,12,3,56.83682771,0.586939055,83.58,1,39741.34628,2,1.462002426,6040
59.6803653,14,7,39.88149499,0.72902344,77.27,2,31220.94917,2,0.421126243,6041
11.32420091,18,2,47.90337284,0.514093761,78.95,4,24455.0852,3,0.044928916,6042
82.23744292,7,6,62.53418414,0.278608727,77.55,4,29333.07,1,0.05288747,6043
63.65296804,10,2,56.01640839,0.438724125,83.58,2,20482.4787,2,0.276520836,6044
13.37899543,18,8,68.00364631,0.384270465,78.93,4,31041.73851,2,0.057707312,6045
46.62100457,11,0,60.30082042,0.504717634,87.47,6,28384.96672,0,0.007077648,6046
48.63013699,7,1,59.61713765,0.364796971,79.69,4,12320.28353,2,0.022024369,6047
55.84474886,8,12,73.51868733,0.388958529,77.82,6,34199.89157,1,0.009016833,6048
29.08675799,20,8,54.8769371,0.479113595,78.34,3,25239.66271,2,0.126257239,6049
41.41552511,9,1,76.43573382,0.411316985,76.56,1,23350.89106,3,0.859539949,6050
55.15981735,8,5,85.68824066,0.298442842,81.38,3,35104.65297,3,0.175089765,6051
35.93607306,11,4,78.07657247,0.205763433,80.24,4,33492.60989,1,0.061274296,6052
50.95890411,10,12,68.50501367,0.374894338,86.4,4,39759.02,3,0.072388521,6053
32.78538813,15,5,47.21969006,0.407710783,78.37,1,37034.40564,2,1.351274876,6054
48.26484018,11,1,53.91978122,0.432232961,86.42,2,40909.57632,3,0.555593899,6055
40.59360731,13,1,65.90701914,0.502553913,79.64,6,37921.07399,1,0.010052366,6056
55.06849315,12,0,78.76025524,0.308179589,84.46,2,24784.66387,3,0.335627809,6057
65.75342466,9,5,53.32725615,0.317916336,76.65,2,36219.52131,4,0.489011563,6058
45.02283105,15,0,66.18049225,0.252283448,80.09,2,33599.09027,0,0.457013215,6059
55.84474886,8,11,69.87237922,0.475146772,83.28,3,24641.46415,3,0.122543644,6060
38.12785388,10,2,65.99817685,0.547992066,77.34,1,24314.56676,4,0.905640294,6061
27.16894977,13,7,54.19325433,0.455312658,87,4,22442.65908,2,0.040289698,6062
29.8173516,16,7,49.04284412,0.374533718,81.18,5,32666.80939,1,0.022389162,6063
19.7716895,16,0,66.59070191,0.380303642,80.12,4,31164.45231,3,0.056990514,6064
42.96803653,15,9,65.13217867,0.330898666,78.24,2,43812.86573,1,0.59022175,6065
41.96347032,12,12,62.26071103,0.403022719,78.85,6,38068.07041,0,0.009399694,6066
75.66210046,10,9,57.52051048,0.351093401,83.72,7,29171.21137,2,0.00269001,6067
53.92694064,12,23,63.67365542,0.258774612,77.94,3,10850.54974,3,0.051279793,6068
29.8173516,16,10,49.04284412,0.280772449,78.95,4,26026.02897,2,0.048450867,6069
50.59360731,13,4,70.41932543,0.361190768,81.26,4,32908.29368,0,0.059734503,6070
15.98173516,17,10,84.27529626,0.293394158,83.22,2,48513.29459,3,0.664582259,6071
26.94063927,13,6,61.4402917,0.26851136,81.1,4,33355.86404,2,0.061452587,6072
44.52054795,15,2,55.60619872,0.286902993,77.83,2,26770.26254,3,0.361178741,6073
42.23744292,9,8,58.70556062,0.2959185,80.55,4,22429.8626,3,0.040335528,6074
65.66210046,12,2,79.1704649,0.230646232,79.63,7,37614.55942,1,0.003480723,6075
77.67123288,2,3,76.61804923,0.455673278,76.18,4,49986.89941,2,0.091488709,6076
24.88584475,17,17,37.73928897,0.399416516,80.71,2,30393.23661,2,0.408795984,6077
31.64383562,12,5,66.08933455,0.266347638,76.79,1,24354.54712,3,0.898387825,6078
37.76255708,17,21,41.43117593,0.537894699,78.76,3,10571.27058,3,0.056017301,6079
39.45205479,17,4,63.94712853,0.264183916,78.4,3,38340.12169,2,0.1914681,6080
54.84018265,9,28,73.01731996,0.330898666,77.85,7,3470.002175,1,0.001307884,6081
89.08675799,6,0,66.49954421,0.311785792,79.06,5,35730.89714,2,0.024712214,6082
45.52511416,11,1,58.61440292,0.470458709,82.34,6,28815.42726,2,0.007438602,6083
34.79452055,14,11,58.75113947,0.448100252,78.15,3,45004.0014,2,0.224051805,6084
48.63013699,7,6,76.75478578,0.293033538,75.88,4,42688.63692,3,0.078690309,6085
33.74429224,15,7,70.14585232,0.317195096,78.58,3,19783.47135,2,0.099943014,6086
41.32420091,16,18,67.36554239,0.398334656,81.86,7,19804.49457,1,0.002037902,6087
18.21917808,16,8,59.61713765,0.338111071,76.95,4,21620.87164,1,0.039675653,6088
42.69406393,9,5,63.44576117,0.256610891,81.53,1,29887.2365,1,1.103234634,6089
38.99543379,10,1,62.80765725,0.286181753,75.31,4,18426.27714,4,0.034097724,6090
65.98173516,9,18,65.26891522,0.334865489,82.3,2,33226.13069,3,0.450817704,6091
28.58447489,20,1,73.65542388,0.384270465,81.15,4,26274.69289,2,0.047871629,6092
44.84018265,8,22,71.96900638,0.318637577,81.9,7,64297.65122,3,0.004383559,6093
24.15525114,14,3,53.50957156,0.392204111,81.06,2,33591.98082,1,0.453693975,6094
38.58447489,13,5,65.58796718,0.313588893,76.49,4,47507.71687,2,0.086532665,6095
68.76712329,8,18,65.22333637,0.399055896,76.33,5,45578.4419,1,0.029482205,6096
29.08675799,16,2,81.17593437,0.289427335,81.7,6,29272.47245,1,0.007350708,6097
19.40639269,15,3,53.372835,0.47226181,79.46,4,27296.49509,2,0.049622739,6098
33.01369863,15,0,54.37556974,0.252644068,81.05,4,27350.12992,1,0.050379357,6099
55.02283105,12,1,50.95715588,0.439445366,86.34,2,35580.6487,3,0.483125215,6100
36.30136986,18,1,74.74931632,0.389679769,81.15,4,37047.55116,3,0.067297134,6101
18.53881279,16,12,62.44302644,0.314670754,77.53,6,33914.11688,1,0.009187615,6102
42.96803653,16,2,65.99817685,0.329456185,77.69,5,39029.83351,1,0.026012414,6103
50.2283105,10,5,49.27073838,0.384991706,81.43,7,43968.59426,1,0.003846037,6104
34.38356164,18,0,50.82041933,0.439445366,82.31,2,55189.50582,0,0.751591485,6105
25.98173516,17,4,59.61713765,0.529600433,80.19,3,24122.30663,1,0.120097893,6106
56.25570776,12,40,55.46946217,0.727580959,79.66,3,39022.5829,3,0.194834612,6107
30.3196347,12,6,68.41385597,0.277526866,81.39,4,40821.19588,2,0.07489833,6108
54.70319635,6,4,80.03646308,0.224876307,80.41,1,33186.72081,3,1.21979395,6109
57.53424658,11,1,77.07383774,0.24218608,83.17,2,34747.02646,3,0.471153593,6110
80.59360731,8,14,56.83682771,0.502914533,76.41,7,36458.58021,2,0.002949219,6111
55.25114155,11,2,48.4958979,0.691158312,80.47,2,42231.82324,3,0.56896912,6112
50.2739726,17,14,59.79945305,0.469376848,76.04,7,22951.83593,3,0.0023283,6113
6.02739726,21,0,52.87146764,0.4311511,77.82,7,35901.48037,1,0.003022079,6114
12.96803653,18,9,66.08933455,0.254447169,75.25,4,22535.73019,0,0.040926354,6115
13.69863014,17,0,63.40018232,0.251922827,78.2,7,36059.22158,3,0.003116459,6116
42.69406393,16,22,67.68459435,0.25552903,83.03,4,31925.74278,2,0.058381927,6117
40.1826484,16,3,59.29808569,0.439084746,81.38,2,44363.18912,3,0.598789654,6118
48.90410959,14,17,72.92616226,0.391482871,75.29,2,25016.36379,0,0.337996375,6119
25.66210046,14,3,62.26071103,0.461803823,83.19,4,28465.35424,3,0.052047201,6120