Safety_Score,Days_Since_Inspection,Total_Safety_Complaints,Control_Metric,Turbulence_In_gforces,Cabin_Temperature,Accident_Type_Code,Max_Elevation,Violations,Adverse_Weather_Metric,Accident_ID
49.17808219,7,8,86.00729262,0.484522899,83.19,1,23785.9624,3,0.870409654,6121
48.17351598,14,4,78.44120328,0.308179589,78.54,5,43972.09717,2,0.030324009,6122
46.34703196,14,16,49.63536919,0.437281644,77.89,3,26137.02409,1,0.128573249,6123
55.84474886,8,2,70.37374658,0.293754778,85.64,7,38405.20903,2,0.003434911,6124
55.02283105,15,2,72.97174111,0.39112225,81.56,7,15088.78111,2,0.001431979,6125
59.13242009,11,3,71.28532361,0.194944825,77.96,5,32944.33368,2,0.021863467,6126
76.39269406,10,4,51.00273473,0.717844212,76.02,7,38888.75301,1,0.003628838,6127
55.25114155,8,12,63.12670921,0.563138118,76.09,3,43209.8141,3,0.214244805,6128
48.44748858,7,8,88.05834093,0.2959185,75.35,1,31117.25437,4,1.139181357,6129
9.680365297,18,2,60.98450319,0.401940858,76.66,2,32729.71996,3,0.442732959,6130
59.7716895,7,21,49.95442115,0.435478543,80.98,5,26065.45381,3,0.016908445,6131
63.92694064,13,4,75.38742024,0.333062387,78.64,7,31746.63443,2,0.00269001,6132
24.38356164,14,6,45.53327256,0.359387667,77.68,2,31355.61349,3,0.424285999,6133
28.94977169,13,0,68.36827712,0.398695276,81.48,2,40840.64636,0,0.551040805,6134
42.23744292,9,11,70.87511395,0.4044652,82.08,4,49040.71611,3,0.090592444,6135
13.92694064,21,7,77.07383774,0.321161918,81.31,6,31750.40468,1,0.00812808,6136
76.39269406,9,12,62.03281677,0.385352326,85.99,7,29171.21137,3,0.002611961,6137
28.90410959,13,0,48.72379216,0.511569419,81.05,1,29636.50204,3,1.096336157,6138
42.64840183,9,1,80.62898815,0.223433826,81.61,1,27215.1382,3,1.008607933,6139
57.44292237,11,11,49.63536919,0.543664623,82.23,7,39795.04301,3,0.003657956,6140
31.23287671,12,11,60.48313582,0.556646953,75.94,1,27127.92461,5,0.996497974,6141
32.73972603,19,0,56.83682771,0.786362063,79.64,3,19494.85874,2,0.094561641,6142
68.67579909,11,11,69.00638104,0.253725929,79.08,7,31719.30836,1,0.002728928,6143
45.06849315,11,6,72.56153145,0.351454021,77.72,3,31439.46848,3,0.157836605,6144
41.82648402,12,1,41.61349134,0.645359538,78.9,7,24600.5651,3,0.002148512,6145
29.9543379,16,0,65.13217867,0.396892175,80.12,6,38525.41418,2,0.010052366,6146
38.26484018,10,0,71.28532361,0.41780815,84.92,4,40160.7024,2,0.074570854,6147
21.27853881,15,11,74.74931632,0.428266138,81.15,1,22087.48601,3,0.815759669,6148
58.12785388,11,5,84.00182315,0.351093401,81.38,2,35354.64915,2,0.478306032,6149
33.24200913,15,2,67.36554239,0.507963217,80.98,3,30071.57756,2,0.14944739,6150
49.5890411,10,5,61.85050137,0.245792283,77.29,6,30026.55441,3,0.007503479,6151
35.52511416,14,15,76.93710119,0.453870177,84.28,6,33944.64314,1,0.008270877,6152
35.38812785,18,1,70.23701003,0.387516048,87.11,1,24312.57633,3,0.890281948,6153
44.20091324,19,0,65.58796718,0.279329968,78.41,2,22969.33828,2,0.311631545,6154
38.08219178,10,2,58.70556062,0.2959185,77.13,4,28183.32313,2,0.052019506,6155
40.0456621,13,0,76.75478578,0.242907321,81.04,5,27417.59945,2,0.018465146,6156
56.94063927,11,17,69.91795807,0.307097728,76.56,5,16673.2615,1,0.011600334,6157
42.96803653,15,4,77.89425706,0.243989181,81.73,2,37085.87476,4,0.498635559,6158
62.37442922,13,7,42.023701,0.589824017,79.58,7,31898.64017,2,0.002871009,6159
54.42922374,12,4,56.97356427,0.542582762,81.72,2,37342.65062,2,0.506304901,6160
50.82191781,10,15,55.69735643,0.311785792,78.28,3,35207.39867,2,0.17583753,6161
39.6803653,20,3,61.62260711,0.444133429,81.06,7,13790.87447,3,0.001459797,6162
68.63013699,8,1,70.46490428,0.32296502,76.4,5,44036.81466,1,0.029708181,6163
40.1826484,16,7,61.53144941,0.237858637,80.22,2,40686.38439,2,0.551381418,6164
43.28767123,9,24,83.7739289,0.433675442,86.36,7,25796.94853,2,0.002414052,6165
40.77625571,16,6,53.23609845,0.724335377,78.55,3,45350.76032,2,0.222405152,6166
61.82648402,13,13,75.75205105,0.311064551,76.93,7,32690.62577,3,0.00302253,6167
38.40182648,13,2,59.98176846,0.375254959,83.96,3,13468.0085,2,0.063996525,6168
41.78082192,9,6,52.05104831,0.380303642,79.66,3,14515.79515,2,0.075315564,6169
22.92237443,15,0,63.35460346,0.576481067,78.18,4,40729.81478,0,0.07439772,6170
57.12328767,15,7,57.52051048,0.444133429,79.6,7,47578.16088,2,0.004404294,6171
49.45205479,14,4,68.09480401,0.369845655,78.42,2,28208.25937,2,0.379538267,6172
48.44748858,7,1,76.75478578,0.293033538,80.2,6,23412.78228,0,0.006137196,6173
4.931506849,20,2,89.88149499,0.21513956,77.91,4,38564.12923,2,0.07015033,6174
49.26940639,14,6,52.09662716,0.490292824,83.57,2,37251.6714,1,0.504117435,6175
41.68949772,20,2,62.62534184,0.383188604,79.01,7,13538.09195,2,0.001244245,6176
22.19178082,18,2,59.02461258,0.278608727,78.17,3,42046.75094,2,0.209489041,6177
46.80365297,11,1,50.77484047,0.626607285,76.26,1,10587.35258,3,0.202495647,6178
37.44292237,17,15,69.59890611,0.333423008,76.33,2,26900.70286,2,0.365529248,6179
40.77625571,16,11,53.23609845,0.524191129,82.71,1,21022.74327,3,0.775459295,6180
55.11415525,12,2,43.66453965,0.585496574,80.19,3,37438.2062,2,0.185647076,6181
20.1826484,15,0,53.91978122,0.469376848,77.63,4,36624.27963,1,0.067472636,6182
51.18721461,10,6,73.74658159,0.347847818,78.64,3,29213.27813,0,0.145829384,6183
1.415525114,22,2,63.90154968,0.353617743,80.86,3,25720.91641,2,0.128896402,6184
49.26940639,10,0,65.45123063,0.505078255,77.55,5,31051.27797,0,0.02003023,6185
53.15068493,12,3,61.48587056,0.514093761,77.55,7,25648.66761,0,0.002366971,6186
14.47488584,17,3,38.14949863,0.705583123,77.67,6,31647.88432,2,0.008024948,6187
49.7260274,10,11,77.52962625,0.313949513,84.8,6,53200.86315,2,0.013041778,6188
70.0913242,11,1,68.45943482,0.421053732,79.23,7,25251.11556,3,0.002267412,6189
49.31506849,14,6,37.64813127,0.540419041,77.9,3,46367.37043,2,0.231087541,6190
29.6347032,16,13,70.00911577,0.198190408,77.27,6,39117.45998,0,0.009398348,6191
28.63013699,13,1,97.67547858,0.208287775,81.39,4,23086.02269,2,0.042786406,6192
62.37442922,13,5,61.03008204,0.48596538,77.62,7,17343.66222,1,0.00179098,6193
51.78082192,13,12,57.88514129,0.426823657,80.07,2,39313.00596,2,0.534664927,6194
2.739726027,23,4,66.90975387,0.36371511,77.62,4,35962.42199,2,0.065992443,6195
27.62557078,13,2,65.67912489,0.551237649,75.8,2,23197.32945,1,0.314050656,6196
50.50228311,13,22,45.89790337,0.804753696,77.55,2,24034.95671,0,0.328620657,6197
16.11872146,17,3,82.58887876,0.218745763,79.15,4,41380.20066,3,0.076505898,6198
28.90410959,13,0,68.36827712,0.388237288,84.21,2,31748.25295,3,0.428633208,6199
68.85844749,11,9,81.58614403,0.29627912,79.62,7,36737.25758,4,0.003121649,6200
20.4109589,19,5,66.63628077,0.368403173,78.73,2,40716.71421,2,0.55117256,6201
68.67579909,11,4,73.92889699,0.436199784,83.07,7,26023.20726,3,0.00234866,6202
55.61643836,8,12,77.66636281,0.276084385,84.48,5,53200.86315,2,0.035165033,6203
27.85388128,13,8,71.05742935,0.306376488,86.57,4,37158.72552,3,0.067964505,6204
52.46575342,13,7,85.09571559,0.199632889,77.95,5,45783.52766,2,0.031615331,6205
30,13,3,61.66818596,0.346405337,78.66,4,36292.19498,1,0.065764942,6206
56.89497717,8,2,100,0.21441832,84.83,3,41662.69223,3,0.208414226,6207
39.543379,21,11,68.55059253,0.231006852,77.86,7,26992.78692,2,0.002143519,6208
54.42922374,12,8,44.89516864,0.621197981,80.25,4,45343.98698,3,0.083851546,6209
71.59817352,7,19,76.52689152,0.374533718,77.69,2,19525.85738,2,0.252547765,6210
43.65296804,12,10,51.09389243,0.341717274,82.45,4,29832.35471,2,0.054445065,6211
54.52054795,9,3,76.29899727,0.258774612,79.47,3,27417.59945,0,0.135850462,6212
16.48401826,16,2,47.26526892,0.514093761,80.47,2,30701.49036,3,0.41673381,6213
57.35159817,11,7,65.22333637,0.348929679,80.84,2,28248.20035,1,0.382297819,6214
32.55707763,12,3,57.01914312,0.399777137,80.27,7,25794.58087,3,0.002281694,6215
2.648401826,21,4,64.12944394,0.245792283,85.22,7,28326.86045,0,0.002704366,6216
20.95890411,15,1,80.62898815,0.396892175,85.3,4,39527.63881,0,0.073123348,6217
49.08675799,10,0,66.90975387,0.302770285,79.24,7,41567.52106,2,0.003762409,6218
53.88127854,12,8,70.10027347,0.22848251,75.05,5,20520.74105,4,0.014638219,6219
16.66666667,20,9,67.6390155,0.505078255,80.51,1,36873.07077,2,1.346364085,6220
39.7260274,17,4,69.4165907,0.246874144,81.95,2,32990.91494,1,0.447798128,6221
56.57534247,12,6,70.19143118,0.316834475,80.37,2,38350.71956,0,0.51935507,6222
40.1369863,20,3,66.68185962,0.353257122,78.09,7,28356.8132,0,0.002763505,6223
44.42922374,8,4,60.57429353,0.476228633,82.03,3,18214.70627,3,0.089254962,6224
37.30593607,14,7,62.12397448,0.232088713,81.82,6,27255.61956,1,0.006603423,6225
19.36073059,19,3,64.5396536,0.28257555,79.47,3,38399.4551,2,0.190396357,6226
55.57077626,12,2,64.99544211,0.289787955,83.83,2,40981.16893,2,0.556483734,6227
52.78538813,9,5,50.91157703,0.645359538,79.06,4,26015.96294,1,0.047668335,6228
68.49315068,11,1,61.71376481,0.370927515,78.32,7,22248.33504,2,0.001966385,6229
72.55707763,4,11,50.59252507,0.408071403,83.5,3,40844.10823,1,0.204090221,6230
54.84018265,9,9,78.57793984,0.39112225,81.73,2,42692.4127,2,0.577778977,6231
54.10958904,16,2,60.11850501,0.358305806,79.82,2,42621.84361,3,0.576823928,6232
56.57534247,12,1,74.56700091,0.344241616,80.53,2,35354.64915,4,0.478763293,6233
31.68949772,19,6,61.48587056,0.330898666,80.25,3,19201.50213,0,0.097059186,6234
39.13242009,10,6,72.01458523,0.225597548,79.39,1,34397.75742,2,1.268472711,6235
36.62100457,14,0,36.78213309,0.454952038,77.74,7,33637.18008,3,0.003116459,6236
58.99543379,14,5,62.71649954,0.461803823,83.01,7,35154.72726,2,0.003214794,6237
36.80365297,10,5,53.60072926,0.476589254,78.91,6,32677.20608,2,0.007767288,6238
32.87671233,15,0,73.88331814,0.364796971,80.72,6,34727.77518,3,0.008427571,6239
57.12328767,8,12,62.89881495,0.44521529,82.66,3,37378.44026,0,0.186439935,6240
51.36986301,16,0,70.19143118,0.308900829,79.27,7,22121.02976,2,0.001900375,6241
49.26940639,10,10,70.19143118,0.555925712,77.62,1,36925.03526,2,1.363369436,6242
69.9543379,11,3,64.81312671,0.276805626,81.85,7,30442.0287,3,0.002900787,6243
44.56621005,12,20,57.15587967,0.725417238,80.8,3,45955.03814,0,0.226944244,6244
71.59817352,2,0,56.3810392,0.381024883,82.82,7,36104.85699,1,0.003121649,6245
47.03196347,14,2,97.76663628,0.256971511,83.34,1,31279.25913,2,1.142419445,6246
42.10045662,12,2,56.15314494,0.537534079,82.64,7,41724.56872,1,0.003837084,6247
72.87671233,10,7,66.31722881,0.278608727,77.27,7,16029.08124,4,0.001234514,6248
74.20091324,9,4,37.28350046,0.694764515,88.18,7,27237.90631,2,0.002280337,6249
28.08219178,13,7,81.35824977,0.303130905,78.31,4,30992.04278,3,0.05632954,6250
36.43835616,14,2,49.95442115,0.354338983,80.71,2,36091.55277,1,0.493845718,6251
30.3196347,12,4,86.50865998,0.362993869,77,6,24720.96939,2,0.006077408,6252
52.96803653,9,2,55.69735643,0.380303642,77.52,3,42253.18094,4,0.211178176,6253
36.11872146,11,4,75.15952598,0.326571223,77.94,1,24420.713,2,0.894409699,6254
56.25570776,11,18,62.26071103,0.289066715,88.71,2,51010.50638,3,0.690878232,6255
41.68949772,13,17,75.20510483,0.52527299,79.53,6,38428.20202,3,0.009682691,6256
62.96803653,13,3,61.03008204,0.496423368,77.39,5,25094.35704,3,0.016309352,6257
63.83561644,13,4,75.84320875,0.324046881,79.47,7,39615.1051,2,0.003456042,6258
41.14155251,9,12,60.98450319,0.33666859,86.43,1,49722.57434,3,1.907925646,6259
23.78995434,14,13,56.83682771,0.375976199,82.11,5,35120.77623,2,0.023244491,6260
79.543379,8,0,70.00911577,0.353257122,82.2,3,34142.82827,0,0.1720013,6261
16.52968037,16,0,72.24247949,0.331259286,79.91,4,23643.27852,0,0.043568869,6262
22.69406393,18,14,65.90701914,0.49930833,80.51,6,34198.75696,3,0.008737944,6263
43.33333333,16,15,75.38742024,0.392925352,76.02,7,22951.83593,1,0.00246153,6264
49.08675799,14,2,69.69006381,0.372730617,81.82,2,43971.71045,1,0.596791289,6265
32.87671233,15,8,75.25068368,0.380303642,76.18,6,45290.89147,2,0.011556872,6266
45.79908676,15,1,78.48678213,0.386434187,79.45,2,59108.87717,2,0.775872856,6267
44.06392694,12,3,72.92616226,0.386073567,76.73,6,39422.84677,4,0.009890656,6268
46.62100457,8,3,73.65542388,0.368042553,77.17,4,41917.32217,3,0.076320599,6269
54.29223744,9,2,75.47857794,0.370927515,76.32,2,31290.80933,2,0.423471024,6270
31.73515982,15,0,82.13309025,0.176553191,79.52,1,38360.57307,3,1.40966133,6271
46.21004566,11,0,57.15587967,0.300606563,85.61,6,40968.8743,4,0.009883079,6272
82.23744292,7,0,59.38924339,0.364796971,83.08,6,30551.91447,2,0.00756717,6273
58.35616438,4,2,75.15952598,0.249759106,79.76,3,28201.73534,1,0.141000605,6274
48.17351598,14,14,70.64721969,0.370206275,79.17,2,42622.37152,1,0.57878352,6275
33.24200913,15,5,64.26618049,0.335226109,76.4,6,22429.33718,2,0.005009797,6276
29.13242009,16,3,78.80583409,0.205402813,78.84,6,42630.00168,2,0.010582328,6277
42.92237443,12,12,43.80127621,0.675651641,81.74,2,33060.13322,3,0.447344516,6278
31.96347032,15,3,62.07839562,0.344962856,82.45,3,26433.28614,3,0.131363387,6279
30.3196347,16,0,86.9644485,0.220548864,76.89,3,42630.00168,3,0.211596152,6280
26.21004566,13,0,63.17228806,0.556286332,77.59,4,26257.38792,2,0.048606633,6281
17.16894977,16,15,75.25068368,0.315391994,76.6,4,48882.99695,1,0.089219108,6282
38.31050228,13,54,87.46581586,0.257692752,78.33,7,40762.81328,0,0.00359948,6283
68.67579909,11,4,46.8094804,0.563498738,81.12,4,24626.23299,2,0.045332399,6284
62.14611872,10,6,77.75752051,0.241104219,84.53,2,25716.03912,3,0.350179582,6285
53.47031963,9,2,79.89972653,0.523469888,79.24,6,19446.33391,1,0.004316395,6286
40.86757991,9,34,46.08021878,0.804753696,77.55,4,48401.0074,1,0.088497376,6287
22.28310502,18,3,68.77848678,0.412038226,78.33,1,28746.84461,2,1.06012201,6288
34.61187215,14,6,62.07839562,0.330898666,78.31,7,22736.38233,4,0.001666257,6289
62.42009132,13,29,72.37921604,0.303130905,80.22,7,32861.27684,0,0.003219267,6290
83.65296804,7,0,70.00911577,0.463967544,80.75,7,34439.54616,2,0.003000485,6291
38.44748858,17,0,55.05925251,0.369485034,80.96,2,39482.94183,3,0.533529521,6292
17.71689498,16,0,58.61440292,0.32332564,80.03,4,28986.65748,3,0.053758613,6293
27.53424658,20,13,60.80218778,0.407710783,78.49,4,37241.40147,3,0.068229449,6294
54.10958904,16,15,60.52871468,0.370566895,76.77,2,38767.3596,1,0.530620426,6295
41.41552511,9,3,72.01458523,0.407710783,75.4,3,25279.72404,2,0.126257239,6296
9.497716895,18,2,71.42206016,0.267429499,78.16,6,27801.68407,2,0.006857542,6297
36.43835616,10,7,56.88240656,0.490653444,79.99,1,39396.11662,1,1.443530955,6298
18.31050228,16,8,62.53418414,0.288345474,78,7,36059.22158,1,0.003185578,6299
43.33333333,15,5,70.00911577,0.547270826,76.39,1,21043.0746,3,0.770245197,6300
31.96347032,15,1,74.56700091,0.399055896,80.67,3,39449.38924,2,0.194113958,6301
31.82648402,19,0,53.23609845,0.492817166,79.72,2,37999.3671,2,0.51535463,6302
12.92237443,17,5,71.37648131,0.356863325,82.66,4,34711.14822,3,0.063093129,6303
31.27853881,16,7,65.13217867,0.439084746,75.94,7,24411.82913,0,0.00243244,6304
13.69863014,17,5,76.34457612,0.20143599,80.83,4,25245.63477,3,0.045618295,6305
47.48858447,14,0,56.97356427,0.544025243,76.44,5,31051.27797,2,0.019846267,6306
56.11872146,12,18,77.11941659,0.243989181,76.5,5,18147.48347,2,0.010807266,6307
46.11872146,15,9,84.27529626,0.21441832,79.93,2,38116.55169,1,0.515851432,6308
25.29680365,14,8,39.83591613,0.518781825,80.55,1,38783.35661,2,1.428695679,6309
28.08219178,13,2,99.95442115,0.372369996,78.52,1,36035.19614,1,1.323124286,6310
50.1826484,13,0,67.18322698,0.293394158,83.56,4,14871.66492,2,0.026315847,6311
35.25114155,18,8,80.40109389,0.293394158,79.18,2,48352.0148,3,0.659387128,6312
53.74429224,16,6,50.27347311,0.329095564,79.28,5,20186.49709,2,0.013601555,6313
42.87671233,12,10,68.96080219,0.331259286,79.4,6,28101.32548,2,0.006656118,6314
59.9086758,11,22,78.53236098,0.271035701,85.36,2,36493.19435,3,0.494990147,6315
20.86757991,19,2,71.19416591,0.438724125,79.72,3,18241.05709,2,0.090168947,6316
40.73059361,13,4,56.51777575,0.486326001,79.99,4,28454.4614,1,0.051670389,6317
27.53424658,13,28,50.0911577,0.494259647,77.74,1,29601.07806,1,1.088962805,6318
64.38356164,13,7,61.66818596,0.344962856,77.03,7,21079.29955,2,0.001877047,6319
34.33789954,11,1,77.25615314,0.269953841,77.4,4,34310.6179,3,0.063407852,6320
34.15525114,14,5,38.10391978,0.629852867,79.92,6,26015.96294,3,0.006794821,6321
56.30136986,8,0,70.37374658,0.330898666,85.64,6,40561.69267,1,0.010337571,6322
60.1826484,10,7,45.25979945,0.520945546,81.8,7,21768.78552,5,0.001829376,6323
42.32876712,12,3,55.92525068,0.385352326,84.72,3,15092.118,0,0.075609171,6324
78.21917808,9,30,54.05651778,0.303130905,80.71,7,23192.15587,2,0.002123894,6325
33.78995434,15,5,54.8769371,0.365518211,77.27,4,28716.27546,1,0.053593328,6326
36.57534247,14,11,62.9443938,0.321522539,79.86,6,27059.94847,3,0.006860819,6327
48.67579909,7,10,76.93710119,0.397974035,79.79,4,14552.73491,3,0.027781477,6328
35.11415525,15,7,54.28441203,0.551958889,79.61,3,39380.29135,2,0.195200993,6329
30.1826484,12,6,74.93163172,0.28293617,77.75,4,30077.41619,2,0.054286267,6330
40.77625571,16,8,53.00820419,0.520945546,77.99,1,39565.83448,2,1.461348222,6331
26.71232877,13,6,61.4402917,0.444133429,75.94,2,32314.57738,0,0.436714351,6332
55.38812785,8,2,59.61713765,0.451345835,77.69,3,24664.52893,3,0.122219447,6333
29.08675799,13,0,77.71194166,0.362272629,79.34,4,27433.25587,2,0.049983339,6334
50.77625571,10,0,68.82406563,0.281493689,80.53,6,37678.01346,1,0.010025347,6335
36.57534247,14,17,76.02552416,0.434036062,77.39,5,43887.30197,2,0.029967482,6336
66.25570776,9,1,70.69279854,0.39040101,76.14,2,33309.94,1,0.451859983,6337
47.53424658,11,3,84.04740201,0.197108547,79.87,3,26757.66568,3,0.13411019,6338
32.23744292,15,4,64.94986326,0.549434547,79.46,6,36736.64282,2,0.008922525,6339
32.55707763,12,9,48.90610757,0.422496213,81.89,3,33426.18103,1,0.164634008,6340
18.31050228,16,3,73.19963537,0.204320952,76.63,1,49396.87641,3,1.863856481,6341
44.65753425,12,1,48.13126709,0.670963577,79.74,3,47541.00507,3,0.23368441,6342
56.21004566,15,0,67.6390155,0.314310133,80.89,2,35237.77755,2,0.478473146,6343
25.98173516,14,2,49.17958067,0.511569419,79.33,4,13118.5373,2,0.024667518,6344
68.03652968,12,1,82.13309025,0.30998269,79.68,7,46540.24679,2,0.003837084,6345
26.52968037,17,15,70.69279854,0.276805626,79.63,5,32269.06835,1,0.021984843,6346
32.19178082,12,0,72.24247949,0.321161918,76.3,2,38661.07702,2,0.521352905,6347
21.46118721,15,9,61.53144941,0.385712946,86.43,1,29033.29425,3,1.065207681,6348
35.98173516,11,15,71.46763902,0.258053372,79.85,5,34703.19719,3,0.023639682,6349
46.25570776,8,1,71.42206016,0.324046881,81.32,4,29978.38207,1,0.055119247,6350
37.48858447,10,6,80.81130356,0.219827624,80.21,1,16008.74509,1,0.589488708,6351
37.26027397,14,10,61.66818596,0.453509556,78.47,6,30858.54314,3,0.007962063,6352
23.01369863,14,22,60.48313582,0.419971872,82.39,5,37158.0803,0,0.024404521,6353
40.91324201,13,3,89.97265269,0.328734944,84,5,37242.77491,2,0.024465794,6354
42.87671233,12,10,57.88514129,0.72794158,76.14,3,36159.90088,2,0.180019959,6355
38.03652968,10,1,53.23609845,0.584775334,79.58,5,24122.82342,1,0.016698755,6356
30.91324201,16,4,56.83682771,0.586939055,78.96,3,28454.4614,3,0.141294026,6357
36.07305936,11,6,74.2935278,0.283657411,81.27,4,29518.33153,2,0.05288747,6358
22.37442922,18,1,72.78942571,0.317195096,77.36,3,33108.51218,3,0.164679544,6359
30.68493151,16,1,70.51048314,0.331259286,76.95,2,36906.1699,3,0.501428821,6360
59.17808219,11,3,78.94257065,0.179438154,80.97,7,40028.32614,3,0.003578486,6361
53.24200913,12,0,40.51959891,0.598118283,77.25,5,33372.81979,4,0.021597593,6362
44.52054795,15,2,40.29170465,0.516978723,78.4,6,27755.4735,4,0.006491343,6363
40.91324201,13,1,94.07474932,0.180520014,77.91,3,36929.42172,2,0.184264146,6364
38.03652968,17,5,80.674567,0.288706094,77.91,2,23373.61977,1,0.315570346,6365
56.43835616,12,4,56.15314494,0.45855824,84.52,7,32475.3942,1,0.003173757,6366
53.74429224,9,17,68.36827712,0.397974035,76.96,3,24023.58775,2,0.119606401,6367
50.54794521,10,7,66.90975387,0.299885323,77.51,6,26705.92691,3,0.006752291,6368
54.52054795,12,1,90.15496809,0.285099892,76.18,2,12595.42888,1,0.168418282,6369
27.89954338,13,10,86.9644485,0.265987018,80.09,4,26572.96667,2,0.048606633,6370
41.36986301,19,4,40.97538742,0.556286332,79.66,1,34325.61508,2,1.26281554,6371
19.543379,23,7,66.36280766,0.368403173,80.67,4,41232.83729,1,0.075152062,6372
5.205479452,20,15,69.73564266,0.254447169,88.11,3,38605.84487,3,0.192011668,6373
62.69406393,13,22,72.37921604,0.273560043,80.39,7,33311.17306,3,0.00300587,6374
33.74429224,15,4,67.27438469,0.274281284,75.55,6,18426.27714,3,0.004461879,6375
37.30593607,14,12,66.77301732,0.311785792,81.56,7,23467.08178,3,0.002494289,6376
63.69863014,6,0,73.15405652,0.260938334,82.57,3,31290.51153,1,0.15796768,6377
35.25114155,11,0,50.86599818,0.527076091,81.05,4,36885.69795,3,0.0670328,6378
43.33333333,9,24,68.00364631,0.385712946,79.54,7,28091.64011,1,0.00266818,6379
51.64383562,10,2,84.00182315,0.197108547,84.83,3,39781.30113,2,0.197531127,6380
40.86757991,9,0,74.74931632,0.334504868,79.25,4,27433.25587,3,0.04980889,6381
36.02739726,14,8,71.05742935,0.372369996,76.76,3,27240.68619,0,0.134106923,6382
59.40639269,11,12,74.47584321,0.466131266,76.48,2,23642.19958,1,0.319962378,6383
9.315068493,18,19,80.62898815,0.370927515,79.69,1,20348.90502,0,0.754724921,6384
25.25114155,14,3,41.52233364,0.735153985,79.09,1,57545.39686,1,1.977409305,6385
46.25570776,19,4,80.40109389,0.33702921,76.35,2,41494.3685,2,0.561343947,6386
45.47945205,11,35,51.04831358,0.509766318,78.43,7,38382.6155,1,0.003657956,6387
47.03196347,14,31,78.48678213,0.396170934,78.47,2,39506.69142,0,0.532383165,6388
44.79452055,8,8,62.26071103,0.330898666,78.47,4,22288.61637,3,0.040894288,6389
47.89954338,11,0,63.99270738,0.20143599,78.72,3,41385.36858,3,0.203121083,6390
25.57077626,18,7,55.28714676,0.64752326,82.2,4,43803.43611,1,0.080323425,6391
20.59360731,19,14,29.44393801,0.60641255,80.71,6,46104.70299,0,0.011328329,6392
39.6803653,10,6,54.37556974,0.192059863,86.98,4,26187.94838,4,0.047740544,6393
55.11415525,9,18,63.90154968,0.339914172,77.85,7,48569.55629,1,0.004492904,6394
41.73515982,16,3,72.4247949,0.240743599,89.51,2,27720.60393,1,0.378036721,6395
31.09589041,16,7,68.59617138,0.22884313,79.47,3,34016.78961,0,0.170265585,6396
40.77625571,13,6,65.90701914,0.337750451,77.28,3,33184.10788,1,0.166305015,6397
46.02739726,15,24,82.04193254,0.318276956,87.79,7,20238.63788,1,0.002033276,6398
44.33789954,15,5,59.89061076,0.338832312,80.39,2,25874.96575,2,0.350179582,6399
55.34246575,8,8,70.8295351,0.424299315,76.98,7,34199.89157,2,0.003273791,6400
30.3196347,12,6,74.93163172,0.20179661,77.75,7,36804.68065,1,0.003378299,6401
68.76712329,8,15,61.62260711,0.532124775,77.62,2,29071.49595,1,0.39659767,6402
46.84931507,7,10,45.39653601,0.745972593,76.48,7,35644.98827,2,0.003219267,6403
46.11872146,8,15,56.4721969,0.392925352,77,4,38524.22718,1,0.070322073,6404
40.86757991,9,4,72.01458523,0.516978723,78.56,6,37292.12903,1,0.008406733,6405
19.6803653,16,0,66.59070191,0.380303642,81.64,4,40231.67954,1,0.074238386,6406
52.19178082,13,8,69.4165907,0.335586729,77.22,2,50046.07836,1,0.680017846,6407
56.84931507,5,4,69.4165907,0.463967544,78.46,4,30372.7583,2,0.055607104,6408
31.23287671,12,13,60.48313582,0.56602308,78.42,4,48746.72188,3,0.087961893,6409
36.62100457,11,7,68.50501367,0.319358817,80.96,5,27416.80617,2,0.017945824,6410
41.73515982,16,6,81.03919781,0.365157591,78.32,2,9023.6927,1,0.122686904,6411
44.47488584,8,3,47.31084777,0.444133429,83.01,2,40580.55024,1,0.550393966,6412
62.10045662,6,1,63.12670921,0.551958889,78.28,2,34473.79944,1,0.466552141,6413
27.85388128,13,3,61.21239745,0.416726289,75.94,1,31038.90179,0,1.150298992,6414
13.78995434,17,3,62.53418414,0.258413992,76.55,4,31180.60808,0,0.057775926,6415
51.00456621,10,2,49.08842297,0.418529391,81.93,3,34338.06173,1,0.171753656,6416
23.92694064,14,1,89.97265269,0.297000361,81.94,4,27179.05196,2,0.049995275,6417
48.26484018,10,7,86.82771194,0.199632889,83.55,6,32708.13914,4,0.00777769,6418
47.12328767,11,20,55.28714676,0.438002885,79.72,1,20241.62056,0,0.741000086,6419
68.12785388,8,1,53.23609845,0.457476379,83.58,2,20482.4787,1,0.273440189,6420
43.19634703,15,0,77.4840474,0.256971511,83.51,2,23048.79008,3,0.311425648,6421
40.3196347,13,9,58.84229717,0.531042914,82.64,2,36933.84468,2,0.503141111,6422
35.25114155,18,8,74.88605287,0.281133069,78.92,4,25262.93231,0,0.046284345,6423
52.23744292,9,2,72.56153145,0.430069239,78.13,2,9023.6927,2,0.122122401,6424
69.8630137,8,1,45.39653601,0.476589254,77.46,3,46418.38051,2,0.231845913,6425
12.96803653,17,14,68.00364631,0.419611251,78.95,4,29273.78101,3,0.052585036,6426