Safety_Score,Days_Since_Inspection,Total_Safety_Complaints,Control_Metric,Turbulence_In_gforces,Cabin_Temperature,Accident_Type_Code,Max_Elevation,Violations,Adverse_Weather_Metric,Accident_ID
27.94520548,13,0,83.81950775,0.28329679,82.49,4,35048.02659,1,0.064150199,6732
30.68493151,16,6,63.99270738,0.3226044,75.68,3,30380.73455,1,0.151493601,6733
58.99543379,14,25,61.53144941,0.427905517,81.71,7,45795.50296,0,0.003778639,6734
48.85844749,14,17,72.92616226,0.36371511,76.46,2,36906.1699,4,0.498635559,6735
55.34246575,8,10,66.31722881,0.287263613,79.08,6,39269.05393,2,0.01003545,6736
34.74885845,15,7,68.00364631,0.253004688,80.22,3,20061.5449,2,0.099322801,6737
44.74885845,12,3,73.29079307,0.271396322,80.92,3,26266.36796,1,0.131036028,6738
54.52054795,9,0,53.1905196,0.575759827,84.13,6,41870.02622,3,0.010153212,6739
57.07762557,12,5,56.15314494,0.405186441,86.42,2,27829.01831,2,0.378611274,6740
46.25570776,15,10,60.98450319,0.516978723,78.5,5,43319.38364,1,0.029283072,6741
24.65753425,14,11,39.83591613,0.557368193,84.94,4,21720.57383,5,0.039826025,6742
67.12328767,12,15,74.02005469,0.185208078,79.63,7,22336.4072,1,0.001685868,6743
27.39726027,17,2,78.8969918,0.367681933,77.36,3,15865.87217,3,0.078236346,6744
44.42922374,15,3,93.66453965,0.231006852,82.44,5,32529.7644,1,0.021791943,6745
33.24200913,12,7,75.43299909,0.3226044,76.27,1,32539.8451,1,1.19173458,6746
61.27853881,10,1,65.36007293,0.451345835,78.22,2,42036.96527,2,0.570660424,6747
65.43378995,9,7,49.58979034,0.52599423,79.92,7,47232.02109,2,0.004297175,6748
61.96347032,10,1,63.58249772,0.482359178,78.64,2,48285.89636,2,0.653014214,6749
42.05479452,19,8,45.89790337,0.411316985,76.12,6,4866.798542,0,0.002920434,6750
32.10045662,15,20,74.56700091,0.275723765,77.8,6,46794.80628,2,0.011291094,6751
30.1826484,12,10,66.1349134,0.344241616,77.62,6,27780.21019,2,0.00670008,6752
49.9086758,10,1,41.24886053,0.505078255,80.09,5,36061.43246,3,0.024540663,6753
61.32420091,10,1,57.65724704,0.399055896,79.56,2,30028.28408,1,0.40457706,6754
21.87214612,15,13,53.87420237,0.362633249,79.11,4,23487.7295,4,0.043469396,6755
56.43835616,12,4,46.08021878,0.589463397,78.82,3,22169.2086,2,0.110523042,6756
41.09589041,9,2,63.67365542,0.301688424,77.53,4,38976.34068,2,0.071485634,6757
32.37442922,12,21,55.01367366,0.467573747,79.79,1,40593.90886,4,1.50178635,6758
52.60273973,13,7,52.32452142,0.63418031,83.28,6,41837.53442,1,0.009503763,6759
34.01826484,15,0,68.00364631,0.362993869,80.98,4,40619.77897,3,0.074570854,6760
49.6803653,7,5,85.41476755,0.270314461,79.79,3,37135.4299,3,0.18510024,6761
53.65296804,9,10,66.31722881,0.413841327,76.96,3,26277.03513,3,0.131036028,6762
48.90410959,10,7,68.32269827,0.134,79.08,4,26636.76857,2,0.048913611,6763
50.54794521,13,20,94.21148587,0.304212766,78.55,7,22151.61486,3,0.00196337,6764
1.415525114,22,2,62.71649954,0.585496574,80.86,1,28064.35466,2,1.043719067,6765
17.57990868,16,1,62.12397448,0.491014064,78.72,1,24135.44337,4,0.887893342,6766
19.6803653,15,3,54.55788514,0.34965092,74.82,5,45857.96599,1,0.032150674,6767
36.84931507,14,3,55.05925251,0.585496574,81.38,2,44557.47775,4,0.603019887,6768
58.40182648,11,3,71.1030082,0.467573747,78.12,5,36617.72444,3,0.025344491,6769
46.57534247,11,2,60.16408387,0.340274793,79.77,6,35902.35475,3,0.009197041,6770
37.57990868,14,1,74.74931632,0.368403173,80.9,6,34176.12272,2,0.008690673,6771
18.35616438,19,7,59.98176846,0.286181753,77.02,3,28554.77737,0,0.141294026,6772
26.21004566,13,2,70.55606199,0.482359178,81.62,4,27296.49509,1,0.049995275,6773
23.47031963,14,0,78.07657247,0.397974035,82.06,3,26674.94339,2,0.132616662,6774
20.86757991,19,3,35.82497721,0.881926433,77.86,3,8400.18253,1,0.044715337,6775
58.12785388,11,7,64.81312671,0.52599423,77.61,2,29989.7502,3,0.406388633,6776
68.12785388,5,0,78.12215132,0.343880995,78.64,4,26248.79295,0,0.048409151,6777
36.75799087,10,6,66.31722881,0.547992066,82.81,4,32578.59435,2,0.059756087,6778
43.78995434,12,10,71.69553327,0.314310133,80.03,6,33980.66168,1,0.008598124,6779
46.16438356,11,10,66.2260711,0.440887847,78.85,6,27563.66577,1,0.006569039,6780
44.88584475,18,4,56.74567001,0.469376848,81.42,2,16099.47741,3,0.214957085,6781
70.50228311,7,44,64.90428441,0.588742157,79.49,5,33858.67946,1,0.022989915,6782
23.47031963,14,8,53.32725615,0.392204111,85.17,4,34446.97622,3,0.063340485,6783
46.34703196,15,2,45.80674567,0.657981248,78.99,3,11809.79506,2,0.059449586,6784
26.07305936,17,1,47.90337284,0.429708619,76.13,7,33350.46818,3,0.00309592,6785
40.73059361,13,0,48.22242479,0.516978723,77.67,6,22131.73628,3,0.005429829,6786
45.15981735,11,6,60.11850501,0.329095564,78.52,4,29545.42634,3,0.05264305,6787
39.9543379,16,0,74.33910665,0.239301118,77.47,2,30017.31061,1,0.40457706,6788
41.18721461,13,7,65.17775752,0.370927515,79.42,3,38658.56928,3,0.193178641,6789
38.67579909,13,14,73.15405652,0.334504868,81.37,3,12474.36,2,0.062723562,6790
6.575342466,19,6,75.7976299,0.375976199,79.69,4,24442.033,1,0.044304207,6791
43.37899543,12,10,55.05925251,0.381024883,86.13,3,28403.23611,2,0.142232506,6792
54.10958904,16,13,53.69188696,0.474786152,83.6,6,10299.82175,4,0.002792542,6793
45.25114155,15,18,66.86417502,0.192059863,83.03,1,34641.51186,1,1.275979044,6794
31.09589041,12,25,60.98450319,0.378861161,78.66,6,15252.22178,1,0.0035137,6795
44.47488584,15,0,86.78213309,0.286542373,78.91,4,25083.65791,2,0.0452208,6796
30.1369863,16,6,44.75843209,0.608215651,79.06,2,19136.0861,2,0.252547765,6797
8.538812785,19,3,54.14767548,0.598118283,77.82,4,24755.21837,1,0.045618295,6798
57.35159817,8,2,64.49407475,0.365518211,77.53,6,24664.52893,4,0.006375142,6799
48.17351598,14,1,97.99453054,0.217663902,78,2,13214.85189,2,0.176030905,6800
56.25570776,12,13,55.83409298,0.378139921,75.8,7,43425.61295,2,0.003957107,6801
57.35159817,8,19,71.55879672,0.388958529,79.54,3,44143.7353,1,0.221921191,6802
41.82648402,12,1,74.52142206,0.402301479,76.56,6,34274.99438,2,0.009103878,6803
41.91780822,12,1,56.19872379,0.413480707,79.64,7,42176.92229,2,0.003972531,6804
25.66210046,17,5,62.16955333,0.509405698,77.4,3,34979.64834,3,0.175089765,6805
24.70319635,18,3,80.62898815,0.303130905,78.05,6,49272.8265,0,0.012895052,6806
37.39726027,14,12,71.87784868,0.381024883,80.75,6,31993.45889,3,0.007816347,6807
70.50228311,7,4,64.4484959,0.497505229,88.78,1,10541.47198,1,0.387799082,6808
40.3196347,13,9,78.12215132,0.39112225,76.4,1,17590.82705,1,0.660172964,6809
47.53424658,17,19,44.34822242,0.621919221,76.04,7,24798.35408,2,0.002304928,6810
64.29223744,9,0,78.07657247,0.361190768,81.12,5,36104.85699,2,0.025344491,6811
20.54794521,15,2,55.69735643,0.311425171,76.3,5,24613.54889,2,0.016468912,6812
42.96803653,16,3,62.7620784,0.47190119,80.16,2,48111.33803,1,0.653478546,6813
60.54794521,14,0,74.56700091,0.306015867,83.15,7,25716.03912,1,0.002294141,6814
77.76255708,9,15,56.19872379,0.45891886,83.26,7,38745.5763,2,0.003716566,6815
29.26940639,13,1,75.34184139,0.337750451,86.57,5,40561.69267,2,0.027316802,6816
29.6347032,13,0,81.58614403,0.435478543,75.31,1,37864.75283,1,1.395491763,6817
44.38356164,15,5,82.04193254,0.158882798,79.3,1,45084.69164,2,1.710775853,6818
33.19634703,15,2,63.90154968,0.368403173,79.8,6,37550.39877,0,0.009525399,6819
37.80821918,17,0,77.16499544,0.33630797,78.59,1,22938.17793,0,0.853373916,6820
66.98630137,12,15,70.41932543,0.555925712,76.71,7,37882.52721,0,0.003578425,6821
42.05479452,16,1,64.49407475,0.246513523,78.43,2,27255.61956,1,0.36782847,6822
62.78538813,6,0,58.84229717,0.41816877,75.7,3,19689.99187,1,0.09765878,6823
36.16438356,11,2,79.35278031,0.199632889,80.43,4,25758.1198,3,0.046916575,6824
19.9086758,23,1,52.87146764,0.407350162,76.1,6,47964.94339,4,0.011408998,6825
62.69406393,6,2,73.15405652,0.352175261,84.62,2,25814.27752,4,0.348733923,6826
39.17808219,13,7,69.05195989,0.320080058,79.6,3,51422.20464,2,0.26103585,6827
55.75342466,5,1,59.02461258,0.32368626,78.46,1,20295.70212,1,0.744647606,6828
37.80821918,14,8,56.74567001,0.786362063,77.51,3,47156.93843,3,0.236464525,6829
62.32876712,13,0,64.85870556,0.284018031,87.65,7,27287.79299,1,0.002433078,6830
45.98173516,15,2,59.98176846,0.386794807,79.83,2,44295.2918,1,0.598789654,6831
72.46575342,10,2,59.52597995,0.416005049,79.69,7,33921.70262,1,0.003061486,6832
26.34703196,14,2,73.74658159,0.281493689,77.07,7,23888.07088,2,0.002366971,6833
58.85844749,7,3,45.39653601,0.478392355,77.74,2,22443.89357,4,0.302231914,6834
28.90410959,13,7,52.78030994,0.304573386,78.96,3,19484.24361,2,0.095587438,6835
38.63013699,13,14,45.44211486,0.543664623,78.61,1,45350.27024,2,1.675368473,6836
41.64383562,13,11,62.07839562,0.439445366,77.02,6,20637.7837,2,0.005269257,6837
65.66210046,12,0,86.59981768,0.272117562,82.4,5,36027.86127,0,0.025110149,6838
38.08219178,17,6,54.37556974,0.467213127,76.86,1,10587.35258,2,0.414537352,6839
52.19178082,13,3,85.27803099,0.29663974,79.12,5,28885.57324,3,0.020456608,6840
60.1369863,14,22,71.37648131,0.224876307,85.4,7,29143.75455,3,0.002703379,6841
58.44748858,11,5,81.54056518,0.29627912,77.56,2,21526.32425,1,0.293093095,6842
25.29680365,14,4,82.99908842,0.317916336,79.71,1,25111.1749,2,0.925208521,6843
30.1369863,13,14,55.46946217,0.43079048,87,4,18842.78867,2,0.034097724,6844
68.67579909,11,7,44.94074749,0.382467364,79.3,7,37495.85849,3,0.003433937,6845
40.59360731,13,1,75.47857794,0.333062387,75.95,3,18869.58762,4,0.095949251,6846
35.25114155,11,4,43.07201459,0.543304003,83,2,19136.0861,3,0.253283471,6847
30.3196347,16,0,86.9644485,0.328734944,78.46,6,24044.67151,4,0.006276541,6848
34.38356164,11,7,57.52051048,0.478392355,80.92,2,29699.21428,1,0.403086321,6849
28.90410959,13,8,63.30902461,0.303130905,76.04,4,33080.04314,1,0.059945972,6850
59.45205479,14,15,48.81494986,0.735153985,75.71,7,31377.43925,3,0.002798876,6851
46.16438356,11,10,66.2260711,0.413841327,80.23,6,28542.00418,3,0.007366924,6852
32.05479452,15,20,62.07839562,0.387876668,79.29,6,18816.72362,2,0.004332081,6853
54.84018265,5,28,64.99544211,0.248316625,75.84,4,25598.80454,4,0.047527435,6854
53.92694064,12,17,75.25068368,0.273199423,79.17,5,38379.98352,3,0.026949467,6855
31.09589041,15,2,62.71649954,0.330898666,86.96,3,38418.95355,2,0.19093699,6856
39.13242009,13,2,69.14311759,0.380303642,79.17,3,13468.0085,3,0.069397951,6857
21.46118721,15,3,72.01458523,0.240022358,75.01,1,49396.87641,2,1.818558216,6858
14.06392694,17,1,57.88514129,0.285821132,75.34,4,22535.73019,3,0.041271889,6859
22.60273973,15,8,92.11485871,0.211172737,83.48,4,29639.29746,2,0.055059953,6860
47.71689498,11,3,63.99270738,0.20143599,78.72,3,19643.59874,0,0.09765878,6861
46.57534247,7,0,56.88240656,0.47190119,76.95,4,40893.10241,0,0.075347018,6862
46.57534247,11,1,75.29626253,0.183044356,82.7,3,40532.78544,1,0.202363111,6863
25.98173516,14,12,63.90154968,0.334504868,76.22,4,21862.35138,2,0.039167902,6864
46.80365297,14,3,48.08568824,0.516618103,83.28,3,31908.04001,1,0.159540452,6865
61.41552511,14,3,56.15314494,0.438724125,74.82,4,52783.66999,3,0.09790633,6866
36.57534247,14,5,57.88514129,0.35037216,83.08,1,16391.20156,1,0.563737504,6867
60.2739726,7,19,56.33546035,0.397252795,80.47,5,28540.55316,1,0.019310035,6868
18.03652968,16,6,71.87784868,0.279690588,78.28,4,26538.32226,3,0.048092084,6869
28.67579909,13,0,71.87784868,0.419971872,80.34,1,28193.96225,2,1.046036393,6870
58.40182648,11,4,69.37101185,0.191338622,79.22,2,34315.53692,2,0.462514456,6871
49.5890411,10,15,51.04831358,0.540419041,83.6,4,38896.17291,3,0.071719022,6872
25.57077626,17,9,63.99270738,0.199632889,76.74,5,31610.95561,1,0.022471369,6873
40.63926941,13,8,80.94804011,0.306015867,78.96,4,45239.95248,2,0.083479828,6874
32.42009132,12,14,51.5952598,0.368042553,81.44,1,23086.07039,1,0.845845626,6875
30.73059361,19,2,67.8213309,0.258053372,79.28,4,34016.78961,1,0.061947518,6876
49.5890411,13,3,53.73746582,0.312867652,77.38,4,29734.44134,1,0.054639864,6877
4.794520548,20,5,77.84867821,0.342438514,80.06,4,23042.4621,2,0.042389134,6878
27.16894977,17,2,72.01458523,0.413480707,81.15,1,18856.48341,4,0.683703598,6879
17.26027397,16,11,79.03372835,0.394367833,76.65,1,36698.17102,2,1.346364085,6880
30.68493151,16,0,82.90793072,0.315752614,80.27,6,23126.29197,2,0.005477108,6881
50.50228311,6,1,70.46490428,0.249759106,82.11,4,36166.00391,3,0.066024887,6882
39.36073059,17,0,68.00364631,0.362993869,84.01,7,54279.88661,1,0.004804808,6883
42.51141553,16,7,37.2379216,0.577923549,77.9,2,24285.89193,2,0.330528597,6884
48.90410959,13,0,54.83135825,0.385352326,85.6,2,37251.6714,1,0.504117435,6885
36.25570776,11,1,70.00911577,0.36371511,81.11,1,39396.11662,1,1.443530955,6886
40.77625571,9,1,49.58979034,0.468655608,81.43,1,21022.74327,2,0.775459295,6887
44.33789954,15,6,70.00911577,0.547270826,76.11,2,28473.78615,2,0.385350791,6888
42.23744292,9,3,74.79489517,0.33702921,81.27,4,16209.2903,2,0.029923051,6889
40.86757991,13,2,55.92525068,0.550877028,81.72,4,45002.00793,3,0.081338958,6890
34.42922374,11,8,77.93983592,0.241104219,82.45,4,33358.8046,2,0.060719841,6891
69.45205479,8,2,58.34092981,0.383188604,79.1,2,30488.79694,0,0.411684928,6892
28.99543379,16,11,70.00911577,0.299885323,78.64,4,22297.57562,1,0.040926354,6893
40.63926941,9,6,54.05651778,0.380303642,77.25,4,29538.27364,2,0.053900361,6894
35.52511416,14,2,64.99544211,0.502193292,78.97,1,30513.4373,2,1.129263661,6895
57.48858447,11,11,62.8532361,0.328013704,79.26,2,12376.56137,1,0.168418282,6896
44.56621005,8,14,49.54421149,0.444133429,83.17,4,33892.77025,2,0.062500905,6897
39.17808219,10,1,69.14311759,0.262020195,83.63,2,33523.70234,2,0.454618024,6898
17.89954338,20,9,61.349134,0.570350523,77.86,4,29365.0115,1,0.05406471,6899
55.93607306,15,4,68.96080219,0.253725929,82.09,7,21703.2159,2,0.001701728,6900
22.96803653,15,8,67.77575205,0.375254959,82.34,1,38266.75565,2,1.412637009,6901
44.56621005,8,7,62.16955333,0.352535882,80.83,7,36008.68227,3,0.003086182,6902
46.89497717,11,0,80.40109389,0.223433826,78.33,4,43136.25353,3,0.078572719,6903
45.79908676,11,17,72.24247949,0.194944825,77.89,5,29143.75455,1,0.019462946,6904
44.47488584,15,0,79.21604376,0.358305806,79.54,1,28433.32995,2,1.050286812,6905
29.36073059,13,10,82.86235187,0.173307609,80.09,4,28994.83338,2,0.053282506,6906
54.52054795,8,1,60.61987238,0.430429859,75.61,3,45864.17804,3,0.22768113,6907
43.33333333,15,4,51.5041021,0.490292824,78.11,2,35845.56311,2,0.486765495,6908
65.43378995,12,12,67.00091158,0.293394158,77.27,2,44263.04351,3,0.599471586,6909
39.9543379,13,4,64.58523245,0.246513523,77.8,6,40686.38439,1,0.010108419,6910
45.29680365,15,1,71.05742935,0.281493689,78.02,2,20020.27019,1,0.266623439,6911
55.84474886,12,0,55.46946217,0.599560765,78.67,2,35070.33319,2,0.47376346,6912
34.33789954,11,8,73.65542388,0.40410458,78.2,4,43204.16899,1,0.078338733,6913
34.06392694,15,1,62.35186873,0.339192932,77.36,4,36420.9563,2,0.066496379,6914
51.23287671,10,6,74.2023701,0.207205914,79.47,3,35378.13292,2,0.175894785,6915
37.48858447,10,21,74.52142206,0.364436351,77.26,5,29921.1345,1,0.020353891,6916
75.25114155,9,0,71.64995442,0.300245943,88.57,1,20970.59354,4,0.770245197,6917
36.07305936,18,1,72.4247949,0.287624234,77.96,1,25722.52802,2,0.936484556,6918
19.9543379,15,13,92.98085688,0.238940498,79.58,4,17933.05028,4,0.032005752,6919
40.73059361,9,1,75.7064722,0.325849982,79.51,4,36315.72701,4,0.065952202,6920
70.4109589,11,14,40.15496809,0.261659574,81.84,7,19333.5256,4,0.001654836,6921
38.76712329,17,2,68.00364631,0.253004688,83.6,7,33951.33867,3,0.003118626,6922
37.16894977,14,7,62.12397448,0.421774973,78.09,4,30858.54314,3,0.056666427,6923
72.55707763,10,1,69.82680036,0.263823296,79.93,7,26338.72732,2,0.002437274,6924
28.67579909,20,0,56.83682771,0.378139921,84.82,1,26365.38632,1,0.971098833,6925
47.35159817,14,8,45.89790337,0.623001082,85.1,3,45760.75609,2,0.227253122,6926
53.92694064,12,23,50.86599818,0.500390191,77.91,2,31318.38611,1,0.423631716,6927
25.61643836,14,7,56.15314494,0.523469888,84.45,3,38780.39094,3,0.193090444,6928
37.48858447,14,0,73.15405652,0.277887486,78.11,3,29660.96349,1,0.147855294,6929
29.8630137,12,6,74.93163172,0.265626397,77,1,33036.65233,2,1.213858457,6930
42.28310502,16,28,65.13217867,0.248316625,83.03,2,23749.03605,3,0.318991758,6931
37.48858447,10,12,69.91795807,0.237858637,79.16,4,26338.72732,2,0.048000031,6932
34.74885845,14,5,78.80583409,0.302770285,84.48,6,51862.79613,2,0.012601336,6933
32.23744292,15,4,76.02552416,0.316473855,78.95,6,40538.78082,2,0.010012707,6934
18.94977169,19,0,64.3573382,0.256610891,84.43,6,26247.7093,1,0.006459519,6935
46.34703196,15,0,67.86690975,0.395810314,76.95,2,32848.29328,3,0.442314977,6936
42.96803653,9,24,80.08204193,0.40374396,76.21,7,25796.94853,2,0.002489056,6937
31.14155251,15,0,84.86782133,0.203960332,76.41,4,35535.20052,0,0.065163674,6938
20.2283105,15,3,66.90975387,0.416365669,80.85,4,24651.96663,2,0.046132904,6939
45.20547945,15,8,67.09206928,0.385352326,80.42,5,40406.30633,1,0.027958096,6940
31.14155251,16,5,68.59617138,0.22884313,81.34,1,40821.19588,1,1.503987543,6941
70,11,7,64.99544211,0.52599423,78.67,2,25033.36689,2,0.338607931,6942
42.46575342,16,2,63.90154968,0.378139921,77.17,2,46974.3904,2,0.637636245,6943
34.42922374,11,9,89.42570647,0.200354129,79.16,2,21123.66151,3,0.287088419,6944
11.82648402,18,5,89.88149499,0.481637937,81.97,1,26991.83804,2,1.007250968,6945
29.40639269,13,5,70.9206928,0.43079048,77.09,1,33393.59309,2,1.229645331,6946
23.92694064,14,1,71.05742935,0.482359178,81.72,4,29830.01929,2,0.054369686,6947
58.40182648,11,4,71.74111212,0.354699603,78.03,2,25723.82936,3,0.348853856,6948
48.99543379,14,6,70.87511395,0.467573747,77.2,6,38151.50602,1,0.010337571,6949
50.2739726,17,7,54.7857794,0.30962207,79.31,2,30190.76531,2,0.407910453,6950
46.02739726,8,8,68.50501367,0.41744753,81.44,4,29261.07244,1,0.053177242,6951
58.67579909,11,5,68.14038286,0.212975838,80.63,2,26755.00794,3,0.362925272,6952
46.21004566,15,15,83.81950775,0.263823296,78.92,2,25487.60502,3,0.34702939,6953
24.06392694,22,4,73.01731996,0.265987018,76.63,7,29660.96349,4,0.002795276,6954
65.75342466,9,0,75.7064722,0.224876307,79.2,2,19550.42361,0,0.254538381,6955
29.22374429,16,7,54.46672744,0.410235124,85.17,3,35285.26904,2,0.176294828,6956
53.74429224,16,2,74.79489517,0.325489362,83.07,7,48535.65619,0,0.004764548,6957
41.78082192,9,3,58.52324521,0.304573386,80.64,4,27518.72352,2,0.049709403,6958
32.87671233,18,3,54.37556974,0.527797331,79.1,4,29487.0992,2,0.052387497,6959
46.16438356,11,7,72.10574294,0.351454021,77.86,5,35974.82174,3,0.024598468,6960
54.79452055,12,5,39.88149499,0.676733502,79.89,6,37292.12903,1,0.009103878,6961
73.10502283,10,1,84.54876937,0.298442842,78.64,7,33601.5719,2,0.003329428,6962
76.39269406,10,1,55.92525068,0.456394519,85.02,7,50713.17016,2,0.004492904,6963
32.55707763,12,7,64.26618049,0.324046881,79.15,6,28783.69929,2,0.007516405,6964
32.69406393,12,3,54.6946217,0.40410458,77.9,5,33249.38107,1,0.021794667,6965
31.09589041,12,25,73.19963537,0.325489362,77.26,4,39140.61137,0,0.07180187,6966
30.63926941,13,3,56.28988149,0.466491886,79.05,4,43852.84535,4,0.080751171,6967
30.50228311,12,1,56.88240656,0.555204472,78.63,3,38800.96731,2,0.192477284,6968
50.3196347,13,5,70.28258888,0.546188965,97.51,7,31300.06572,1,0.002776185,6969
39.17808219,13,3,79.21604376,0.29663974,83.21,3,26346.50481,3,0.131363387,6970
41.68949772,13,6,67.36554239,0.372369996,82.33,4,29628.16841,3,0.055088709,6971
73.28767123,10,6,60.57429353,0.220548864,81.26,5,33111.57337,2,0.021647601,6972
73.10502283,9,4,45.39653601,0.637425893,78.37,7,30305.51648,2,0.002659088,6973
50.54794521,13,0,70.41932543,0.29627912,81.14,5,40360.21541,3,0.027207138,6974
44.52054795,15,0,75.84320875,0.338832312,78.91,2,25688.5205,2,0.347298541,6975
32.73972603,12,7,74.2935278,0.232809953,76.99,1,29123.25838,2,1.088962805,6976
28.08219178,13,8,66.54512306,0.305294627,78.11,4,40524.89511,3,0.074342295,6977
25.29680365,14,17,37.51139471,0.594512081,85.58,4,33020.68268,3,0.059945972,6978
68.03652968,8,0,76.48131267,0.321522539,80.67,5,26328.77174,1,0.016972183,6979
48.44748858,14,6,72.01458523,0.351093401,79.22,2,42622.37152,2,0.579229482,6980
65.84474886,9,18,70.14585232,0.301327804,88.4,2,36389.91282,4,0.488446052,6981
19.17808219,16,4,73.24521422,0.238940498,79.8,3,22172.72266,2,0.11037399,6982
59.04109589,14,2,70.64721969,0.432954201,77.32,5,36343.41649,2,0.025353861,6983
39.9086758,13,3,69.59890611,0.312146412,78.55,3,16902.3487,2,0.084033025,6984
40.82191781,13,0,51.82315406,0.491014064,78.22,4,34711.47462,2,0.063446375,6985
81.46118721,8,0,68.73290793,0.199632889,81.62,7,21703.2159,3,0.001701728,6986
70.54794521,11,1,57.15587967,0.49858709,78.31,7,46975.27577,2,0.003992844,6987
38.63013699,17,2,63.71923428,0.320801298,78.78,2,38615.12656,1,0.523220781,6988
33.92694064,11,7,52.05104831,0.422496213,81.89,4,31317.09211,3,0.058145989,6989
13.78995434,17,5,65.72470374,0.193502344,77.36,7,27607.90091,2,0.002477745,6990
27.48858447,20,17,66.59070191,0.380303642,77.3,4,37616.41493,2,0.068896867,6991
34.47488584,11,8,77.93983592,0.245792283,79.85,4,33492.60989,2,0.060964781,6992
21.36986301,15,5,71.0118505,0.35001154,77.19,2,29821.78236,3,0.403593936,6993
33.28767123,15,10,64.26618049,0.462525063,75.55,3,43075.3747,2,0.215610803,6994
78.58447489,9,14,56.70009116,0.502914533,78.33,6,21995.4182,3,0.005452119,6995
47.89954338,7,18,69.37101185,0.440887847,77.27,3,58297.48027,2,0.264749961,6996
40.54794521,16,11,53.69188696,0.548713307,82.71,2,39434.25611,4,0.532383165,6997
54.74885845,9,15,71.64995442,0.324046881,79.58,6,29978.38207,1,0.007525956,6998
45.98173516,15,3,71.19416591,0.243267941,80.33,2,34832.02015,4,0.471153593,6999
55.52511416,12,2,70.87511395,0.467573747,77.94,5,29552.58818,2,0.019720596,7000
17.26027397,16,14,76.75478578,0.284378651,76.78,4,32791.84219,1,0.059625833,7001
63.83561644,13,3,57.52051048,0.447379012,77.02,4,27034.8777,3,0.049194325,7002
25.57077626,14,10,73.06289881,0.275002524,77.53,4,31335.47682,1,0.057863231,7003
28.40182648,13,14,51.5952598,0.785640822,82.27,1,48583.54863,2,1.799131254,7004
46.48401826,15,3,71.19416591,0.386073567,79.45,2,41118.89527,1,0.555593899,7005
33.74429224,15,0,80.35551504,0.28329679,77.49,6,32761.0173,3,0.007811181,7006
40.0913242,13,16,59.07019143,0.447018392,82.82,6,47132.95711,2,0.011775811,7007
19.04109589,16,1,73.01731996,0.204320952,83.17,4,35121.55445,3,0.063852543,7008
30.77625571,20,0,56.83682771,0.378139921,79.57,6,26238.33762,2,0.006459519,7009
38.44748858,17,9,59.98176846,0.283657411,79.23,2,36657.84557,2,0.488383083,7010
38.76712329,14,5,71.92342753,0.183044356,76.11,3,40239.88026,2,0.200404041,7011
19.17808219,16,15,76.52689152,0.284378651,84.53,2,20313.47617,2,0.273757874,7012
66.80365297,9,2,72.74384686,0.180520014,76.64,5,47141.22631,2,0.031131125,7013
58.49315068,4,5,74.43026436,0.330898666,76.11,5,32357.71931,3,0.022389162,7014
37.53424658,20,1,68.09480401,0.527797331,78.09,7,36310.45769,3,0.003075499,7015
62.51141553,13,29,78.03099362,0.271035701,80.09,3,45294.83047,2,0.222453977,7016
57.12328767,11,10,81.40382862,0.234252434,82.26,2,26993.95763,2,0.365529248,7017
18.12785388,16,7,62.07839562,0.494980887,77.42,4,19618.54857,2,0.035320494,7018
39.7260274,17,3,59.29808569,0.53897656,77.85,5,34587.88621,2,0.022989915,7019
38.44748858,17,0,52.32452142,0.433314821,76.9,2,27549.67974,2,0.37362346,7020
37.39726027,14,10,70.8295351,0.276805626,76.76,3,31335.47682,1,0.15796768,7021
41.14155251,12,3,73.29079307,0.308900829,78.78,6,40538.78082,4,0.009860799,7022
59.7716895,10,17,79.1704649,0.361190768,80.42,2,33976.45531,2,0.458859034,7023
44.33789954,15,5,88.46855059,0.22920375,79.93,6,38116.55169,1,0.010244545,7024
55.89041096,12,5,73.92889699,0.232809953,75.69,5,21532.34639,3,0.014216882,7025
32.14611872,12,14,85.59708295,0.312146412,80.07,3,29715.3911,2,0.147855294,7026
18.31050228,16,7,60.57429353,0.395089073,77.53,1,46755.51645,3,1.748519461,7027
53.88127854,12,1,68.14038286,0.215860801,86.18,7,24953.13826,1,0.002433605,7028
42.87671233,12,3,68.91522334,0.325849982,81.23,3,34172.77639,1,0.170899114,7029
48.26484018,10,3,47.26526892,0.416005049,83.22,6,42615.83892,3,0.010799847,7030
50.73059361,13,0,54.83135825,0.462525063,78.47,2,33905.3514,2,0.458227397,7031
23.37899543,15,4,63.90154968,0.401580238,81.01,4,28465.35424,2,0.052308589,7032
40.63926941,13,8,75.47857794,0.392925352,77.11,7,35683.71709,2,0.003297076,7033
46.16438356,15,17,83.81950775,0.289427335,87.79,2,44941.58098,3,0.606591695,7034
52.37442922,6,2,50.68368277,0.596675802,78.76,4,29518.61292,3,0.053341108,7035
47.89954338,14,21,49.13400182,0.804753696,77.12,1,36597.97026,0,1.359743565,7036