Safety_Score,Days_Since_Inspection,Total_Safety_Complaints,Control_Metric,Turbulence_In_gforces,Cabin_Temperature,Accident_Type_Code,Max_Elevation,Violations,Adverse_Weather_Metric,Accident_ID
44.84018265,8,6,88.24065634,0.185568698,79.76,1,48905.45794,4,1.787288872,7037
59.26940639,14,5,57.52051048,0.351093401,85.61,7,32475.3942,1,0.00309592,7038
20.59360731,23,6,65.49680948,0.194944825,78.84,4,28976.83875,2,0.0536168,7039
63.65296804,10,13,49.27073838,0.687191489,77.44,2,42231.82324,0,0.569552534,7040
41.91780822,12,0,52.14220602,0.522748648,78.91,2,22671.81721,1,0.304127715,7041
25.25114155,18,17,52.96262534,0.509045078,80.67,6,47124.24111,2,0.011494352,7042
24.61187215,14,16,68.41385597,0.417086909,77.83,4,36305.793,2,0.065909045,7043
37.07762557,14,14,84.86782133,0.312146412,81.48,1,20210.96474,2,0.742435605,7044
43.78995434,8,1,60.61987238,0.48524414,78.32,4,35828.53682,1,0.064820393,7045
41.64383562,19,12,58.65998177,0.462164443,76.63,1,27179.87288,4,1.000881409,7046
60.1369863,7,20,61.03008204,0.353617743,84.03,1,34780.48185,2,1.280567924,7047
32.14611872,12,6,88.46855059,0.245071042,79.31,3,33367.41207,3,0.164857539,7048
30.91324201,16,0,84.86782133,0.333062387,83.5,3,47530.90621,4,0.237190415,7049
63.33333333,6,7,45.48769371,0.520945546,76.37,3,29313.43283,3,0.144959688,7050
42.96803653,9,6,86.64539654,0.231367472,79.36,1,34371.5426,3,1.26281554,7051
40.2283105,13,12,67.36554239,0.374894338,83.94,7,35683.71709,0,0.002949219,7052
40.54794521,13,7,79.03372835,0.249759106,79.99,6,55177.52584,1,0.01504029,7053
51.23287671,10,6,69.78122151,0.351093401,79.75,4,29545.42634,0,0.053398411,7054
55.66210046,5,4,57.52051048,0.29627912,81.93,1,40114.36097,2,1.4843158,7055
34.06392694,15,3,72.5159526,0.319358817,78.82,6,44036.81466,2,0.010531104,7056
14.24657534,17,0,80.44667274,0.249398485,76.61,4,27464.48878,1,0.049790808,7057
47.57990868,11,1,77.4840474,0.372730617,76.09,6,37915.6428,4,0.009523106,7058
33.19634703,12,6,50.77484047,0.55340137,82.53,1,32227.71314,2,1.19173458,7059
46.43835616,15,7,69.91795807,0.438002885,77.89,2,18466.43025,1,0.251138573,7060
52.19178082,13,7,69.4165907,0.32368626,80.03,4,42416.27043,3,0.07754197,7061
24.70319635,18,4,61.03008204,0.407710783,80.46,3,36405.03304,3,0.182025378,7062
59.543379,14,1,65.13217867,0.304573386,78.7,7,47024.42561,1,0.003750067,7063
41.78082192,12,9,65.72470374,0.419250631,80.83,3,28320.7286,0,0.140626767,7064
67.67123288,12,1,78.62351869,0.326210602,79.68,7,28815.05953,1,0.002671148,7065
49.26940639,10,4,70.37374658,0.325849982,84.02,4,35862.16829,2,0.065012323,7066
32.83105023,15,7,72.33363719,0.413480707,79.8,4,37664.92132,0,0.067964505,7067
33.97260274,11,4,69.96353692,0.306376488,79.14,4,48242.60248,3,0.088535561,7068
43.01369863,12,4,67.04649043,0.414923188,81.46,3,32349.23736,1,0.160231708,7069
55.02283105,9,1,68.14038286,0.253365308,80.34,6,26340.29948,2,0.006920266,7070
26.02739726,14,0,83.54603464,0.28329679,79.71,4,38300.78253,1,0.070887327,7071
29.7716895,12,7,62.12397448,0.44449405,80.52,3,38081.23585,3,0.18906238,7072
64.29223744,9,0,60.66545123,0.387155427,83.84,2,33231.61691,2,0.452214632,7073
52.96803653,9,6,61.48587056,0.448100252,81.23,6,28985.72087,1,0.00706945,7074
31.64383562,12,1,73.33637192,0.433314821,82.21,1,28193.96225,2,1.045190491,7075
72.14611872,11,9,67.45670009,0.306376488,77.51,5,23467.08178,2,0.01512687,7076
22.92237443,14,7,53.50957156,0.47226181,84.45,4,22442.65908,2,0.040551605,7077
61.41552511,10,2,83.54603464,0.359748287,77.26,2,30684.67256,4,0.41673381,7078
52.10045662,6,7,76.20783956,0.276805626,80.83,4,9125.609626,3,0.020264181,7079
39.9086758,13,2,64.58523245,0.260938334,78.76,4,36375.38646,2,0.066451261,7080
26.30136986,13,13,62.89881495,0.406628922,80.39,3,32472.07366,0,0.162085007,7081
34.15525114,15,3,55.28714676,0.64752326,83.76,1,39289.21952,4,1.449302137,7082
72.55707763,3,44,55.60619872,0.5396978,83.28,3,38538.5523,3,0.192469683,7083
10.50228311,18,31,56.60893345,0.279690588,79.85,1,26302.93235,2,0.978578768,7084
65.75342466,12,7,62.7620784,0.47190119,78.67,5,35985.11936,4,0.024057487,7085
40.63926941,13,11,63.35460346,0.421053732,76.4,3,32310.92424,0,0.15976162,7086
46.43835616,11,0,55.65177758,0.44485467,77.93,1,40389.79847,3,1.493366451,7087
54.52054795,9,0,66.36280766,0.419611251,76.13,3,42123.01035,2,0.209340193,7088
45.43378995,15,14,68.59617138,0.340274793,80.7,5,52015.79442,2,0.035319452,7089
31.64383562,12,2,74.74931632,0.20179661,76.02,2,37164.64198,2,0.501428821,7090
45.29680365,11,4,62.71649954,0.425020555,83.45,3,27486.69474,3,0.136461854,7091
79.17808219,8,0,51.45852325,0.60641255,81.81,7,40528.32977,3,0.003403008,7092
33.24200913,15,0,78.48678213,0.376336819,81.63,3,43072.48174,2,0.215610803,7093
37.53424658,14,6,62.12397448,0.44449405,77.38,6,40226.17826,3,0.009890619,7094
35.43378995,11,14,73.42752963,0.395810314,79.28,6,33944.64314,3,0.008427571,7095
33.92694064,11,2,70.19143118,0.331619906,78.9,2,30842.46665,3,0.42055479,7096
44.42922374,15,2,79.21604376,0.31034331,78.91,2,35815.52754,2,0.485968994,7097
66.25570776,12,14,70.8295351,0.382467364,77.46,7,24423.57528,4,0.002172658,7098
50.0456621,17,0,69.73564266,0.33702921,78.34,2,51069.62087,1,0.691152161,7099
54.01826484,12,1,56.79124886,0.572514245,77.19,7,33372.81979,4,0.003201106,7100
31.32420091,15,2,45.89790337,0.560253155,80.12,1,32718.36774,2,1.211954306,7101
59.543379,7,28,56.33546035,0.560974396,80.98,6,29365.0115,1,0.007291694,7102
40.59360731,13,1,76.75478578,0.242907321,81.52,3,26632.01297,4,0.132638956,7103
50.50228311,10,2,73.06289881,0.254807789,83.37,3,31603.88168,3,0.155972033,7104
60.456621,7,33,51.00273473,0.76869167,77.44,5,40193.96412,3,0.026480979,7105
46.16438356,15,17,66.86417502,0.351093401,82.34,2,45992.77078,1,0.627669709,7106
42.19178082,12,4,74.52142206,0.587299675,78.71,3,42777.42594,1,0.211178176,7107
42.28310502,12,4,57.47493163,0.430069239,82.03,3,32656.99709,1,0.161857417,7108
14.47488584,17,3,43.07201459,0.456033898,77.67,2,24602.81872,3,0.330528597,7109
27.85388128,13,2,79.94530538,0.403022719,77.86,1,33951.85584,1,1.250078683,7110
47.89954338,14,19,75.61531449,0.392925352,78.89,2,41118.89527,1,0.553503806,7111
24.06392694,18,1,56.15314494,0.315752614,80.27,4,39723.33291,0,0.073235561,7112
56.62100457,8,9,80.4922516,0.305294627,81.73,3,35986.69183,2,0.179039159,7113
38.81278539,13,8,66.36280766,0.43079048,77.28,6,26972.50397,1,0.006768414,7114
60.456621,7,20,66.45396536,0.346765957,80.03,5,35167.71937,2,0.023706508,7115
53.56164384,9,0,74.2935278,0.264905157,81.62,6,21852.7136,5,0.00566656,7116
33.10502283,15,23,52.68915223,0.467573747,81.89,3,36172.41342,1,0.180345251,7117
60.1826484,14,13,64.4484959,0.341356653,76.52,7,31355.0756,2,0.002822779,7118
24.61187215,14,11,68.41385597,0.388237288,80.25,4,35460.26528,2,0.065163674,7119
65.43378995,12,2,49.04284412,0.543664623,78.46,7,24997.87526,3,0.002371588,7120
48.94977169,14,2,72.01458523,0.315752614,76.87,5,29454.47156,2,0.019927715,7121
80.456621,8,19,80.99361896,0.231006852,78.2,7,30806.38863,3,0.00270473,7122
17.30593607,16,1,37.51139471,0.680339704,79.6,1,34595.36334,1,1.274150561,7123
16.48401826,16,0,65.17775752,0.312507032,85.04,2,23279.07835,3,0.311631545,7124
26.57534247,17,14,70.69279854,0.330177425,77.62,6,29579.78794,1,0.007366924,7125
36.43835616,14,10,71.42206016,0.35001154,80.75,3,47147.82972,2,0.23368441,7126
19.6803653,15,44,54.7857794,0.5130119,81.89,4,47102.06174,0,0.086740473,7127
51.05022831,13,3,43.07201459,0.72902344,84.96,6,38055.69038,1,0.009398348,7128
22.64840183,15,5,37.73928897,0.542582762,80.78,1,37034.40564,2,1.350050265,7129
30.59360731,12,4,86.50865998,0.262380815,79.83,3,42885.39068,0,0.217596029,7130
60.1369863,10,0,63.67365542,0.494620267,79.6,2,11806.55067,2,0.146846222,7131
54.10958904,12,0,68.96080219,0.198911648,83.07,2,26062.36733,3,0.352325724,7132
27.12328767,13,2,79.94530538,0.268150739,75.68,7,35245.20339,1,0.003101218,7133
65.29680365,13,1,63.26344576,0.321161918,78.5,7,33393.25319,1,0.003118626,7134
33.83561644,15,2,67.68459435,0.294115398,81.87,3,43568.48792,3,0.21476276,7135
56.21004566,15,0,74.56700091,0.344241616,81.14,7,55638.9033,2,0.004949685,7136
65.43378995,12,1,72.5159526,0.334865489,83.21,6,32779.54277,3,0.007739787,7137
58.49315068,4,4,71.19416591,0.403022719,82.07,3,35044.20884,3,0.175089765,7138
18.94977169,16,2,89.51686418,0.259856473,78.23,2,16355.89056,1,0.209716721,7139
18.31050228,16,9,62.53418414,0.392925352,78,6,40951.91633,3,0.010052366,7140
63.83561644,13,0,45.62443026,0.508684457,86.3,7,37386.79127,2,0.003453591,7141
70.54794521,7,1,64.4484959,0.252644068,78.17,5,33111.57337,2,0.021794667,7142
43.37899543,15,6,60.52871468,0.361190768,77,2,38079.84275,1,0.51535463,7143
43.10502283,15,2,62.7620784,0.468294987,77.78,2,48111.33803,1,0.651116156,7144
40.63926941,9,5,75.7064722,0.397613415,79.51,6,27093.09727,1,0.006512845,7145
22.83105023,15,7,68.77848678,0.411677605,77.19,4,29722.83991,3,0.054445065,7146
18.94977169,16,7,70.51048314,0.253725929,79.49,1,39850.21403,2,1.462002426,7147
50.73059361,13,0,74.52142206,0.339192932,83.6,5,47530.90621,3,0.031980135,7148
27.16894977,13,0,65.58796718,0.587299675,79.08,4,24600.5651,3,0.045305004,7149
33.28767123,15,0,68.00364631,0.240022358,78.8,3,33405.15256,2,0.165002364,7150
98.40182648,6,11,47.17411121,0.5396978,86.47,7,47232.02109,2,0.004135454,7151
4.657534247,20,1,57.52051048,0.345684097,78.92,1,13761.72025,2,0.513028955,7152
61.05022831,10,15,73.47310848,0.473704291,79.53,2,41708.64183,1,0.567201133,7153
40.3652968,20,8,45.89790337,0.411316985,76.52,6,50314.72046,3,0.01298163,7154
96.57534247,2,3,78.07657247,0.414201947,79.83,6,16209.2903,3,0.003418416,7155
57.53424658,11,3,41.56791249,0.516978723,82.85,2,22443.89357,4,0.303007317,7156
41.73515982,16,6,76.48131267,0.253725929,83.41,2,42329.01793,2,0.569213826,7157
4.931506849,20,4,74.15679125,0.270314461,82.02,6,23270.13309,1,0.005342839,7158
34.84018265,11,0,81.72288058,0.325849982,78.52,4,44040.99295,2,0.080470584,7159
49.5890411,14,2,92.88969918,0.134,79.98,2,22558.35973,1,0.304127715,7160
37.26027397,14,8,61.39471285,0.298803462,78.7,5,41712.90892,4,0.028105937,7161
46.66666667,15,9,60.98450319,0.503996394,81.86,2,45992.77078,2,0.623420577,7162
32.92237443,15,2,60.16408387,0.318276956,80.55,6,40233.90928,2,0.009523106,7163
37.07762557,11,4,53.73746582,0.345684097,78.7,3,25279.72404,1,0.125860335,7164
49.5890411,10,12,62.9443938,0.295197259,78.54,3,20692.524,1,0.103524312,7165
83.65296804,7,21,73.38195077,0.436199784,80.03,7,43564.09444,1,0.004244527,7166
20.2283105,15,3,29.44393801,0.771576632,79.46,4,32429.45872,3,0.058953543,7167
35.75342466,18,14,60.02734731,0.308540209,78.67,5,37917.17971,1,0.026849836,7168
50.0913242,13,3,73.47310848,0.288706094,84.4,7,14087.13134,1,0.000367501,7169
55.34246575,8,21,73.60984503,0.34965092,77.85,3,34199.89157,3,0.171753656,7170
59.45205479,14,8,52.41567912,0.405186441,79.39,7,40757.09378,3,0.00354473,7171
28.21917808,20,11,71.0118505,0.293394158,77.33,3,32269.06835,1,0.160110192,7172
45.20547945,15,0,81.81403829,0.317916336,83.34,7,20238.63788,1,0.001829376,7173
68.67579909,11,15,69.00638104,0.331980527,79.97,7,29171.21137,4,0.002901544,7174
29.45205479,13,10,53.78304467,0.416365669,82.92,1,29989.02658,2,1.103234634,7175
61.46118721,13,11,79.30720146,0.254086549,81.27,7,25486.82546,3,0.002281694,7176
27.57990868,13,30,75.25068368,0.300606563,85.3,4,29518.33153,2,0.054106566,7177
26.57534247,17,14,64.31175934,0.44521529,79.59,6,29952.07602,2,0.007139188,7178
45.47945205,15,3,44.16590702,0.571071763,79.14,3,18915.50902,2,0.097059186,7179
50.50228311,10,4,67.68459435,0.507602596,89.29,6,26335.2238,2,0.006995705,7180
58.21917808,8,7,80.7657247,0.413120087,81.73,3,30641.64772,3,0.152703287,7181
13.78995434,17,1,57.88514129,0.345684097,77.18,4,34108.49509,3,0.062398476,7182
26.48401826,13,5,78.76025524,0.397613415,76.35,1,33393.59309,2,1.229645331,7183
49.5890411,7,8,70.00911577,0.251562207,83.19,4,26338.72732,4,0.048409151,7184
41.91780822,12,0,59.70829535,0.524191129,83.03,6,36837.966,3,0.009163566,7185
46.34703196,7,1,75.7064722,0.368763794,77.33,4,43619.81531,3,0.080663892,7186
63.19634703,13,19,71.83226983,0.179438154,79.38,2,26471.40049,2,0.357126172,7187
15.75342466,20,4,82.13309025,0.436199784,79.74,3,40230.35284,3,0.201830705,7188
55.02283105,15,3,66.72743847,0.340274793,79.89,7,26687.72132,3,0.002414052,7189
44.42922374,15,5,68.77848678,0.273199423,76.98,5,13938.95103,2,0.010692073,7190
80.59360731,8,4,62.53418414,0.284739272,78.7,2,15928.15204,3,0.219247712,7191
51.05022831,10,4,40.10938924,0.584775334,77.9,6,32860.90576,2,0.00812808,7192
89.08675799,3,2,81.35824977,0.303130905,75.96,6,19199.25023,3,0.004776066,7193
33.88127854,11,6,66.86417502,0.450263974,78.49,5,31236.0296,3,0.021002845,7194
46.57534247,11,1,53.60072926,0.476589254,79.53,3,23944.3761,2,0.11971137,7195
17.35159817,16,2,68.86964448,0.25588965,85.77,3,31224.52824,1,0.155336912,7196
43.51598174,12,1,43.84685506,0.456033898,77.46,6,34711.47462,3,0.009103878,7197
42.37442922,12,4,78.39562443,0.313228273,78.78,3,53176.45114,3,0.283294536,7198
55.38812785,9,2,75.47857794,0.292312297,81.04,5,33067.62441,2,0.021344099,7199
55.34246575,8,7,41.20328168,0.692240173,75.63,4,24520.05996,2,0.044566011,7200
8.538812785,19,15,69.73564266,0.222712586,79.07,6,36566.39648,3,0.008633995,7201
70.3652968,11,3,40.15496809,0.529600433,79.58,7,29518.61292,2,0.002716604,7202
50.3196347,14,10,0,0.777707176,80.78,5,36354.48843,2,0.024540663,7203
57.44292237,12,7,81.40382862,0.365157591,81.36,1,43754.17868,3,1.624445559,7204
60.54794521,14,0,61.53144941,0.342799135,83.15,7,22475.12587,2,0.001654836,7205
59.6347032,14,7,38.96991796,0.635622791,75.71,7,25814.84687,0,0.002461424,7206
35.47945205,11,6,67.54785779,0.251922827,82.66,5,44568.66176,3,0.029708181,7207
44.06392694,9,0,52.87146764,0.381385503,78.47,4,49219.06178,2,0.091507463,7208
41.91780822,13,2,56.4721969,0.466491886,78.49,7,33289.17764,2,0.003327749,7209
38.26484018,10,4,69.00638104,0.245431662,81.53,1,21703.2159,2,0.790553606,7210
35.29680365,14,1,61.62260711,0.317195096,78.09,2,39744.98674,0,0.537374916,7211
36.30136986,14,5,71.92342753,0.314310133,79.09,3,36866.60223,3,0.182899219,7212
60.59360731,14,3,39.88149499,0.406628922,74.82,7,52783.66999,4,0.004383559,7213
32.46575342,15,2,54.8769371,0.442330328,75.04,7,24707.19699,3,0.002400873,7214
46.84931507,18,0,57.74840474,0.428987378,81.06,7,28203.48913,2,0.002884408,7215
57.48858447,8,3,89.24339107,0.242907321,79.37,6,32254.07207,2,0.008024948,7216
27.39726027,17,2,70.19143118,0.370927515,84.8,1,28434.21719,2,1.032429911,7217
41.78082192,9,2,75.93436645,0.334504868,79.08,4,23744.06931,2,0.043584757,7218
41.68949772,13,2,69.5077484,0.317195096,81.46,5,34207.94438,3,0.023244491,7219
55.15981735,12,4,40.29170465,0.571071763,78.7,5,27755.4735,1,0.018515923,7220
55.66210046,5,0,59.07019143,0.324768121,80.71,4,22475.12587,3,0.041271889,7221
44.52054795,8,0,66.86417502,0.272117562,79.36,7,42848.62495,2,0.004004563,7222
8.493150685,19,9,80.44667274,0.378500541,86.02,4,36011.63454,4,0.065956258,7223
38.58447489,13,6,70.87511395,0.281493689,81.11,6,36866.60223,3,0.008265888,7224
73.51598174,10,1,65.90701914,0.338471691,75.27,7,18869.58762,1,0.002037902,7225
64.84018265,9,7,48.76937101,0.638147133,82.03,2,40580.55024,1,0.552348029,7226
24.84018265,18,5,56.74567001,0.555204472,77.93,1,35966.24702,2,1.325258967,7227
62.19178082,6,1,63.12670921,0.551958889,81.79,3,44882.61511,3,0.224640366,7228
48.49315068,14,8,59.29808569,0.375976199,80.74,5,32346.1543,1,0.022192923,7229
42.96803653,9,24,99.95442115,0.370927515,79.22,4,36313.35054,1,0.065732886,7230
57.67123288,11,11,77.07383774,0.189535521,77.91,7,33256.46682,0,0.003332008,7231
65.43378995,9,20,54.83135825,0.427905517,78.93,4,29542.29355,1,0.053716373,7232
47.76255708,14,1,70.14585232,0.501472052,81.82,7,41870.02622,3,0.003784553,7233
68.49315068,11,1,64.26618049,0.320801298,85.71,6,48197.22075,3,0.011644007,7234
20.1826484,19,3,35.82497721,0.611100613,88.01,2,47505.46229,2,0.641130507,7235
58.31050228,11,8,49.58979034,0.522748648,80.41,5,44516.62973,1,0.029960465,7236
30.3196347,16,14,68.82406563,0.273920664,79.21,5,51678.28465,2,0.03627154,7237
38.44748858,17,22,52.41567912,0.247956004,79.39,3,15261.99326,1,0.075315564,7238
48.31050228,11,2,55.51504102,0.585496574,78.67,3,29541.18411,1,0.146630035,7239
51.96347032,13,13,67.27438469,0.1606859,76.89,5,26069.49687,0,0.016908445,7240
37.53424658,11,1,50.68368277,0.522388027,80.45,7,47541.00507,3,0.004347284,7241
27.39726027,20,2,73.65542388,0.40410458,81.15,2,25768.14521,2,0.348220671,7242
28.76712329,13,12,63.76481313,0.383188604,78.7,4,37949.72439,3,0.069819399,7243
42.28310502,8,0,34.86782133,0.619394879,78.08,3,37308.58659,3,0.186318355,7244
38.85844749,13,22,67.77575205,0.344602236,87.51,1,18897.27746,2,0.690155081,7245
82.23744292,7,10,50.31905196,0.354699603,87.08,7,36458.58021,3,0.003201106,7246
48.35616438,14,8,80.44667274,0.303130905,82.53,1,37038.54145,1,1.351274876,7247
39.5890411,17,11,69.4165907,0.440887847,76.92,4,26972.50397,0,0.049194325,7248
31.59817352,12,0,82.90793072,0.180520014,78.93,3,18807.98376,1,0.097059186,7249
49.9086758,13,5,55.97082954,0.36335449,79.94,2,45878.87959,2,0.622444466,7250
49.49771689,10,5,68.77848678,0.343159755,82.37,6,34501.86148,1,0.008406733,7251
15.75342466,20,28,68.86964448,0.267429499,76.75,3,20059.38471,3,0.09765878,7252
29.36073059,13,5,75.34184139,0.271035701,85.13,4,27603.78468,2,0.050710543,7253
25.89041096,14,2,62.26071103,0.314670754,78.09,4,31541.91533,3,0.05719701,7254
32.55707763,12,0,41.43117593,0.63345907,80.82,4,32448.26264,1,0.058588425,7255
58.03652968,11,6,82.1786691,0.351093401,79.12,5,20761.98442,3,0.014719042,7256
31.32420091,16,4,61.75934366,0.548352687,83.52,1,39289.21952,1,1.432605349,7257
63.78995434,13,0,72.97174111,0.365157591,81.12,2,35354.64915,0,0.478306032,7258
47.89954338,14,8,64.12944394,0.453870177,81.75,2,32713.7867,1,0.442732959,7259
45.57077626,18,7,64.22060164,0.40374396,78.89,7,33520.75002,3,0.003264625,7260
31.14155251,12,3,56.4721969,0.463606924,84.27,1,29536.64283,1,1.086592366,7261
44.33789954,8,2,57.61166819,0.619394879,87.34,4,36297.4081,2,0.066752274,7262
36.62100457,11,11,65.40565178,0.329456185,82.41,2,15542.64367,4,0.210056404,7263
40.3196347,13,13,61.66818596,0.490292824,78.22,3,50314.72046,2,0.25150993,7264
60.1826484,14,8,54.83135825,0.409153264,75.71,7,28559.65914,3,0.002668264,7265
34.61187215,14,6,65.86144029,0.362272629,77.04,7,32624.82262,2,0.003332008,7266
44.20091324,19,4,66.68185962,0.340274793,77.27,2,52865.2951,2,0.703340359,7267
62.55707763,10,7,40.51959891,0.745972593,77.93,1,37945.78025,2,1.389295497,7268
82.78538813,7,6,79.94530538,0.308900829,78.44,5,29881.47307,2,0.020353891,7269
50.2283105,13,5,73.47310848,0.288706094,81.58,3,43655.12526,1,0.21476276,7270
24.24657534,18,3,80.99361896,0.306015867,81.7,6,29272.47245,2,0.007594776,7271
47.76255708,14,14,64.99544211,0.347487198,77.76,2,40055.66195,3,0.542924326,7272
27.89954338,17,5,76.57247037,0.281493689,75.05,3,16837.05984,0,0.081545026,7273
28.94977169,20,3,63.08113036,0.461082582,78.09,6,24370.22654,2,0.006066867,7274
63.97260274,6,6,58.11303555,0.432954201,75.12,3,34738.05825,3,0.172361875,7275
53.10502283,12,0,43.66453965,0.598118283,79.6,6,49015.88883,2,0.013187176,7276
64.24657534,13,9,57.01914312,0.660144969,76.63,4,31988.19599,2,0.058720554,7277
29.9543379,16,5,85.27803099,0.199632889,79.79,4,46306.19207,2,0.084795432,7278
12.42009132,18,1,52.82588879,0.361551388,77.56,1,34469.92498,1,1.269377387,7279
41.68949772,16,6,73.92889699,0.334865489,81.03,1,37384.68157,3,1.377590414,7280
32.42009132,12,2,48.90610757,0.543664623,77.68,1,25739.38468,2,0.94229742,7281
62.00913242,10,1,63.90154968,0.205042193,84.02,5,28901.60795,0,0.019995937,7282
57.35159817,8,3,72.06016408,0.206124053,79.36,6,39012.9367,2,0.010247916,7283
62.14611872,6,1,63.12670921,0.489932203,80.79,2,37581.57149,2,0.50694664,7284
29.49771689,20,1,73.65542388,0.412398846,85.07,6,28603.75484,0,0.007265459,7285
37.57990868,10,2,56.24430264,0.463606924,76.18,4,30049.56963,2,0.05443928,7286
36.43835616,14,11,60.98450319,0.407710783,77.16,3,27240.68619,3,0.134484837,7287
38.58447489,13,11,66.49954421,0.413841327,79.39,2,32739.24598,2,0.442732959,7288
49.22374429,14,6,57.11030082,0.426102416,83.46,4,27686.24136,2,0.050903542,7289
42.42009132,19,0,45.89790337,0.630213487,84.74,4,34210.20436,2,0.061947518,7290
37.99086758,13,8,69.14311759,0.320080058,84.3,3,26062.36733,5,0.12803262,7291
26.43835616,17,14,70.69279854,0.330177425,79.24,6,29579.78794,2,0.007513743,7292
17.57990868,16,2,59.29808569,0.338111071,85.26,4,35728.30057,3,0.064797311,7293
54.84018265,9,34,72.01458523,0.303130905,82.3,3,40726.44969,1,0.200404041,7294
42.78538813,8,5,63.44576117,0.225958168,77.89,1,29893.73351,1,1.103234634,7295
29.31506849,16,3,85.27803099,0.240382979,76.8,6,34929.74042,1,0.009187615,7296
18.76712329,16,1,73.01731996,0.222351965,78.7,1,45351.56632,2,1.645890542,7297
30.86757991,16,3,83.36371923,0.315752614,86.94,1,36644.95616,3,1.356484467,7298
56.66666667,15,0,73.19963537,0.341717274,80.59,7,42273.64573,1,0.003913116,7299
30,13,2,65.13217867,0.360469528,82.02,4,36292.19498,3,0.066777347,7300
56.84931507,5,20,69.2342753,0.440887847,81.57,4,11265.91779,2,0.001523304,7301
79.543379,8,0,70.00911577,0.353257122,79.85,4,25251.11556,1,0.045601254,7302
73.37899543,7,2,70.23701003,0.416726289,81.55,6,40485.8932,3,0.009870495,7303
46.71232877,18,4,66.18049225,0.456394519,83.01,7,15301.25196,3,0.001299831,7304
30.0913242,19,0,50.95715588,0.439445366,77.98,4,38506.49335,2,0.070106808,7305
33.24200913,12,1,65.67912489,0.462885683,78.63,4,28029.83029,1,0.051494904,7306
54.74885845,16,1,76.07110301,0.378139921,81.26,7,27520.75176,3,0.002286384,7307
30.91324201,16,7,65.13217867,0.395810314,75.94,4,27897.8067,2,0.051177443,7308
56.94063927,12,10,72.01458523,0.36335449,79.26,2,28780.42355,2,0.387182417,7309
49.49771689,7,2,64.31175934,0.345323476,81.26,4,36408.26857,3,0.065956258,7310
11.82648402,18,0,77.4840474,0.342438514,76,4,29428.5998,4,0.053716373,7311
54.38356164,12,4,51.09389243,0.394728453,82.01,4,20934.37275,3,0.038451783,7312
4.520547945,20,0,54.46672744,0.357584565,83.36,4,41920.24716,1,0.075886726,7313
29.40639269,13,13,67.7301732,0.375615579,87.51,4,34859.8064,0,0.063723766,7314
33.19634703,12,5,75.43299909,0.383188604,76.35,1,40226.47701,2,1.494719746,7315
58.85844749,14,7,81.26709207,0.237137396,81.58,7,29255.42665,2,0.002667026,7316
12.42009132,18,3,73.33637192,0.32332564,82.08,4,20146.91725,2,0.037390916,7317
42.96803653,8,4,47.17411121,0.410595745,84.52,4,19762.26081,3,0.036195843,7318
59.13242009,11,3,65.63354603,0.305294627,81.37,2,16545.07182,2,0.225648057,7319
52.37442922,16,6,53.69188696,0.476589254,83.26,5,20739.63188,2,0.013906206,7320
40.86757991,9,3,88.24065634,0.250840966,78.31,1,35147.78537,1,1.285879116,7321
25.15981735,14,11,66.86417502,0.217303282,81.99,4,23467.08178,0,0.043445023,7322
48.44748858,11,19,62.16955333,0.52527299,77.98,3,50882.16877,2,0.253669022,7323
70.50228311,7,44,62.53418414,0.352535882,83.73,3,38971.58497,1,0.195566783,7324
29.7260274,13,8,64.6308113,0.417086909,80.13,4,38281.71425,0,0.071028764,7325
56.25570776,11,40,58.47766636,0.459640101,84.52,2,42049.77575,4,0.570472082,7326
38.08219178,17,3,73.19963537,0.318276956,78.59,2,30784.9895,2,0.41673381,7327
39.8173516,9,4,76.84594348,0.370566895,78.4,4,41917.32217,0,0.075850778,7328
13.78995434,17,1,63.40018232,0.585496574,80.07,4,40073.72017,1,0.074291332,7329
60.1369863,7,7,79.1704649,0.224876307,81.53,6,43306.58745,2,0.010697032,7330
54.42922374,9,2,75.47857794,0.28293617,81.53,6,27827.85143,2,0.006857542,7331
40.0913242,10,7,66.59070191,0.334144248,81.4,7,49461.7986,2,0.004492904,7332
32.83105023,19,4,48.04010939,0.660144969,76.64,6,18640.07253,2,0.004920492,7333
53.74429224,12,15,84.22971741,0.287263613,78.4,7,28885.57324,1,0.002596598,7334
48.49315068,14,14,63.94712853,0.387516048,77.78,4,24023.58775,2,0.043576767,7335
32.14611872,12,8,59.98176846,0.281493689,79.28,4,36657.84557,2,0.067196148,7336
35.75342466,11,2,74.2935278,0.218024522,78.91,4,21036.14873,2,0.038347765,7337
29.13242009,13,8,82.86235187,0.173307609,80.09,4,21267.70437,2,0.038989965,7338
50.50228311,13,5,69.14311759,0.254086549,76.58,5,45972.13598,2,0.031615331,7339
17.16894977,16,14,75.25068368,0.291230436,76.6,3,32625.71793,1,0.162427777,7340
41.91780822,16,3,64.49407475,0.246513523,78.43,2,35342.30106,1,0.477812896,7341
40.63926941,13,1,75.47857794,0.388597908,78.55,3,49758.64154,2,0.24511841,7342