Safety_Score,Days_Since_Inspection,Total_Safety_Complaints,Control_Metric,Turbulence_In_gforces,Cabin_Temperature,Accident_Type_Code,Max_Elevation,Violations,Adverse_Weather_Metric,Accident_ID
46.11872146,15,3,70.64721969,0.205402813,77.56,2,38369.54216,2,0.517879251,7343
62.00913242,10,1,71.1030082,0.375254959,76.73,2,14865.90565,1,0.194180113,7344
37.39726027,11,2,62.53418414,0.315752614,80.53,2,19518.56216,2,0.264253744,7345
54.10958904,12,1,73.01731996,0.246874144,81.61,2,42287.05534,1,0.571030414,7346
30.73059361,19,4,54.32999088,0.527797331,81.82,3,26015.96294,2,0.128573249,7347
19.6803653,16,11,61.98723792,0.500029571,78.16,1,13860.57832,2,0.518572471,7348
53.19634703,16,7,36.73655424,0.662308691,84.51,4,44475.68701,1,0.08203656,7349
40.2283105,13,2,64.12944394,0.490292824,79.17,7,33289.17764,2,0.003327376,7350
49.9086758,6,3,73.74658159,0.21441832,79.31,4,28684.06764,0,0.05310589,7351
22.32876712,15,27,61.4402917,0.405186441,84.03,7,46047.50763,2,0.003874501,7352
30.73059361,19,1,74.93163172,0.337750451,79.89,6,38525.41418,2,0.009870495,7353
22.69406393,18,0,66.54512306,0.36335449,83.58,1,30810.61571,2,1.12126285,7354
42.51141553,16,4,74.52142206,0.587299675,85.22,2,53908.79751,2,0.704789637,7355
31.91780822,15,3,59.29808569,0.502914533,79.09,6,32127.88846,1,0.007642091,7356
22.32876712,15,1,54.92251595,0.481277317,81.93,1,28921.5487,2,1.068075206,7357
49.5890411,13,3,31.08477666,0.60713379,79.25,1,31864.08819,0,1.166752277,7358
19.6803653,15,44,45.53327256,0.721450415,78.59,1,34608.2944,1,1.279502423,7359
41.87214612,12,8,80.26435734,0.340996033,79.09,5,28225.48783,0,0.019310035,7360
22.00913242,15,10,68.77848678,0.411677605,78.83,4,25321.37303,3,0.045389662,7361
28.90410959,13,0,39.74475843,0.55340137,86.03,2,44821.40067,2,0.606591695,7362
50.1369863,13,0,67.18322698,0.417086909,77.7,4,31695.64223,2,0.058028836,7363
28.31050228,13,6,64.40291705,0.444133429,80.37,4,17869.27129,2,0.032080508,7364
29.8173516,12,0,59.25250684,0.509766318,78.22,2,40813.30576,3,0.549198026,7365
17.71689498,16,16,44.71285324,0.694764515,77.48,1,46768.82219,1,1.73952818,7366
62.78538813,6,0,58.84229717,0.425381176,77.65,2,47324.95278,2,0.648170989,7367
37.39726027,10,21,87.46581586,0.245431662,78.33,6,30445.29914,3,0.007430734,7368
40.54794521,20,2,74.06563355,0.306737108,79.27,7,14087.13134,4,0.000750738,7369
33.92694064,11,4,86.50865998,0.362993869,80.66,4,20937.17051,1,0.038408982,7370
51.55251142,6,4,40.47402005,0.645359538,82.96,4,36297.4081,2,0.066531454,7371
28.67579909,13,6,62.7620784,0.329456185,82.12,4,31967.45495,3,0.05929216,7372
44.01826484,9,1,74.74931632,0.344962856,79.08,1,29221.50957,4,1.096336157,7373
23.10502283,14,15,56.19872379,0.362633249,78.35,4,35120.77623,0,0.063976051,7374
57.07762557,8,11,54.01093892,0.381024883,75.78,7,30933.82774,3,0.002819382,7375
38.58447489,13,5,66.36280766,0.394007212,77.34,3,19754.58124,2,0.098352269,7376
28.81278539,16,2,65.36007293,0.449903354,82.25,5,27306.27854,1,0.017945824,7377
43.65296804,12,2,58.38650866,0.465770646,82.02,6,43786.17336,3,0.010630226,7378
67.53424658,12,4,56.83682771,0.487768482,79.99,7,25644.46842,0,0.0023283,7379
42.64840183,9,1,59.7538742,0.365878832,87.08,4,24171.84286,1,0.044704784,7380
38.44748858,17,8,66.49954421,0.346405337,80.04,2,54788.24704,1,0.74690874,7381
44.93150685,12,3,73.29079307,0.316113235,77.17,6,18110.9171,3,0.004632261,7382
46.84931507,7,4,75.7064722,0.293394158,75.35,4,41509.54528,0,0.07637104,7383
34.74885845,11,5,43.07201459,0.518421204,80.82,1,34595.36334,1,1.275979044,7384
39.6347032,13,6,69.82680036,0.387516048,76.4,3,22792.17401,2,0.112754073,7385
61.41552511,10,1,82.90793072,0.434757303,78.13,5,32364.35222,4,0.022161161,7386
54.10958904,12,10,69.64448496,0.333423008,77.03,5,35167.17093,2,0.023799066,7387
46.25570776,11,0,55.65177758,0.44485467,77.93,2,29784.27436,2,0.401935158,7388
41.82648402,12,1,69.5077484,0.464328164,79.42,3,18784.40868,2,0.094174774,7389
30.73059361,19,1,57.83956244,0.441969708,78.63,5,34376.57832,1,0.022989915,7390
19.6803653,16,11,61.349134,0.500029571,84.12,4,8652.455948,4,0.016714137,7391
70.4109589,11,0,60.71103008,0.368403173,81.73,5,36104.85699,3,0.024495462,7392
27.16894977,17,6,94.43938013,0.22920375,79.2,6,34489.27966,1,0.008990355,7393
58.63013699,7,2,71.19416591,0.246513523,80.05,7,38899.65944,3,0.003533139,7394
43.42465753,8,2,68.36827712,0.400498377,77.89,7,35320.94545,3,0.003327376,7395
42.19178082,12,9,69.59890611,0.29555788,78.11,7,38924.62144,2,0.003546195,7396
43.56164384,19,9,69.18869644,0.380303642,83.82,7,33740.88582,4,0.003134738,7397
28.94977169,13,3,55.78851413,0.319358817,77.39,4,40894.86627,3,0.075006051,7398
31.09589041,12,7,87.55697356,0.215860801,78.93,3,46043.98581,0,0.228868428,7399
24.38356164,17,2,84.18413856,0.240382979,80.98,3,22753.31325,3,0.113475553,7400
82.23744292,8,7,56.83682771,0.405907681,82.97,7,17582.73967,2,0.002060174,7401
54.65753425,9,0,75.47857794,0.325849982,88.47,7,20217.16569,1,0.001585053,7402
33.97260274,15,3,62.57976299,0.307818969,82.53,3,43032.2194,3,0.215461328,7403
71.32420091,7,19,62.53418414,0.284739272,81.3,3,15928.15204,3,0.078236346,7404
33.78995434,15,2,61.21239745,0.452788316,81.09,5,27067.91961,3,0.018701491,7405
66.80365297,12,8,62.30628988,0.381024883,86.4,7,25177.57275,2,0.002281694,7406
50.2283105,13,25,69.64448496,0.30998269,81.9,2,16546.3944,2,0.231292269,7407
40.456621,16,8,62.71649954,0.375254959,80.25,2,35666.0434,1,0.483125215,7408
50.50228311,10,0,74.56700091,0.24218608,82.58,3,27627.73993,2,0.137550418,7409
45.98173516,18,1,42.88969918,0.520945546,84.74,6,37436.73221,2,0.009523106,7410
45.02283105,15,6,74.2935278,0.234973675,83.41,5,45934.13348,3,0.032026073,7411
57.99086758,11,1,41.56791249,0.457115759,75.98,2,26252.0559,2,0.355224117,7412
47.12328767,11,4,87.46581586,0.292312297,80.92,3,39651.76605,2,0.197627289,7413
39.17808219,10,5,57.47493163,0.385352326,81.78,3,28135.91731,3,0.140526429,7414
38.81278539,17,20,62.89881495,0.379582402,78.18,2,32230.50007,2,0.43598353,7415
55.02283105,15,4,58.61440292,0.468294987,79.22,5,35634.89413,2,0.024297069,7416
36.84931507,14,0,58.24977211,0.35037216,78.73,3,48525.11071,2,0.243487496,7417
36.07305936,17,3,63.90154968,0.401580238,83.57,4,51754.9704,1,0.09496067,7418
33.65296804,15,9,66.0437557,0.356863325,78.63,3,55360.35692,2,0.264749961,7419
15.29680365,17,2,45.39653601,0.520945546,78.88,4,24455.0852,3,0.044928916,7420
4.931506849,20,6,89.88149499,0.21513956,78.7,1,38564.12923,2,1.425641276,7421
47.94520548,14,8,80.08204193,0.289427335,82.49,3,27206.77747,2,0.133480825,7422
41.82648402,12,0,70.19143118,0.379582402,76.58,6,32158.99176,0,0.007732087,7423
31.32420091,15,13,71.87784868,0.392564731,81.85,6,25321.37303,3,0.00608158,7424
35.70776256,11,8,69.2342753,0.43079048,76.74,4,48613.97087,1,0.088497376,7425
70.50228311,11,5,46.627165,0.5396978,83.58,7,27551.10353,2,0.002293936,7426
18.94977169,16,3,75.47857794,0.223794446,79.8,1,35006.64787,0,1.29142485,7427
35.38812785,18,1,79.1704649,0.297360981,77.56,2,18660.89601,3,0.254538381,7428
29.40639269,13,10,70.9206928,0.226679409,81.37,4,26069.35508,0,0.048241062,7429
25.70776256,14,2,65.26891522,0.306737108,80.27,4,30290.75017,2,0.055390534,7430
70.0456621,8,15,76.52689152,0.292672917,77.91,5,22235.48707,3,0.015969433,7431
60.456621,10,0,61.2579763,0.461082582,75.61,2,38165.42072,4,0.514265511,7432
48.72146119,17,13,68.50501367,0.502553913,77.78,7,19804.49457,3,0.001559274,7433
65.34246575,5,5,58.84229717,0.540419041,83.56,1,43419.87556,1,1.60962628,7434
39.6347032,17,11,59.89061076,0.496423368,76.96,1,21043.0746,4,0.768085134,7435
68.31050228,8,12,70.37374658,0.394007212,79.31,5,49898.05012,2,0.035047967,7436
16.71232877,16,4,68.86964448,0.446657771,84.87,4,39076.31353,0,0.071211938,7437
69.36073059,11,10,73.92889699,0.436199784,77.46,7,28566.63301,2,0.002927105,7438
62.19178082,13,5,52.55241568,0.456394519,79.39,7,36617.72444,2,0.003118626,7439
60.1826484,7,6,75.38742024,0.292312297,82.36,3,31750.40468,1,0.155473833,7440
33.47031963,12,9,66.31722881,0.610739993,80.27,1,34719.03767,2,1.277242017,7441
49.6803653,13,7,48.26800365,0.516618103,78.73,2,39207.84094,0,0.525000449,7442
50.0456621,17,0,52.78030994,0.223794446,81.61,6,23701.00758,3,0.006375142,7443
77.30593607,3,19,58.61440292,0.473704291,85.4,2,26314.0707,3,0.354010722,7444
25.29680365,14,4,73.33637192,0.434396682,79.41,6,37773.35538,1,0.009399694,7445
12.37442922,18,4,73.33637192,0.290509196,82.5,7,24323.50751,0,0.002117959,7446
48.31050228,11,3,53.96536007,0.312867652,76.85,2,37249.52009,3,0.505802786,7447
14.47488584,17,5,51.18505014,0.581529751,79.35,7,22436.8048,1,0.002068028,7448
43.37899543,16,7,75.38742024,0.311064551,78.42,2,33257.59519,1,0.450995316,7449
46.57534247,11,1,66.36280766,0.224515687,82.41,6,27700.90688,2,0.006768414,7450
41.73515982,16,5,59.20692799,0.504717634,84.82,2,28957.80882,1,0.391182536,7451
55.34246575,9,1,87.28350046,0.268150739,76.18,4,26194.68629,2,0.048670086,7452
41.64383562,19,4,80.40109389,0.286542373,82.64,7,5513.586528,2,0.001231455,7453
40.82191781,9,3,89.10665451,0.304573386,79.88,6,23639.8521,3,0.006181819,7454
19.17808219,16,1,74.24794895,0.204320952,79.16,1,18660.89601,2,0.680514978,7455
47.48858447,11,3,73.97447584,0.335226109,78.03,3,24203.68958,3,0.120541261,7456
60.456621,10,6,66.08933455,0.300967184,85.61,5,23123.37793,2,0.015679292,7457
42.10045662,12,2,55.92525068,0.578644789,83.03,2,37215.07572,3,0.506304901,7458
50.86757991,13,0,69.96353692,0.351454021,85.64,2,40898.70672,1,0.555493062,7459
30.1369863,13,10,53.78304467,0.421414353,83.97,2,27549.67974,3,0.37362346,7460
75.66210046,9,8,69.96353692,0.355060224,79.86,7,33954.17858,2,0.003297076,7461
98.40182648,5,28,49.63536919,0.354338983,76.53,7,34738.05825,2,0.003079773,7462
68.49315068,11,9,65.22333637,0.356142084,81.28,4,15509.4345,3,0.028427969,7463
33.78995434,18,2,88.28623519,0.199632889,79.85,3,25712.68915,2,0.12803262,7464
28.90410959,13,8,62.26071103,0.383909845,77.82,4,19093.08225,3,0.035089083,7465
62.78538813,10,6,54.23883318,0.456394519,83.9,2,20574.54872,1,0.279104058,7466
56.57534247,12,13,55.46946217,0.378139921,80.13,6,42277.9679,3,0.010118563,7467
60,14,23,70.10027347,0.33702921,83.23,7,28715.68393,3,0.00266007,7468
46.57534247,11,1,75.29626253,0.243989181,78.33,6,18103.78971,3,0.004632261,7469
62.69406393,13,3,45.62443026,0.40482582,77.81,7,28287.9926,2,0.002855861,7470
83.88127854,5,2,76.61804923,0.455673278,77.45,2,28671.29542,2,0.388023789,7471
35.20547945,11,3,79.21604376,0.31034331,81.21,4,32806.28957,2,0.060177744,7472
30.82191781,12,1,74.24794895,0.484522899,75.89,1,22950.58102,2,0.849289067,7473
63.15068493,6,4,82.31540565,0.351093401,75.61,3,49986.89941,4,0.248870118,7474
30.3196347,12,6,66.1349134,0.305294627,78.29,4,39985.26132,3,0.073270254,7475
57.03196347,11,9,70.41932543,0.229924991,79.34,7,50476.52682,1,0.00442897,7476
36.11872146,14,3,61.39471285,0.40482582,76.89,1,27179.87288,4,0.996497974,7477
69.45205479,8,0,67.45670009,0.415644428,76.13,4,28815.05953,4,0.05264305,7478
40.2283105,9,10,76.84594348,0.397974035,78.5,4,37862.91999,3,0.069748216,7479
56.48401826,15,7,76.25341841,0.37705806,78.89,7,47578.16088,2,0.004746738,7480
55.98173516,12,5,72.01458523,0.420332492,78.56,6,44888.17302,2,0.010630226,7481
46.84931507,11,0,51.36736554,0.527436711,75.67,3,24084.88732,0,0.118795588,7482
42.10045662,9,2,58.52324521,0.333423008,82.48,7,14894.16202,1,0.000763559,7483
30.59360731,12,3,79.53509572,0.366960692,84.55,4,36292.19498,4,0.06672159,7484
38.72146119,14,9,61.66818596,0.490292824,78.23,5,34008.98922,1,0.023817699,7485
31.78082192,23,7,66.68185962,0.368403173,88.39,2,36933.84468,3,0.500932954,7486
30,22,0,50.95715588,0.481277317,83.58,1,42866.57918,2,1.575609222,7487
45.70776256,11,0,57.976299,0.502553913,79.39,3,30440.47139,1,0.150293722,7488
58.31050228,11,5,49.58979034,0.51193004,78.18,3,34132.24122,3,0.1720013,7489
36.84931507,14,4,40.38286235,0.558089434,79.97,5,32860.90576,2,0.021240851,7490
50.91324201,10,10,54.9680948,0.605691309,77.55,6,34887.21721,1,0.008769983,7491
63.19634703,13,16,85.59708295,0.306737108,83.29,6,32184.46643,2,0.007724895,7492
32.46575342,15,18,76.02552416,0.317916336,77.17,1,20399.78282,2,0.746269613,7493
37.48858447,10,2,60.39197812,0.36335449,74.82,4,52783.66999,2,0.094183053,7494
55.70776256,12,23,76.98268004,0.294476019,80.8,6,18147.48347,2,0.004701024,7495
40.1826484,13,2,77.07383774,0.344602236,78.67,3,35393.98969,1,0.17583753,7496
34.65753425,15,8,57.88514129,0.30962207,78.97,7,32734.06616,1,0.003075499,7497
50.2739726,17,7,47.72105743,0.504717634,81.35,7,32473.86421,3,0.00331236,7498
36.02739726,14,6,58.38650866,0.35037216,81.02,3,43887.30197,1,0.221846345,7499
25.25114155,14,13,56.83682771,0.505078255,79.1,4,35509.22852,3,0.065163674,7500
46.43835616,15,7,60.98450319,0.361190768,76.1,5,30217.38669,1,0.019846267,7501
49.5890411,10,6,54.7857794,0.259856473,81.16,6,26187.94838,2,0.007016086,7502
53.01369863,16,0,80.12762078,0.297721601,82.66,7,5513.586528,3,0.00138424,7503
77.85388128,4,10,52.96262534,0.430429859,83.5,2,31288.34316,4,0.423475054,7504
72.32876712,10,12,71.46763902,0.32368626,77.09,7,15748.13414,3,0.001454434,7505
25.25114155,17,5,49.58979034,0.696206996,81.66,2,37966.03254,2,0.510633766,7506
50.50228311,10,0,67.77575205,0.392564731,78.94,1,26565.04758,2,0.973442982,7507
37.85388128,17,11,75.11394713,0.281133069,79.62,4,20146.91725,1,0.037829265,7508
41.73515982,16,1,54.74020055,0.503275153,77.25,3,32613.93379,3,0.162108139,7509
42.10045662,19,0,80.40109389,0.358305806,77.27,4,28643.63065,3,0.053847807,7510
47.85388128,14,7,80.08204193,0.28329679,83.56,2,20432.27973,3,0.274727998,7511
41.14155251,13,2,69.14311759,0.320080058,81.23,3,28510.12249,4,0.142232506,7512
27.85388128,13,2,70.9206928,0.409874504,80.34,4,27009.59537,2,0.048897582,7513
48.90410959,7,1,76.75478578,0.281854309,78.86,4,20490.65172,1,0.036900366,7514
79.17808219,7,5,44.43938013,0.589824017,79.64,7,38888.75301,2,0.003462771,7515
9.315068493,19,13,35.82497721,0.619394879,80.34,1,19033.89634,3,0.685290137,7516
20.82191781,15,2,44.75843209,0.72794158,77.64,3,14274.05901,1,0.074467276,7517
58.44748858,11,5,82.1786691,0.292672917,77.17,1,30095.00139,2,1.107133229,7518
36.16438356,11,2,68.41385597,0.37705806,81.53,1,24420.713,1,0.890281948,7519
52.96803653,9,6,62.53418414,0.289066715,77.66,6,23792.10861,3,0.006257062,7520
30.73059361,19,2,48.67821331,0.691158312,76.64,2,26816.75198,0,0.362925272,7521
65.66210046,12,4,71.19416591,0.232449333,84.95,7,42627.76317,2,0.00397747,7522
36.07305936,14,3,82.90793072,0.351093401,82.88,2,31463.56857,1,0.425876292,7523
40.2283105,13,0,62.9443938,0.358305806,78.71,3,28742.13127,2,0.142927068,7524
55.98173516,12,0,88.60528715,0.184486837,82.06,3,30207.85231,1,0.151493601,7525
9.315068493,18,4,56.10756609,0.375615579,76.66,4,28559.52199,2,0.051656492,7526
65.98173516,12,3,66.54512306,0.321161918,78.63,7,23826.09132,1,0.00212511,7527
37.80821918,17,11,52.23336372,0.297721601,80.19,7,23192.15587,1,0.002433384,7528
49.5890411,10,0,50.59252507,0.411316985,83.57,4,54279.88661,2,0.102535146,7529
44.42922374,15,2,48.22242479,0.610018752,82.2,5,35903.2115,0,0.024101592,7530
65.89041096,9,2,45.89790337,0.657981248,78.27,7,26531.17709,2,0.00243244,7531
29.17808219,13,1,64.94986326,0.455673278,77.59,2,40840.64636,3,0.551419592,7532
57.26027397,8,3,72.06016408,0.420332492,77.09,5,23674.06185,1,0.015331062,7533
49.08675799,10,1,61.21239745,0.469376848,79.29,1,33501.2328,1,1.226737218,7534
43.83561644,12,3,79.76298997,0.378139921,78,5,15865.87217,1,0.011600334,7535
28.90410959,13,0,56.92798541,0.409153264,77.53,2,23407.411,1,0.318224182,7536
45.15981735,8,14,88.46855059,0.199632889,78.24,2,23008.26447,2,0.311425648,7537
38.44748858,10,2,65.99817685,0.474064912,77.62,1,25958.13746,0,0.957063791,7538
44.61187215,12,13,51.09389243,0.644998918,77.12,6,39152.99337,2,0.009371013,7539
57.67123288,3,10,40.56517776,0.578644789,79.6,7,21720.57383,2,0.002068028,7540
29.8630137,12,1,74.2023701,0.337750451,77,4,41432.74871,3,0.075850778,7541
64.29223744,9,1,91.20328168,0.217663902,83.53,7,31529.76232,2,0.002599787,7542
54.88584475,12,1,63.71923428,0.568547422,77.55,2,29989.7502,3,0.405598313,7543
70.54794521,7,1,72.37921604,0.334865489,77.04,2,39884.65322,1,0.542971582,7544
20.86757991,19,1,75.43299909,0.238219257,79.16,4,30476.6917,2,0.05576251,7545
54.01826484,12,17,49.31631723,0.444133429,80.83,2,29673.45967,1,0.403593936,7546
60,10,0,66.54512306,0.368763794,78.13,2,42059.52891,1,0.56890846,7547
40.1369863,16,2,64.90428441,0.274641904,79.37,2,33355.86404,1,0.451609331,7548
46.66666667,18,0,57.74840474,0.303852146,80.96,4,45969.45269,3,0.084785639,7549
69.26940639,11,10,83.54603464,0.371288136,79.02,2,31865.4134,3,0.43263746,7550
20.1826484,15,0,65.08659982,0.256610891,84.15,2,21997.4295,2,0.299180249,7551
36.75799087,14,3,71.05742935,0.29555788,79.92,1,37304.99762,0,1.379409622,7552
24.70319635,18,7,61.21239745,0.381024883,79.22,3,26501.39455,4,0.132616662,7553
12.96803653,17,0,71.37648131,0.30962207,82.4,4,21536.21947,1,0.03928424,7554
12.37442922,18,7,75.43299909,0.316113235,76.27,4,30726.56447,1,0.056538934,7555
45.79908676,8,24,71.96900638,0.271035701,79.99,6,32861.27684,2,0.007732087,7556
36.21004566,11,10,50.72926162,0.618313018,80.14,3,47156.93843,2,0.236948192,7557
42.42009132,12,4,68.91522334,0.413841327,76.58,3,38140.79811,0,0.189891852,7558
36.11872146,11,6,64.67639015,0.324046881,75.95,4,30380.73455,2,0.056073196,7559
31.78082192,21,4,51.54968095,0.511569419,78.9,7,39496.16002,2,0.003573618,7560
36.25570776,11,2,67.59343665,0.267068878,81.86,4,35237.77755,3,0.063898167,7561
49.8173516,10,10,64.58523245,0.339553552,81.04,6,28542.00418,2,0.007052301,7562
35.15981735,11,1,57.29261623,0.441609088,82.13,3,13671.37512,2,0.065923824,7563
14.88584475,20,2,74.2023701,0.235334295,77.43,3,24272.05911,1,0.119606401,7564
71.87214612,3,34,52.09662716,0.447739632,77.54,3,29830.85114,0,0.147969485,7565
44.06392694,12,7,66.49954421,0.43079048,77.4,1,28072.98772,1,1.046003753,7566
45.43378995,15,5,65.99817685,0.300967184,81.8,2,20478.76474,1,0.277637543,7567
26.21004566,14,5,40.56517776,0.735153985,80.52,1,37764.96703,3,1.39011858,7568
57.94520548,8,16,51.00273473,0.439445366,75.35,3,33284.93084,2,0.16601024,7569
2.739726027,23,5,67.41112124,0.469737468,77.22,4,49433.30298,2,0.090540253,7570
68.26484018,8,4,79.03372835,0.281133069,78.24,2,28658.63314,2,0.387182417,7571
55.89041096,12,3,61.66818596,0.316834475,85.98,2,48197.22075,0,0.655799278,7572
40.77625571,13,20,60.25524157,0.353617743,78.2,1,34151.70015,2,1.249339977,7573
2.648401826,23,3,60.98450319,0.369124414,83.34,7,62672.59957,2,0.004548833,7574
44.42922374,8,4,68.91522334,0.333062387,78.34,4,25270.39607,3,0.045305004,7575
36.62100457,14,5,55.05925251,0.488489722,83.57,2,44557.47775,1,0.606591695,7576
51.78082192,9,2,82.3609845,0.22884313,84.41,3,46553.57558,3,0.231845913,7577
33.92694064,11,14,73.42752963,0.311064551,78.2,4,29123.25838,1,0.052987804,7578
56.94063927,11,0,82.68003646,0.289066715,78.46,2,46540.24679,3,0.637297327,7579
30.3196347,12,5,56.83682771,0.330538045,83.56,3,34772.3121,1,0.173410918,7580
26.48401826,13,25,52.32452142,0.463246304,75.97,4,27476.94733,4,0.050384463,7581
5.205479452,20,6,74.15679125,0.235694915,84.78,4,26198.21584,2,0.048048244,7582
54.84018265,9,3,75.7064722,0.368763794,76.56,7,54110.27751,3,0.004451269,7583
23.83561644,14,7,58.43208751,0.394007212,78.7,1,32279.38141,2,1.189738509,7584
41.32420091,16,2,76.25341841,0.520945546,77.13,2,20374.98756,4,0.276520836,7585
42.37442922,12,8,74.2023701,0.234973675,75.97,3,33861.5537,1,0.16789319,7586
68.67579909,11,6,55.28714676,0.590184638,78.67,7,5142.286073,2,0.001429418,7587
18.12785388,19,18,55.97082954,0.315752614,80.02,6,33914.11688,0,0.008398254,7588
28.53881279,13,2,48.72379216,0.514093761,77.35,2,27716.34617,2,0.375592449,7589
70.54794521,7,0,68.45943482,0.37741868,77.04,4,19245.88723,1,0.036397697,7590
23.60730594,14,15,74.74931632,0.532124775,82.13,7,32510.72173,2,0.003115493,7591
49.36073059,14,2,50.36463081,0.49894771,80.23,3,11809.79506,2,0.057589097,7592
25.66210046,14,6,66.27164995,0.473704291,80.42,6,19618.54857,3,0.004776066,7593
30.77625571,16,3,56.88240656,0.322243779,81.26,1,26930.37623,2,0.998432425,7594
22.92237443,15,8,73.65542388,0.40410458,89.19,3,47592.31664,2,0.236948192,7595
31.36986301,15,2,65.13217867,0.438724125,78.67,4,26433.28614,3,0.048000031,7596
54.70319635,12,1,87.69371012,0.277526866,76.18,1,30095.00139,4,1.102897156,7597
25.98173516,20,0,56.74567001,0.555204472,77.95,4,40729.81478,3,0.074357579,7598
11.50684932,18,32,64.5396536,0.387876668,82.39,4,39901.60549,1,0.072261048,7599
39.543379,21,3,58.20419325,0.468294987,82,7,30195.73922,3,0.002668264,7600
29.8173516,16,3,42.57064722,0.608215651,81.74,3,32655.84193,4,0.162085007,7601
36.43835616,11,3,73.70100273,0.21441832,84.4,7,25758.1198,1,0.002246824,7602
25.89041096,14,5,65.26891522,0.316473855,79.48,4,29727.49728,3,0.054740383,7603
33.24200913,11,8,76.61804923,0.371648756,79.83,2,25605.09866,0,0.344926674,7604
12.51141553,17,14,53.73746582,0.554122611,82.15,4,53966.62272,1,0.100005417,7605
29.22374429,13,0,82.31540565,0.221270105,77.63,6,32222.03588,3,0.008214066,7606
48.26484018,14,20,50.18231541,0.484522899,77.89,3,40442.72815,1,0.199990449,7607
26.71232877,13,2,57.61166819,0.438002885,85.26,6,35808.75344,4,0.008690673,7608
73.10502283,10,7,70.9206928,0.249037865,78.14,7,32463.03292,2,0.003079773,7609
69.36073059,8,1,74.65815861,0.306015867,77.52,2,28185.91047,2,0.379276811,7610
71.91780822,7,1,47.94895169,0.598839524,82.13,3,34791.99758,3,0.173066681,7611
34.24657534,11,2,77.25615314,0.262020195,77.4,4,33007.88159,3,0.059756087,7612
32.87671233,15,4,79.53509572,0.222351965,77.87,4,43569.69212,2,0.079641622,7613
39.8173516,9,2,59.20692799,0.292312297,80.55,1,39923.99533,2,1.461348222,7614
60,10,4,70.41932543,0.39040101,76.27,2,33309.94,2,0.451609331,7615
49.17808219,14,22,43.16317229,0.48560476,76.95,2,26385.9208,2,0.356477189,7616
53.19634703,9,0,73.83773929,0.369845655,81.23,4,39694.50218,1,0.072261048,7617
40.82191781,9,10,46.08021878,0.374894338,83.17,4,27281.22017,2,0.050222997,7618
59.45205479,14,32,65.45123063,0.461082582,78.91,6,35818.65322,2,0.008476701,7619
15.20547945,20,10,59.38924339,0.283657411,76.79,3,28554.77737,2,0.142927068,7620
34.74885845,14,13,57.42935278,0.505078255,85.1,3,37686.42446,3,0.187059501,7621
76.66666667,10,1,51.36736554,0.640310855,81.08,7,36885.69795,3,0.003452651,7622
51.87214612,6,2,49.68094804,0.361551388,78.23,7,32253.3806,3,0.003039035,7623
44.38356164,15,12,65.26891522,0.321161918,77.67,2,19243.13309,1,0.253283471,7624
45.06849315,15,3,60.61987238,0.452788316,81.93,2,16099.47741,2,0.209602823,7625
32.37442922,15,22,76.07110301,0.277887486,78.54,3,42485.50645,2,0.210513626,7626
31.82648402,12,3,68.77848678,0.383549225,79.7,6,36292.19498,2,0.008310888,7627
51.27853881,13,1,59.07019143,0.467213127,84.52,4,31227.75421,0,0.05738846,7628
72.32876712,10,2,59.52597995,0.366960692,78.09,7,30049.56963,3,0.002905961,7629
19.6803653,16,11,61.98723792,0.556646953,77.39,1,29430.80343,2,1.082790622,7630
4.292237443,21,4,55.69735643,0.418529391,80.86,2,10923.01949,0,0.134834939,7631
36.43835616,10,3,68.41385597,0.245431662,81.53,4,43568.48792,1,0.080470584,7632
15.47945205,17,2,68.45943482,0.340274793,82.92,4,48025.56641,3,0.089282736,7633
54.52054795,8,0,60.61987238,0.503635774,77.55,3,33372.81979,0,0.164634008,7634
29.49771689,16,1,47.08295351,0.603888208,79.15,4,24600.5651,4,0.045332399,7635
41.27853881,16,7,58.43208751,0.393285972,83.92,2,44363.18912,3,0.600381644,7636
12.69406393,18,13,50.13673655,0.448460873,83.81,4,34811.68461,1,0.063905757,7637
68.99543379,8,21,70.14585232,0.301327804,88.71,2,6695.814751,0,0.095753418,7638
49.8173516,10,11,78.9881495,0.311064551,84.8,6,40757.32301,2,0.009597841,7639
31.09589041,12,5,87.55697356,0.234973675,80.24,3,33570.29637,1,0.168173043,7640
33.28767123,15,4,64.72196901,0.414562568,77.63,3,29267.16487,2,0.145406245,7641
37.53424658,14,1,74.74931632,0.389679769,79.31,7,34289.01431,1,0.003173757,7642
35.98173516,11,6,45.80674567,0.410595745,82.54,4,17019.57459,4,0.031352391,7643
29.543379,16,12,70.00911577,0.464328164,79.54,6,17260.07227,0,0.004332081,7644
22.73972603,15,2,62.8532361,0.330898666,90.87,7,32019.91949,3,0.002852923,7645
44.70319635,12,3,73.92889699,0.381746123,81.23,6,36468.42922,4,0.009170721,7646
47.48858447,10,0,66.90975387,0.420332492,79.34,1,26600.52883,1,0.969928359,7647
47.48858447,11,16,54.64904284,0.474786152,75.54,4,24170.08953,2,0.044304207,7648