Safety_Score,Days_Since_Inspection,Total_Safety_Complaints,Control_Metric,Turbulence_In_gforces,Cabin_Temperature,Accident_Type_Code,Max_Elevation,Violations,Adverse_Weather_Metric,Accident_ID
38.85844749,10,17,51.82315406,0.639950234,83.73,5,38340.91776,1,0.025816321,7649
21.73515982,15,19,91.11212397,0.257692752,78.53,4,20028.16316,3,0.035617203,7650
48.44748858,14,1,68.77848678,0.265265777,76.77,2,20871.60602,1,0.278446238,7651
55.11415525,12,2,78.76025524,0.39076163,78,2,9065.404171,3,0.116198849,7652
55.06849315,12,1,65.45123063,0.451345835,80.31,5,21779.83584,2,0.014254031,7653
35.93607306,11,9,74.70373747,0.326931843,79.85,2,50246.90015,2,0.670132177,7654
34.01826484,15,8,49.68094804,0.33702921,78.18,3,24897.44116,3,0.124435001,7655
25.25114155,14,43,63.90154968,0.246513523,82.97,1,23362.5383,3,0.859867418,7656
50.0913242,13,5,70.14585232,0.672406058,77.55,7,29646.14993,3,0.00270473,7657
23.05936073,14,15,56.19872379,0.399416516,77.47,6,29311.57258,2,0.00720358,7658
20.82191781,15,1,79.39835916,0.245792283,78.46,4,41371.63656,3,0.07637104,7659
17.48858447,16,1,37.51139471,0.577923549,77.17,2,47505.46229,2,0.641805739,7660
29.5890411,13,12,62.26071103,0.247234764,81.1,4,35920.14624,2,0.066531454,7661
63.01369863,6,11,33.68277119,0.564219978,76.63,1,35305.17414,4,1.298804773,7662
58.21917808,8,7,92.29717411,0.211533357,81.1,6,41264.20464,2,0.01002475,7663
36.89497717,14,11,72.83500456,0.351814641,76.79,3,31728.65669,2,0.156147792,7664
60.1369863,14,2,51.45852325,0.480556076,76.19,7,31532.35946,2,0.002912185,7665
21.82648402,15,0,66.54512306,0.523469888,78.19,7,35769.5194,2,0.003072487,7666
39.49771689,13,0,53.91978122,0.474425532,79.1,3,24865.19608,2,0.123761058,7667
28.63013699,20,1,56.83682771,0.364436351,83.72,4,41920.24716,2,0.076566406,7668
58.72146119,14,7,73.42752963,0.222712586,78.3,6,19550.42361,0,0.004972224,7669
59.8173516,14,0,61.53144941,0.250119726,78.92,7,41329.44355,3,0.004004563,7670
40.73059361,16,10,57.74840474,0.717483592,83.25,5,43803.43611,1,0.029589072,7671
23.74429224,14,7,53.32725615,0.395449693,85.87,4,34446.97622,3,0.062808634,7672
41.82648402,13,1,72.4247949,0.373451857,77.09,6,28967.63533,4,0.007286016,7673
30.91324201,12,0,57.29261623,0.348929679,83.63,4,42442.88524,1,0.07754197,7674
50.73059361,6,1,75.84320875,0.370927515,79.91,4,31003.91104,2,0.05632954,7675
70.0913242,11,3,57.42935278,0.399777137,81.78,7,28891.49802,0,0.002796283,7676
69.7260274,7,9,68.27711942,0.356863325,79.65,2,22472.16746,4,0.305093661,7677
53.78995434,12,0,50.68368277,0.645720159,80.16,3,41138.07808,1,0.205286209,7678
40.77625571,16,9,53.23609845,0.424659935,79.6,2,40868.65379,0,0.551040805,7679
58.76712329,14,8,78.53236098,0.249759106,88.93,2,20970.59354,2,0.283595649,7680
46.16438356,15,3,78.07657247,0.355060224,76.89,2,41494.3685,3,0.561343947,7681
47.57990868,11,6,69.91795807,0.22848251,81.09,6,28586.87161,1,0.00745328,7682
26.57534247,17,13,80.4922516,0.324768121,79.57,3,39140.61137,2,0.194627897,7683
49.08675799,14,2,92.88969918,0.162489001,79.98,2,12091.87438,2,0.169198631,7684
31.14155251,16,7,69.78122151,0.30926145,76.48,7,4203.266373,1,0.001480334,7685
26.34703196,13,22,62.89881495,0.288345474,77.16,4,20692.524,3,0.037319608,7686
31.96347032,12,17,81.44940747,0.433675442,77.26,1,28193.96225,1,1.037197908,7687
20.456621,15,2,65.99817685,0.260577714,78.8,7,27035.83879,3,0.002512335,7688
27.94520548,17,1,64.99544211,0.425741796,79.03,3,37047.55116,3,0.184886419,7689
72.55707763,7,2,66.1349134,0.335586729,77.04,2,50138.85333,2,0.677300019,7690
38.31050228,13,3,74.97721057,0.249759106,78.65,3,45645.00969,0,0.227253122,7691
38.72146119,13,9,62.9443938,0.379582402,76.35,3,22231.91106,2,0.11037399,7692
41.82648402,12,3,74.52142206,0.400137757,80.79,3,32649.46251,1,0.161430275,7693
42.55707763,9,9,68.18596171,0.237498017,81.73,1,29306.95075,2,1.088962805,7694
87.48858447,6,21,72.97174111,0.492817166,84.03,7,43564.09444,2,0.003887206,7695
46.16438356,18,4,37.87602552,0.600282005,80.61,4,32986.7833,2,0.060278287,7696
80.95890411,8,7,56.83682771,0.409153264,83.04,7,17582.73967,4,0.001559274,7697
35.11415525,14,2,71.83226983,0.36371511,78.15,3,37550.39877,2,0.187105192,7698
23.42465753,15,0,56.4721969,0.375976199,81.58,5,34458.29672,2,0.023706508,7699
39.36073059,17,2,63.71923428,0.452427696,77.78,7,35247.2888,2,0.003175886,7700
68.03652968,12,5,77.75752051,0.263823296,79.88,7,26150.17972,2,0.002400873,7701
34.38356164,15,5,62.35186873,0.339192932,77.38,3,13375.35486,2,0.065923824,7702
53.24200913,16,0,46.26253418,0.510848179,78.23,7,45864.17804,0,0.003846037,7703
46.43835616,15,6,69.91795807,0.324046881,77.89,2,19100.87039,2,0.25611363,7704
41.46118721,13,2,53.96536007,0.461803823,87,2,29498.43012,1,0.396979934,7705
63.65296804,6,11,36.78213309,0.456033898,76.22,3,26733.76325,2,0.13461137,7706
14.24657534,17,0,71.60437557,0.290148576,77.29,1,12642.68202,1,0.202495647,7707
10.50228311,18,0,80.62898815,0.281854309,77.64,1,31497.94997,4,1.156478082,7708
38.35616438,14,1,56.92798541,0.53897656,78.02,6,36484.23263,2,0.008982857,7709
56.21004566,15,0,67.6390155,0.340274793,76.68,2,57329.68061,2,0.751591485,7710
37.44292237,17,11,75.34184139,0.388237288,82.17,2,25688.5205,2,0.344926674,7711
43.33333333,15,9,70.28258888,0.393646592,76.86,5,14139.90679,2,0.010807266,7712
40.91324201,13,0,63.85597083,0.271396322,78.76,4,38550.13223,2,0.07109598,7713
39.9086758,13,1,65.26891522,0.250119726,78.74,3,47495.65951,1,0.23368441,7714
56.11872146,8,1,53.1905196,0.584775334,78.31,3,39820.41925,2,0.19895819,7715
14.47488584,17,3,43.07201459,0.456033898,76.8,4,21448.46855,1,0.039250074,7716
40.68493151,16,1,72.37921604,0.302409665,77.94,4,19615.29033,1,0.035932625,7717
43.19634703,15,0,72.74384686,0.231728092,75.59,4,47141.22631,1,0.086513998,7718
40.82191781,13,0,64.22060164,0.273560043,83.82,6,33355.86404,2,0.00880519,7719
54.10958904,12,1,90.15496809,0.268150739,76.42,5,24842.6499,1,0.016368052,7720
44.74885845,12,4,60.02734731,0.407710783,77.1,5,38801.36905,2,0.026380929,7721
33.19634703,12,14,71.55879672,0.351454021,87.86,5,48169.64106,3,0.033184857,7722
40.63926941,16,1,53.69188696,0.474425532,77.25,1,10587.35258,2,0.414537352,7723
52.55707763,13,5,58.70556062,0.37705806,80.07,2,50738.43354,2,0.691152161,7724
36.62100457,10,11,73.60984503,0.405907681,79.28,4,47147.82972,2,0.086596342,7725
4.657534247,20,5,69.64448496,0.199632889,78.7,7,30696.56888,1,0.00270473,7726
33.78995434,15,5,79.85414768,0.295197259,83.96,3,21852.7136,3,0.108798255,7727
36.43835616,11,3,70.00911577,0.28257555,81.86,2,27619.70642,2,0.372264719,7728
26.11872146,17,0,82.45214221,0.184486837,82.97,2,15127.5354,1,0.176030905,7729
50.2739726,17,0,43.07201459,0.438724125,79.56,7,23304.66234,3,0.002433384,7730
71.78082192,10,3,84.86782133,0.199993509,79.88,7,30107.34664,2,0.002825237,7731
45.25114155,11,3,75.84320875,0.384991706,80.79,3,22172.69835,3,0.109711642,7732
46.25570776,15,17,72.01458523,0.388958529,79.17,7,39241.56108,1,0.003622184,7733
25.57077626,14,15,65.08659982,0.389319149,78.63,4,37949.72439,1,0.069184314,7734
20.2283105,15,8,76.93710119,0.381746123,79.52,7,32099.60495,4,0.002836763,7735
23.42465753,14,0,46.03463993,0.438724125,81.91,1,36638.34877,3,1.346364085,7736
13.69863014,17,34,62.35186873,0.585496574,78.93,4,46291.39058,2,0.084771779,7737
56.57534247,12,13,50.36463081,0.44485467,86.34,2,20204.64898,1,0.276520836,7738
34.29223744,12,7,45.80674567,0.410595745,81.08,2,19136.0861,0,0.253283471,7739
35.79908676,14,4,71.60437557,0.227040029,77.91,6,40181.98446,1,0.009929981,7740
60.456621,7,9,87.64813127,0.239661738,81.38,6,26215.01864,3,0.006788015,7741
60.82191781,10,10,66.36280766,0.416726289,78.47,4,27222.89413,1,0.050384463,7742
39.9086758,13,4,64.12944394,0.331259286,77.9,3,22941.18158,2,0.114141495,7743
31.82648402,12,2,74.74931632,0.222351965,76.11,4,31531.7962,2,0.057863231,7744
32.92237443,12,1,78.66909754,0.249759106,81.04,3,27158.35686,2,0.134106923,7745
33.65296804,15,0,78.48678213,0.36335449,82.88,6,26977.61345,2,0.006510403,7746
30.1369863,12,1,55.24156791,0.47154057,82.02,1,42639.1392,3,1.566207555,7747
46.25570776,8,1,72.28805834,0.249759106,76.17,4,39280.63845,2,0.072053214,7748
27.39726027,17,6,69.2342753,0.32368626,78.16,6,42282.15788,2,0.009514099,7749
17.07762557,16,0,74.15679125,0.284739272,79.27,4,41573.9652,2,0.076566406,7750
56.48401826,11,20,60.34639927,0.353617743,79.25,5,42277.9679,2,0.028486671,7751
45.25114155,11,2,60.11850501,0.422135593,85.42,6,35902.35475,4,0.008252131,7752
16.80365297,16,14,71.64995442,0.306737108,78,4,33596.65076,1,0.061026709,7753
54.79452055,12,2,68.86964448,0.281493689,80.44,5,41124.47637,1,0.027316802,7754
60.1826484,14,13,58.52324521,0.543664623,78.87,7,21179.10387,1,0.001701728,7755
38.03652968,17,0,78.48678213,0.393646592,81.15,6,35557.67809,2,0.008900999,7756
53.92694064,12,34,57.52051048,0.437642265,86.43,2,35580.6487,1,0.481719619,7757
39.17808219,13,3,74.97721057,0.361551388,79.53,3,37209.43346,1,0.185268595,7758
26.71232877,13,25,63.90154968,0.199632889,77.16,1,22730.47091,1,0.831300703,7759
9.497716895,18,19,75.66089335,0.394367833,79.82,1,26991.83804,0,1.008607933,7760
48.81278539,10,0,64.99544211,0.175471331,77.3,3,30197.47497,2,0.15146017,7761
52.55707763,13,4,58.02187785,0.287263613,81.92,5,44502.49662,1,0.030613307,7762
46.84931507,14,19,33.9562443,0.682864046,79.74,7,43993.90753,1,0.003888909,7763
33.97260274,15,0,66.40838651,0.387516048,80.98,3,42493.86496,2,0.211029209,7764
18.35616438,20,3,59.98176846,0.468294987,79.45,3,16252.90089,0,0.080220399,7765
37.53424658,14,1,60.84776664,0.492095925,76.89,1,14096.26126,2,0.536458749,7766
50.59360731,13,12,75.11394713,0.281133069,82.15,5,20432.27973,1,0.014549465,7767
44.56621005,15,0,64.12944394,0.442330328,77.77,5,30497.88866,1,0.021031661,7768
45.25114155,11,1,62.7620784,0.329095564,82.41,3,28759.09975,0,0.142232506,7769
62.51141553,13,1,64.85870556,0.368403173,81.55,5,23861.03741,3,0.01499081,7770
51.64383562,10,1,48.72379216,0.428987378,84.52,3,31228.50932,2,0.156147792,7771
35.11415525,15,14,37.83044667,0.600282005,84.51,2,42041.44746,0,0.569552534,7772
50.73059361,6,9,88.05834093,0.2959185,81.03,1,43154.90567,2,1.60962628,7773
27.30593607,17,6,64.3573382,0.442690948,82.91,6,37664.92132,1,0.009410406,7774
33.69863014,15,6,67.27438469,0.41744753,76.62,3,21608.8097,1,0.107222523,7775
47.30593607,7,0,58.79671832,0.412038226,82.8,4,43915.36281,1,0.07961405,7776
49.08675799,17,2,51.91431176,0.480556076,82.69,7,26534.35538,1,0.002302843,7777
25.25114155,14,3,79.53509572,0.333783628,79.63,7,29154.54459,2,0.002856572,7778
36.75799087,14,0,59.07019143,0.434396682,78.03,3,27327.47437,2,0.135864511,7779
49.31506849,14,14,57.11030082,0.440887847,79.61,4,20375.81543,0,0.037029031,7780
70,8,15,70.51048314,0.391482871,83.11,5,36421.57363,3,0.023958575,7781
59.40639269,11,12,97.99453054,0.212975838,75.76,2,31117.25437,2,0.422623433,7782
41.91780822,12,15,53.46399271,0.477671114,80.32,2,52978.47906,1,0.715453969,7783
51.23287671,13,3,59.07019143,0.316834475,78.68,2,27518.72352,2,0.373413681,7784
19.13242009,21,0,59.43482224,0.267429499,80.96,3,36059.22158,2,0.179225377,7785
28.21917808,13,0,64.99544211,0.422856834,77.32,7,49951.14276,3,0.004602863,7786
52.64840183,6,7,71.60437557,0.430069239,81.57,4,46540.27204,2,0.084771779,7787
33.78995434,15,2,61.21239745,0.318276956,80.49,2,40233.90928,3,0.54115283,7788
24.88584475,18,3,81.40382862,0.224876307,79.8,4,19984.54461,2,0.035617203,7789
11.64383562,18,0,89.88149499,0.200354129,76.96,4,28605.29785,1,0.053398411,7790
27.94520548,13,3,67.27438469,0.355420844,80.14,4,35662.48086,2,0.065357008,7791
40.91324201,16,23,67.6390155,0.375615579,79.06,2,54788.24704,3,0.773009611,7792
30.3196347,13,3,63.99270738,0.456033898,80.13,4,21651.04946,2,0.039577916,7793
44.88584475,11,13,71.74111212,0.35001154,78.92,6,35974.82174,2,0.008398254,7794
56.75799087,8,3,100,0.21441832,80.16,6,39017.57592,3,0.010012707,7795
74.70319635,6,14,52.46125798,0.366960692,76.53,3,22484.62233,3,0.111897063,7796
50.95890411,10,29,55.05925251,0.475868013,78.79,3,35818.65322,2,0.179067509,7797
22.92237443,14,8,57.88514129,0.448100252,84.03,4,21763.4376,3,0.039859773,7798
34.38356164,18,11,53.64630811,0.440887847,81.44,2,39434.25611,3,0.533857645,7799
33.15068493,15,2,68.64175023,0.251922827,76.93,3,25093.12607,3,0.124868867,7800
38.99543379,10,0,51.82315406,0.54005842,76.99,1,21043.0746,1,0.775459295,7801
57.16894977,8,2,64.49407475,0.339553552,77.53,6,31387.73033,4,0.008100385,7802
35.29680365,11,2,76.48131267,0.243989181,79.17,6,33319.45389,3,0.008519933,7803
30.59360731,12,6,74.93163172,0.28293617,76.27,1,38318.56777,2,1.411538428,7804
61.32420091,10,1,60.71103008,0.328374324,75.27,2,25016.36379,3,0.335107168,7805
41.09589041,9,12,32.49772106,0.542582762,77.95,2,25662.08402,1,0.34702939,7806
27.12328767,17,1,72.01458523,0.413480707,79.74,3,35557.67809,1,0.176919346,7807
36.98630137,10,6,66.31722881,0.334144248,78.52,4,34921.55531,3,0.064150199,7808
20.1369863,19,8,72.01458523,0.340274793,79.22,3,29457.13142,4,0.146658422,7809
37.39726027,17,1,76.61804923,0.335226109,78.83,1,35132.22646,2,1.29142485,7810
23.65296804,14,0,76.61804923,0.22884313,80.98,4,33358.8046,1,0.061019592,7811
57.44292237,11,0,66.36280766,0.400137757,77.18,2,16069.26517,3,0.21472379,7812
19.9086758,16,0,85.5515041,0.21550018,80.05,4,22016.95227,2,0.041338453,7813
34.10958904,15,1,70.46490428,0.331259286,84.1,3,47530.90621,4,0.236847336,7814
63.83561644,6,2,58.84229717,0.425381176,76.13,3,44792.42195,4,0.223008337,7815
33.05936073,15,15,51.64083865,0.368042553,78.83,3,32746.02867,2,0.163704051,7816
54.79452055,12,1,78.76025524,0.39076163,78.7,4,26501.85903,1,0.048670086,7817
46.94063927,14,19,49.04284412,0.251201587,82.99,2,29638.26397,1,0.403546823,7818
45.29680365,15,3,73.60984503,0.405907681,81.56,2,29261.07807,3,0.396376042,7819
18.31050228,16,1,74.24794895,0.204320952,76.78,1,48882.99695,1,1.787288872,7820
12.92237443,18,3,66.49954421,0.268150739,76.28,4,24613.54889,1,0.045340764,7821
30.82191781,16,5,53.2816773,0.343159755,79.11,3,31200.25273,2,0.156527897,7822
44.38356164,15,5,82.04193254,0.317195096,82.09,5,4030.141124,3,0.00259798,7823
58.31050228,11,2,66.49954421,0.367681933,78.32,2,50138.85333,1,0.677300019,7824
38.08219178,17,0,54.37556974,0.599560765,81.42,3,42065.38243,3,0.209889349,7825
36.21004566,11,5,48.22242479,0.430069239,81.37,2,9666.940558,3,0.122686904,7826
26.25570776,17,13,64.31175934,0.44521529,78.49,6,32439.25628,2,0.008048971,7827
41.18721461,9,0,69.5077484,0.421774973,84,3,47530.90621,2,0.237190415,7828
34.70319635,14,13,73.29079307,0.333062387,82.69,3,36541.84914,2,0.18202449,7829
42.10045662,16,5,70.00911577,0.41816877,75.14,2,61815.49829,2,0.773009611,7830
55.25114155,9,10,66.27164995,0.395449693,84.19,7,38745.5763,0,0.00370278,7831
43.33333333,12,10,51.09389243,0.341717274,81.37,4,29832.35471,1,0.054865468,7832
39.6347032,13,1,60.66545123,0.432593581,82.19,3,46938.70933,0,0.233867616,7833
41.41552511,16,7,56.51777575,0.32296502,79.73,4,50122.01975,3,0.090371603,7834
72.55707763,2,11,55.60619872,0.45891886,87.1,3,33757.00536,2,0.168760794,7835
74.65753425,6,6,74.33910665,0.478392355,76.18,6,26733.76325,2,0.006687082,7836
22.19178082,15,6,65.36007293,0.274641904,78.52,1,19463.3736,2,0.721848476,7837
14.06392694,17,9,66.72743847,0.268150739,75.34,4,21193.42533,2,0.038989965,7838
60.1369863,10,2,60.71103008,0.380303642,76.67,2,47324.95278,3,0.643975973,7839
54.33789954,12,2,78.62351869,0.313228273,80.53,5,39951.21403,4,0.025793732,7840
12.96803653,17,0,37.51139471,0.602806347,82.81,4,32744.17068,2,0.060569565,7841
47.48858447,11,2,56.88240656,0.47190119,81.96,2,52978.47906,1,0.729576238,7842
46.11872146,15,0,58.1586144,0.303852146,81.71,2,24781.91587,2,0.337051194,7843
37.16894977,14,14,84.86782133,0.25552903,83.32,3,24101.14266,3,0.118795588,7844
61.05022831,10,3,52.18778487,0.460361342,77.36,2,40813.30576,1,0.551419592,7845
37.71689498,14,4,67.00091158,0.294476019,79.47,4,35594.53289,2,0.065037421,7846
20.86757991,15,14,52.09662716,0.493538406,79.6,1,17307.2747,2,0.660172964,7847
34.61187215,14,5,72.37921604,0.413480707,79.27,1,24605.47132,2,0.901972619,7848
54.24657534,12,0,90.15496809,0.268150739,79.54,2,28885.57324,2,0.390799415,7849
35.70776256,11,10,73.60984503,0.405907681,77.65,2,31638.62932,3,0.429665881,7850
58.99543379,14,25,60.75660893,0.416726289,77.16,7,34472.0838,0,0.003044578,7851
42.00913242,16,13,78.94257065,0.321161918,84.48,1,28364.61146,3,1.043719067,7852
33.92694064,11,22,65.40565178,0.334865489,81.39,1,33157.43728,2,1.222971208,7853
30.59360731,16,2,45.89790337,0.549795168,78.96,5,43627.79498,3,0.030245811,7854
42.42009132,12,17,35.27803099,0.881926433,86.52,3,37920.67541,1,0.18906238,7855
60.0913242,10,3,70.32816773,0.226679409,75.93,2,20520.74105,2,0.275778719,7856
21.46118721,15,3,67.77575205,0.253004688,75.84,4,48288.14244,2,0.088231647,7857
25.25114155,18,13,50.82041933,0.76869167,80.16,6,31006.55725,3,0.007746555,7858
57.76255708,11,3,46.49042844,0.451345835,83.23,3,18438.39087,2,0.091799343,7859
62.96803653,13,19,64.26618049,0.230646232,77.79,7,19742.27302,2,0.002034498,7860
52.46575342,13,1,82.1786691,0.199993509,84.34,2,28885.57324,2,0.391941807,7861
55.79908676,15,11,62.39744758,0.43151172,79.6,7,33387.84831,3,0.003327749,7862
38.12785388,10,1,73.51868733,0.394728453,78.74,1,35132.22646,1,1.285879116,7863
37.57990868,10,12,57.70282589,0.448100252,77.25,1,33700.42268,2,1.239177313,7864
38.03652968,14,2,60.84776664,0.371288136,78.46,5,31151.75116,2,0.019846267,7865
39.36073059,10,14,65.86144029,0.32332564,77.9,3,36507.36325,2,0.180699126,7866
13.10502283,18,13,50.13673655,0.482719798,77.5,7,22795.71188,2,0.001654836,7867
23.92694064,14,6,71.05742935,0.306376488,76.36,4,37868.60456,1,0.069236804,7868
42.51141553,12,6,67.04649043,0.413120087,78.63,2,21213.12437,2,0.287088419,7869
35.20547945,11,2,77.34731085,0.269953841,81.25,4,28855.41867,2,0.05310589,7870
19.22374429,16,6,70.51048314,0.434396682,81.26,1,12542.55061,0,0.306645191,7871
49.22374429,14,6,63.94712853,0.245792283,82.01,2,22674.84765,1,0.303007317,7872
35.02283105,14,4,78.80583409,0.276445005,80.34,6,27827.85143,2,0.006715818,7873
70.3196347,7,0,82.90793072,0.18845366,79.79,4,35819.0665,4,0.064877455,7874
45.98173516,15,0,62.48860529,0.288706094,78.95,2,22969.33828,3,0.309756513,7875
47.62557078,14,14,55.65177758,0.281133069,79.99,2,26770.26254,1,0.359258711,7876
48.72146119,10,7,68.96080219,0.412038226,84.23,1,42321.29153,1,1.555653829,7877
49.08675799,10,0,53.91978122,0.461803823,80.13,4,25562.60347,0,0.047157141,7878
54.42922374,9,23,73.01731996,0.330898666,77.85,4,49233.34871,0,0.090849753,7879
32.92237443,15,0,69.5077484,0.25552903,76.48,1,42416.27043,2,1.552741827,7880
47.89954338,11,2,73.51868733,0.388958529,78.56,3,42084.19913,1,0.209890974,7881
11.50684932,18,3,64.5396536,0.24218608,80.74,7,23004.89479,2,0.002267412,7882
33.92694064,15,3,69.64448496,0.357223945,80.07,6,17572.92548,2,0.004278344,7883
76.39269406,9,8,66.36280766,0.321161918,80.23,5,12090.3042,3,0.005659998,7884
46.71232877,18,1,62.53418414,0.303130905,84.67,3,35803.98377,3,0.180527703,7885
42.87671233,12,3,80.5834093,0.340996033,82.49,3,35393.98969,2,0.17583753,7886
57.26027397,8,5,69.64448496,0.382467364,81.14,3,32554.60187,2,0.162108139,7887
31.59817352,15,2,61.57702826,0.368763794,83.57,3,37550.39877,2,0.186909001,7888
7.442922374,19,9,29.89972653,0.818096646,78.9,4,29692.02236,2,0.054324212,7889
43.47031963,15,0,77.16499544,0.234613054,83.51,2,39679.11482,3,0.537889904,7890
32.92237443,11,15,78.53236098,0.322243779,80.07,4,34640.54687,1,0.06304682,7891
56.66666667,11,6,40.3372835,0.541140281,76.35,2,30393.23661,2,0.412493537,7892
31.41552511,12,2,82.90793072,0.362993869,80.66,6,36292.19498,0,0.008367916,7893
49.08675799,14,5,92.88969918,0.211533357,78.56,2,30792.69503,2,0.414941704,7894
33.88127854,15,2,69.64448496,0.324046881,77.05,3,32150.91088,2,0.160097409,7895
45.29680365,11,8,66.77301732,0.373451857,86.4,5,24783.15015,2,0.017223947,7896
56.25570776,11,13,46.7183227,0.487768482,78.82,2,45903.4682,1,0.627545994,7897
68.67579909,8,20,56.19872379,0.475868013,80.79,6,30637.07084,3,0.007594776,7898
24.24657534,18,4,83.68277119,0.317195096,78.92,6,24379.67112,2,0.005931093,7899
51.23287671,13,19,62.21513218,0.52527299,78.12,5,51044.70911,2,0.03627154,7900
38.21917808,13,2,80.90246126,0.35037216,77.34,6,28520.19777,3,0.007514933,7901
41.68949772,16,4,87.10118505,0.346405337,77.13,2,40744.70302,3,0.549198026,7902
62.73972603,6,4,80.40109389,0.308540209,80.07,6,22597.09595,3,0.005595536,7903
65.34246575,1,8,58.20419325,0.312146412,79.43,2,28183.32313,2,0.382453188,7904
60.54794521,10,12,73.47310848,0.423217454,79.71,2,45300.02702,2,0.617217585,7905
76.11872146,6,21,64.49407475,0.398695276,79.84,3,22977.01515,2,0.114141495,7906
27.71689498,13,2,65.67912489,0.425741796,78.63,6,26744.8668,2,0.007016086,7907
8.538812785,19,1,76.02552416,0.394367833,78.95,6,21762.5038,2,0.00551074,7908
43.65296804,8,6,68.36827712,0.277526866,79.26,4,42166.41888,3,0.077528301,7909
30.1826484,12,2,78.12215132,0.39040101,77.75,7,38623.39103,1,0.003662182,7910
36.07305936,11,1,76.48131267,0.335226109,77.91,4,62471.8748,2,0.10677556,7911
21.27853881,15,17,75.25068368,0.289427335,82.31,4,17117.82572,2,0.031158483,7912
16.98630137,20,20,65.99817685,0.40374396,76.53,3,40871.53732,1,0.204090221,7913
38.08219178,17,3,59.11577028,0.45855824,80.61,6,29091.2627,2,0.007594776,7914
43.15068493,12,21,58.52324521,0.583332853,77.74,3,19721.15734,2,0.098918623,7915
25.57077626,14,9,83.36371923,0.25552903,80.09,1,37558.92683,0,1.377590414,7916
32.42009132,12,10,67.36554239,0.298803462,78.21,4,23787.7963,1,0.043568869,7917
21.23287671,15,2,65.58796718,0.55340137,78.41,4,32734.22227,3,0.060013009,7918
45.15981735,8,4,69.00638104,0.675651641,81.68,4,33143.61124,2,0.061183671,7919
33.10502283,15,7,72.33363719,0.271035701,76.56,7,29596.46422,2,0.002561626,7920
30.91324201,12,1,64.03828624,0.462885683,77.32,2,30536.53639,1,0.411158532,7921
27.53424658,13,28,58.47766636,0.301688424,79.24,4,28183.32313,1,0.051937315,7922
29.31506849,13,1,80.53783045,0.245792283,85.13,4,33385.14826,1,0.061642653,7923
53.83561644,12,8,84.22971741,0.256610891,78.4,2,35377.24419,0,0.478778936,7924
39.45205479,17,4,73.74658159,0.28221493,77.94,1,30017.31061,1,1.107264599,7925
38.81278539,13,0,61.53144941,0.424299315,86.39,3,831.6955534,3,0.047600965,7926
33.83561644,15,5,47.21969006,0.515896863,81.45,3,32986.7833,1,0.163023626,7927
36.75799087,14,3,72.698268,0.219106383,83.03,3,38942.25088,3,0.195609414,7928
37.21461187,10,2,56.15314494,0.345323476,79.22,4,32342.31338,0,0.059229229,7929
59.6803653,14,0,51.45852325,0.556286332,80,5,36256.67803,3,0.025110149,7930
60.54794521,14,11,73.06289881,0.260938334,77.41,6,22253.1682,1,0.005335316,7931
45.75342466,11,17,69.91795807,0.425020555,78.31,3,26782.02428,2,0.135445813,7932
19.9086758,19,3,50.68368277,0.439445366,79.97,2,32847.03796,1,0.443077513,7933
16.16438356,17,12,80.99361896,0.4311511,81.44,2,54429.81191,0,0.74690874,7934
51.78082192,10,0,55.69735643,0.259856473,83.6,4,25223.04717,1,0.046205977,7935
41.05022831,12,21,69.96353692,0.425020555,75.84,3,46415.17343,1,0.231870737,7936
38.76712329,10,2,39.97265269,0.558089434,81.52,1,37034.40564,2,1.363369436,7937
21.50684932,15,2,59.43482224,0.382827984,76.49,1,38752.94775,2,1.418695031,7938
43.69863014,12,14,55.78851413,0.440887847,81.44,2,38406.93188,0,0.5197813,7939
62.69406393,13,1,64.85870556,0.284018031,78.95,3,15928.15204,3,0.079301599,7940
56.16438356,15,4,58.61440292,0.37705806,85.99,7,19398.15115,1,0.002066049,7941
41.96347032,12,4,51.27620784,0.568186801,83.76,3,24604.46559,1,0.1217547,7942
23.56164384,14,8,43.80127621,0.543664623,77.16,1,20124.30506,3,0.748594381,7943
46.66666667,7,17,45.39653601,0.725777858,77.74,2,20799.92559,1,0.278446238,7944
28.21917808,17,11,59.89061076,0.409513884,78.34,4,24750.87159,3,0.045349159,7945
42.51141553,12,13,35.27803099,0.869304724,81.11,6,28126.46856,4,0.006546961,7946
40.2739726,10,6,62.16955333,0.415644428,81.21,4,47132.95711,2,0.086747169,7947
28.85844749,13,2,47.26526892,0.421053732,79.51,4,30677.10545,2,0.055462924,7948
46.84931507,7,4,77.11941659,0.232449333,80.2,4,35967.37552,0,0.066039462,7949
48.26484018,10,26,57.56608933,0.478752975,77.91,6,21995.4182,4,0.005395942,7950
41.14155251,13,3,74.02005469,0.250119726,80.92,3,27827.85143,3,0.138546714,7951
29.9543379,19,8,61.62260711,0.368763794,80.72,7,14240.57263,2,0.001454434,7952
44.56621005,8,0,53.64630811,0.245792283,87.06,4,17318.54848,3,0.031766025,7953