Safety_Score,Days_Since_Inspection,Total_Safety_Complaints,Control_Metric,Turbulence_In_gforces,Cabin_Temperature,Accident_Type_Code,Max_Elevation,Violations,Adverse_Weather_Metric,Accident_ID
1.689497717,21,0,55.69735643,0.484162279,77.62,7,43590.44521,4,0.003917603,7954
25.89041096,14,0,48.58705561,0.634901551,78.37,2,27787.07188,1,0.378611274,7955
33.19634703,12,1,76.61804923,0.383188604,76.27,1,41720.13355,2,1.535125618,7956
21.91780822,19,2,77.34731085,0.272117562,78.35,3,24272.05911,1,0.119252737,7957
30.91324201,12,3,64.03828624,0.417086909,77.91,4,21651.04946,1,0.039861126,7958
28.67579909,13,10,97.31084777,0.311064551,80.09,4,32951.98882,2,0.059850391,7959
66.62100457,12,4,74.79489517,0.221630725,82.53,7,20600.58499,2,0.001878239,7960
21.46118721,15,2,65.26891522,0.523469888,81.55,5,13118.5373,2,0.008530901,7961
46.84931507,14,4,79.48951686,0.292672917,81.18,2,27206.77747,3,0.370578627,7962
44.06392694,12,24,69.55332726,0.329095564,80.84,6,42860.16108,2,0.010889727,7963
61.23287671,7,2,61.57702826,0.250119726,78.17,2,44899.07051,3,0.60349007,7964
18.31050228,16,4,57.83956244,0.30962207,80.96,3,36830.54453,1,0.182930119,7965
27.89954338,13,3,67.27438469,0.327292463,78.46,4,26890.68028,3,0.048734113,7966
20.2283105,15,5,65.99817685,0.236776776,77.74,4,38399.4551,0,0.070124997,7967
63.10502283,13,19,71.83226983,0.194944825,77.41,1,28923.90026,4,1.067633041,7968
22.19178082,18,3,59.02461258,0.219106383,79.8,3,24854.10184,2,0.123741287,7969
30.91324201,12,3,79.03372835,0.39040101,83.94,3,22169.2086,3,0.109711642,7970
11.50684932,18,13,64.5396536,0.305294627,78.6,2,41622.39272,2,0.563057175,7971
33.01369863,18,7,54.55788514,0.442330328,76.66,3,30360.39694,3,0.152337945,7972
46.34703196,11,5,73.88331814,0.370927515,81.11,2,59108.87717,4,0.780994745,7973
36.43835616,11,3,60.57429353,0.369124414,77.79,6,49860.81887,3,0.012895327,7974
47.12328767,11,0,50.77484047,0.493899026,75.67,2,37459.0866,1,0.506635385,7975
34.33789954,15,19,58.84229717,0.508323837,84.82,3,52411.3767,2,0.260940879,7976
56.94063927,11,1,73.42752963,0.297360981,79.63,2,32342.11069,2,0.437800105,7977
33.74429224,11,0,60.34639927,0.375615579,78.15,4,35867.23014,4,0.065693124,7978
68.63013699,11,2,52.82588879,0.36335449,81.79,7,54660.6343,2,0.004696116,7979
36.62100457,17,0,71.55879672,0.248316625,84.93,5,36166.00391,1,0.024409047,7980
16.34703196,17,5,85.5515041,0.271396322,80.47,1,31850.85926,1,1.166774798,7981
43.47031963,12,3,66.86417502,0.251201587,82.66,6,36191.03222,2,0.008974208,7982
42.42009132,12,10,52.55241568,0.548713307,79.89,3,37070.45485,3,0.185268595,7983
67.67123288,11,1,86.59981768,0.272117562,80.66,7,38986.28694,2,0.003403008,7984
29.543379,13,7,73.38195077,0.252644068,77.09,7,23568.47262,2,0.002458955,7985
36.11872146,11,6,74.2935278,0.238940498,78.93,2,23568.47262,3,0.320229608,7986
50.2739726,16,7,54.7857794,0.599560765,80.19,7,34371.86276,3,0.003118626,7987
44.79452055,8,3,52.91704649,0.426823657,79.39,1,35207.22856,2,1.292442384,7988
46.21004566,15,18,82.86235187,0.462885683,85.04,2,25814.27752,1,0.348598244,7989
27.85388128,17,6,75.11394713,0.20179661,76.98,6,25719.15968,2,0.006380526,7990
35.52511416,14,8,74.74931632,0.281133069,82.49,3,32708.13914,2,0.164009611,7991
67.53424658,12,15,67.36554239,0.324768121,78.86,4,38011.02122,5,0.069077736,7992
51.96347032,13,8,69.4165907,0.298803462,80.03,2,32990.91494,2,0.446483482,7993
41.64383562,19,9,82.86235187,0.371648756,80.43,7,29289.65176,2,0.002819382,7994
37.21461187,11,1,57.83956244,0.304573386,83.56,4,43693.77854,2,0.07961405,7995
30.91324201,16,2,62.57976299,0.339192932,80.03,3,24242.43199,2,0.120446192,7996
42.05479452,16,1,45.07748405,0.663751172,81.84,7,44888.76314,3,0.004009417,7997
31.05022831,12,3,67.59343665,0.245071042,89.13,5,25170.33063,1,0.016526595,7998
50.2283105,16,5,55.60619872,0.374533718,81.7,3,23159.69887,1,0.115148815,7999
45.89041096,11,12,63.21786691,0.258413992,78.01,2,29893.73351,1,0.406933962,8000
35.70776256,11,8,69.2342753,0.276084385,81.44,2,33523.70234,1,0.453693975,8001
35.38812785,18,1,69.00638104,0.468294987,83.58,4,22976.13123,3,0.042140418,8002
32.00913242,15,3,61.57702826,0.453509556,80.36,3,32127.88846,1,0.160237023,8003
51.41552511,10,9,66.63628077,0.372730617,79.42,1,34626.88625,3,1.270808056,8004
12.37442922,18,5,74.15679125,0.270314461,77.58,6,24323.50751,4,0.006066867,8005
35.29680365,11,1,76.48131267,0.243989181,77.94,3,29572.33173,1,0.146661195,8006
8.538812785,19,9,73.29079307,0.32332564,79.43,2,31046.6876,3,0.417407396,8007
49.6803653,7,0,80.35551504,0.22884313,78.86,4,43912.82128,3,0.08065624,8008
58.08219178,15,2,62.35186873,0.402662099,79.83,3,22470.37473,2,0.112551767,8009
35.06849315,11,0,70.14585232,0.308900829,83.36,5,23770.75674,4,0.01556415,8010
20.1369863,15,1,54.92251595,0.34965092,76.49,4,31533.39615,1,0.057775926,8011
27.12328767,13,0,76.52689152,0.281854309,77.87,1,31758.92818,3,1.1732699,8012
38.85844749,17,7,65.45123063,0.272478182,80.95,2,39069.37604,2,0.529397253,8013
34.06392694,11,1,56.92798541,0.522748648,81.42,1,45027.38573,3,1.693863577,8014
27.89954338,13,8,64.40291705,0.417086909,77.91,1,29021.27495,2,1.065207681,8015
23.65296804,18,7,78.07657247,0.397974035,87.34,6,49095.25021,4,0.013187176,8016
36.07305936,17,1,71.55879672,0.333423008,79.85,5,36002.53139,3,0.024409047,8017
57.48858447,8,0,73.29079307,0.352175261,76.93,5,24044.67151,2,0.016059003,8018
56.84931507,11,0,73.42752963,0.419971872,78.56,2,23026.62966,2,0.314050656,8019
32.87671233,18,7,54.55788514,0.372009376,79.53,2,32417.93017,4,0.438728976,8020
33.60730594,18,6,43.07201459,0.479113595,77.52,2,19136.0861,3,0.253283471,8021
73.51598174,10,1,65.90701914,0.298803462,77.66,7,22925.93204,0,0.002201649,8022
37.07762557,14,12,71.87784868,0.35001154,79.2,6,31993.45889,1,0.008138343,8023
74.10958904,6,9,73.65542388,0.334144248,77.5,4,30360.29844,3,0.055659983,8024
57.12328767,15,16,57.976299,0.478392355,78.97,7,43425.61295,4,0.003749465,8025
53.92694064,12,7,77.02825889,0.324768121,81.26,2,31661.62881,1,0.429534515,8026
40.63926941,13,19,53.60072926,0.60641255,80.32,4,47156.93843,3,0.086532665,8027
43.33333333,15,10,63.76481313,0.448460873,76.31,2,25806.04805,1,0.350179582,8028
20.0456621,19,8,62.16955333,0.492095925,79.67,3,32187.54378,2,0.160231708,8029
58.49315068,4,10,51.00273473,0.76869167,77.12,6,47156.93843,4,0.011775811,8030
30,13,8,73.06289881,0.333062387,77.38,4,17884.80854,2,0.031700452,8031
48.85844749,17,5,69.78122151,0.22884313,83.22,7,30696.56888,1,0.002796283,8032
39.9543379,13,2,69.59890611,0.355060224,77.65,3,21725.04363,3,0.107222523,8033
73.42465753,10,19,69.55332726,0.28329679,80.09,2,40139.03963,2,0.543669819,8034
21.32420091,21,6,80.99361896,0.291591057,79.88,4,27249.2882,2,0.049958723,8035
48.26484018,7,6,75.11394713,0.288345474,79.51,4,32183.65662,0,0.0592112,8036
25.25114155,14,8,38.96991796,0.707746845,78.46,4,40671.27507,1,0.073522785,8037
76.11872146,6,17,65.90701914,0.398695276,77.36,7,29457.68849,1,0.002657566,8038
57.57990868,11,9,83.91066545,0.242907321,83.11,7,30207.85231,3,0.002906113,8039
20.50228311,15,9,86.64539654,0.312146412,82.31,4,29715.3911,2,0.05443928,8040
61.87214612,13,20,64.26618049,0.408071403,77.39,7,45795.50296,1,0.004297175,8041
5.753424658,20,0,76.02552416,0.394367833,79.01,4,44409.56619,2,0.082427704,8042
24.15525114,14,5,45.53327256,0.424659935,81.45,4,30677.10545,3,0.055307826,8043
37.39726027,17,0,69.18869644,0.408792643,78.32,2,23214.49122,2,0.310096672,8044
57.07762557,15,1,56.15314494,0.546910206,77.04,4,30982.48581,2,0.056423869,8045
69.36073059,11,10,69.00638104,0.428266138,77.82,4,9560.909439,2,0.016530971,8046
30.1826484,12,0,52.96262534,0.382467364,77.99,1,23825.24666,1,0.867035654,8047
19.543379,15,44,54.7857794,0.467573747,83.56,4,27190.79361,2,0.050325785,8048
55.02283105,12,4,57.47493163,0.425381176,76.09,5,42842.03827,1,0.02826658,8049
54.88584475,12,1,65.45123063,0.578644789,79.66,2,22671.81721,0,0.307623472,8050
40.1826484,13,4,55.92525068,0.44485467,84.87,4,27569.72084,2,0.050736585,8051
38.76712329,14,5,59.48040109,0.47190119,83.92,1,43419.87556,1,1.623661823,8052
43.78995434,15,3,69.4165907,0.306376488,79.28,2,42416.27043,3,0.573748944,8053
39.8173516,17,3,59.29808569,0.53897656,77.85,4,32127.88846,2,0.059396626,8054
26.11872146,17,1,82.45214221,0.18809304,82.97,2,38360.57307,1,0.51935507,8055
25.57077626,18,2,62.07839562,0.518421204,79.1,3,24133.61213,1,0.120843467,8056
48.99543379,14,9,37.64813127,0.60713379,86.59,7,28384.52631,2,0.002852923,8057
22.28310502,18,10,66.0437557,0.254447169,76.21,6,26271.87163,2,0.006916604,8058
61.41552511,14,0,39.88149499,0.634901551,76.33,2,49762.79706,2,0.678555592,8059
31.59817352,19,9,69.325433,0.380303642,78.27,5,31041.73851,2,0.021002845,8060
42.37442922,12,1,90.15496809,0.297000361,77.73,3,26032.9419,2,0.128707665,8061
46.07305936,8,3,59.29808569,0.364796971,78.09,3,28135.91731,2,0.141031134,8062
62.00913242,6,19,56.70009116,0.672406058,77.55,5,34371.86276,3,0.023571355,8063
68.72146119,11,15,69.00638104,0.373091237,88.48,2,38384.43182,4,0.52019023,8064
47.89954338,17,22,53.78304467,0.437642265,79.37,6,23007.88876,0,0.005335316,8065
24.88584475,18,9,82.90793072,0.337750451,79.2,6,32328.21992,2,0.007654089,8066
35.70776256,11,7,68.50501367,0.247595384,78.4,7,20061.5449,1,0.001579997,8067
43.97260274,15,11,72.01458523,0.30998269,76.92,7,25158.31211,1,0.002378405,8068
18.72146119,16,1,74.24794895,0.238940498,78.7,4,23049.14593,2,0.042283526,8069
65.02283105,9,0,68.00364631,0.240022358,76.61,4,32800.83687,2,0.059945972,8070
58.26484018,11,7,76.89152233,0.426823657,82.92,5,29213.27813,1,0.020353891,8071
16.52968037,16,0,71.78669098,0.398695276,76.88,1,31038.90179,4,1.141857385,8072
53.88127854,12,11,70.10027347,0.354699603,75.33,2,43310.60148,0,0.582155821,8073
43.47031963,15,7,52.32452142,0.468655608,81.89,5,35275.17365,1,0.022767235,8074
34.56621005,11,6,50.77484047,0.481277317,85.53,4,37212.19215,2,0.068057398,8075
17.35159817,20,12,62.53418414,0.276805626,76.74,3,19136.27888,2,0.094561641,8076
15.70776256,17,0,71.83226983,0.315752614,85.04,4,21536.21947,2,0.039237203,8077
31.96347032,15,7,70.00911577,0.333062387,78.58,6,27480.06557,3,0.006448712,8078
58.99543379,14,8,64.40291705,0.462525063,76.13,6,33138.54374,2,0.007672061,8079
36.16438356,11,3,77.98541477,0.250840966,77.34,2,26430.50096,1,0.356822655,8080
29.8630137,12,6,74.93163172,0.22920375,77.63,7,37119.54338,2,0.003471402,8081
27.12328767,20,2,62.03281677,0.452067075,79.72,4,12598.36415,2,0.021763743,8082
57.71689498,11,4,77.07383774,0.232449333,80.99,1,34239.84979,0,1.25816103,8083
9.315068493,19,9,49.86326345,0.362272629,81.2,4,38634.49184,1,0.070741208,8084
54.74885845,15,3,58.61440292,0.219467003,80.12,3,26210.19223,1,0.131214853,8085
48.26484018,14,2,67.41112124,0.300606563,77.49,2,33848.16112,2,0.459495412,8086
53.88127854,12,7,66.95533273,0.302770285,77.03,2,42734.06131,2,0.579515445,8087
23.05936073,14,15,56.19872379,0.362633249,80.55,6,39646.00181,3,0.010255003,8088
29.13242009,13,10,82.08751139,0.26887198,78.65,7,14957.15226,2,0.001356365,8089
41.27853881,13,17,53.60072926,0.548713307,83.73,3,39380.29135,2,0.194627897,8090
63.10502283,6,12,52.68915223,0.366960692,77.8,2,44097.24316,1,0.592942659,8091
22.05479452,15,7,92.38833181,0.185208078,81.03,4,28994.83338,1,0.052975999,8092
38.58447489,13,5,70.87511395,0.307458348,84.92,3,38405.20903,1,0.191426209,8093
46.02739726,8,8,66.2260711,0.572514245,79,1,29433.30072,2,1.088698482,8094
20.50228311,19,2,77.34731085,0.355781464,76.75,3,15865.87217,1,0.080734035,8095
40.3196347,13,13,71.87784868,0.355420844,78.93,6,53323.67086,1,0.012101336,8096
38.03652968,13,2,55.97082954,0.585496574,83.08,4,28454.4614,2,0.052019506,8097
19.9543379,16,4,65.86144029,0.399416516,80.12,4,15301.25196,2,0.026654264,8098
40.77625571,9,1,92.61622607,0.223794446,79.43,3,37268.64778,1,0.186393853,8099
36.75799087,14,10,59.70829535,0.407710783,79.56,3,24784.54969,3,0.121638568,8100
38.26484018,10,1,77.02825889,0.324768121,80.21,7,45031.08404,2,0.004002004,8101
59.40639269,14,9,38.96991796,0.785640822,77.27,2,35589.59362,2,0.480311363,8102
73.51598174,10,19,69.55332726,0.246874144,78.2,4,23275.65222,2,0.042389134,8103
4.657534247,20,8,64.99544211,0.45891886,83.36,1,32394.70454,2,1.184334393,8104
50.1369863,6,3,72.15132179,0.308900829,78.27,4,33425.22558,1,0.061343855,8105
63.69863014,10,12,57.24703737,0.538615939,82.2,2,31738.54631,1,0.429534515,8106
44.33789954,12,1,65.13217867,0.330538045,80.77,2,23768.2796,3,0.320229608,8107
25.89041096,14,1,49.27073838,0.438002885,80.23,3,32732.61836,1,0.163199734,8108
42.28310502,12,18,60.66545123,0.353617743,78.55,7,45795.50296,3,0.003991407,8109
39.8173516,10,18,58.0674567,0.434396682,80.98,4,50314.72046,3,0.096676664,8110
44.01826484,12,6,30.72014585,0.820260368,76.37,5,29067.56185,4,0.019927715,8111
30.3196347,16,5,70.46490428,0.394728453,76.53,3,44556.16661,2,0.217998521,8112
56.02739726,12,2,93.66453965,0.176553191,82.67,2,34177.24408,3,0.462514456,8113
54.74885845,9,9,78.57793984,0.311064551,80.75,5,34578.13396,2,0.022752066,8114
30.3196347,12,5,55.37830447,0.253004688,87.65,1,32919.05248,1,1.203641484,8115
42.19178082,12,2,69.14311759,0.320080058,81.2,5,28510.12249,3,0.018857394,8116
13.78995434,17,12,63.30902461,0.251922827,77.29,4,30477.31908,2,0.055629647,8117
35.20547945,11,12,50.18231541,0.484522899,77.67,4,36010.89648,3,0.066451261,8118
57.16894977,8,5,89.24339107,0.259856473,80.05,6,35640.05233,1,0.00923432,8119
18.90410959,19,8,64.3573382,0.337389831,78.52,1,42453.45272,1,1.552741827,8120
44.84018265,8,10,73.97447584,0.339553552,80.61,4,33892.77025,1,0.062037974,8121
31.18721461,19,38,70.60164084,0.339914172,79.22,5,48367.58932,1,0.033080119,8122
19.17808219,21,0,57.01914312,0.375976199,81.82,7,25229.782,1,0.002267412,8123
20.3196347,15,8,76.93710119,0.284378651,82.12,4,25245.63477,2,0.045592307,8124
44.42922374,15,2,68.00364631,0.240022358,75.71,2,25598.80454,0,0.346527328,8125
40.63926941,9,6,46.08021878,0.408071403,78.06,2,26365.82613,4,0.357094607,8126
16.52968037,17,29,63.90154968,0.379582402,77.91,6,34422.39719,3,0.008417642,8127
61.50684932,10,5,45.25979945,0.478392355,81.8,7,36969.19838,1,0.003606835,8128
27.44292237,13,1,44.89516864,0.409874504,79.22,2,35508.18315,3,0.482942372,8129
25.29680365,14,3,76.80036463,0.242907321,80.06,3,33319.45389,3,0.164830369,8130
27.48858447,20,3,71.78669098,0.446657771,79.8,2,25114.3954,2,0.339470395,8131
42.19178082,12,0,63.85597083,0.302770285,84.48,3,30580.75163,4,0.150239799,8132
29.9543379,22,0,66.68185962,0.306376488,83.58,7,33784.95372,1,0.003292337,8133
27.89954338,17,6,76.57247037,0.265987018,76.98,6,25045.59397,2,0.00609997,8134
25.15981735,14,11,65.58796718,0.236776776,81.88,1,22730.47091,0,0.832143765,8135
42.28310502,16,7,65.13217867,0.329095564,80.03,1,32562.57724,3,1.183045268,8136
21.91780822,18,13,62.80765725,0.330898666,79.4,3,29457.13142,2,0.147082419,8137
15.75342466,20,28,68.86964448,0.267429499,77.58,3,20059.38471,2,0.098496104,8138
15.43378995,17,2,63.90154968,0.401580238,79.94,1,28677.95586,3,1.055003037,8139
36.02739726,11,14,56.5633546,0.475507393,82.02,1,24420.713,3,0.905184704,8140
50.0456621,17,14,70.00911577,0.354699603,77.78,2,40744.70302,1,0.551040805,8141
28.90410959,13,4,62.26071103,0.383909845,76.85,1,55683.74448,1,2.04849048,8142
38.03652968,17,2,63.58249772,0.320801298,81.49,1,19243.13309,3,0.685290137,8143
48.31050228,14,8,75.38742024,0.395810314,79.07,2,41118.89527,1,0.553503806,8144
40.77625571,13,19,56.74567001,0.548713307,80.23,3,32044.55638,3,0.158785043,8145
40.3196347,13,15,77.93983592,0.249759106,79.12,6,23807.85418,1,0.006234471,8146
26.25570776,17,4,76.75478578,0.307097728,78.74,6,42138.19041,3,0.010121604,8147
50.50228311,13,13,69.64448496,0.425020555,83.97,3,39759.02,3,0.197414519,8148
64.84018265,9,0,64.3573382,0.448460873,78.49,5,46418.38051,2,0.031358572,8149
48.72146119,10,1,61.21239745,0.368042553,77.3,3,22475.12587,2,0.112244853,8150
62.64840183,6,1,56.70009116,0.495702128,83.92,7,31827.61486,1,0.002627593,8151
34.47488584,15,23,57.88514129,0.508323837,83.64,4,52249.61015,2,0.09280466,8152
58.49315068,1,20,67.04649043,0.409513884,79.72,7,25135.85148,2,0.002300044,8153
33.19634703,11,2,65.67912489,0.368042553,76.64,4,29234.31639,0,0.052987804,8154
62.69406393,13,16,75.75205105,0.333062387,77.94,7,43771.09648,2,0.003846037,8155
64.20091324,13,7,63.53691887,0.5130119,77.62,7,28451.0147,1,0.002733575,8156
72.92237443,10,19,60.57429353,0.367321313,86.4,7,21530.96388,2,0.002060174,8157
44.06392694,12,4,72.78942571,0.273560043,80.96,6,31603.88168,2,0.008214224,8158
48.63013699,10,2,81.90519599,0.226679409,79.9,3,33729.96606,4,0.168586749,8159
64.56621005,9,14,73.65542388,0.335947349,79.3,5,49233.34871,1,0.033184857,8160
44.06392694,15,7,51.23062899,0.633098449,81.79,5,36354.48843,2,0.024734269,8161
58.72146119,14,7,66.2260711,0.423217454,76.37,7,31652.75625,2,0.002902411,8162
61.23287671,7,2,61.57702826,0.380303642,83.1,3,36841.50111,2,0.182502203,8163
38.72146119,14,9,73.15405652,0.317916336,78.54,3,40147.97029,2,0.200329336,8164
36.02739726,14,3,35.91613491,0.563138118,80.2,1,49433.53753,3,1.829191286,8165
30.77625571,19,2,50.95715588,0.527076091,79.97,2,57472.21153,2,0.741478293,8166
38.99543379,10,17,51.82315406,0.54005842,79.21,1,10730.43013,4,0.387799082,8167
36.71232877,14,3,60.30082042,0.243989181,84.15,6,30262.44289,2,0.007581612,8168
32.51141553,12,5,66.2260711,0.610739993,81.76,4,21762.69878,3,0.03928424,8169
22.83105023,18,22,91.11212397,0.351814641,81.82,1,29801.50652,0,1.082698752,8170
30.91324201,16,2,81.40382862,0.24218608,79.51,3,22753.31325,0,0.113684532,8171
28.90410959,13,2,44.75843209,0.687191489,77.37,1,48855.48982,2,1.787288872,8172
46.02739726,8,3,69.18869644,0.675651641,79.64,4,33766.18212,2,0.062337426,8173
43.69863014,15,7,50.77484047,0.645720159,77.71,5,45760.75609,2,0.030950176,8174
31.09589041,16,5,64.22060164,0.462525063,75.68,6,36742.99032,3,0.008690673,8175
50.50228311,10,0,80.674567,0.240022358,79.04,6,43136.25353,3,0.010586467,8176
38.76712329,14,22,69.96353692,0.380664263,80.75,3,42630.26185,2,0.211596152,8177
48.44748858,10,6,73.70100273,0.370206275,79.57,3,30361.87311,2,0.151493601,8178
82.23744292,7,11,87.2379216,0.285099892,75.61,7,26960.23151,0,0.002324446,8179
76.62100457,9,1,62.26071103,0.461803823,79.43,6,22564.4372,3,0.005557064,8180
41.32420091,16,1,75.29626253,0.312867652,80.27,2,43972.09717,1,0.592942659,8181
47.57990868,11,10,74.65815861,0.285099892,78.05,3,36295.10335,1,0.181272564,8182
46.16438356,11,3,77.98541477,0.36335449,78.03,6,14955.13637,1,0.003678584,8183
41.09589041,9,11,61.48587056,0.352535882,86.58,4,33184.10788,1,0.060719841,8184
48.26484018,7,11,77.52962625,0.207205914,79.51,4,31078.83336,3,0.057507394,8185
24.88584475,17,0,51.91431176,0.507241976,77.95,4,39522.79311,3,0.073235561,8186
50.1826484,10,4,45.39653601,0.476589254,78.33,6,27780.31609,3,0.006530646,8187
31.09589041,16,7,72.88058341,0.351814641,76.18,6,29311.57258,4,0.007545438,8188
61.32420091,10,9,67.41112124,0.245431662,80.84,2,23787.7963,3,0.319962378,8189
41.32420091,16,2,80.03646308,0.234252434,76.8,6,33323.29099,1,0.009145793,8190
22.87671233,19,7,54.14767548,0.592348359,80.53,4,45290.88375,3,0.08361055,8191
50.91324201,10,0,45.39653601,0.72794158,80.24,4,48400.61949,2,0.088896155,8192
62.19178082,10,6,85.27803099,0.351093401,77.17,2,31396.95008,3,0.426934616,8193
36.43835616,18,1,72.4247949,0.351093401,78.83,2,25114.3954,2,0.339886382,8194
34.84018265,15,3,52.41567912,0.629852867,83.76,2,27654.28502,3,0.374206789,8195
24.88584475,18,7,75.8887876,0.229564371,77.93,3,37964.28809,2,0.18906238,8196
41.68949772,20,9,58.65998177,0.284739272,77.01,2,20737.02088,1,0.279104058,8197
66.80365297,5,9,55.60619872,0.300967184,78.39,4,27384.80767,1,0.050182997,8198
42.32876712,12,1,90.15496809,0.286902993,77.73,4,26032.9419,1,0.048118611,8199
46.84931507,14,3,50.82041933,0.618313018,81.6,2,37572.33494,3,0.509526605,8200
46.89497717,18,0,57.74840474,0.356502705,76.35,4,36896.76128,3,0.067308421,8201
40.0913242,16,5,69.4165907,0.337389831,75.14,2,25016.36379,2,0.338559668,8202
63.65296804,10,0,80.26435734,0.297721601,79.94,2,48139.71599,0,0.653318297,8203
33.28767123,15,2,58.93345488,0.399055896,77.35,4,33651.58052,1,0.060964781,8204
13.69863014,17,34,70.14585232,0.230646232,79.07,4,47182.81461,1,0.086747169,8205
4.931506849,20,1,76.02552416,0.30962207,76.44,4,31531.7962,2,0.056899384,8206
28.94977169,20,13,58.20419325,0.554122611,78.61,7,28451.0147,2,0.002766366,8207
25.84474886,14,3,61.75934366,0.322243779,82.53,1,27108.1286,1,0.993891141,8208
58.99543379,14,7,62.71649954,0.317916336,80.64,5,45881.80238,2,0.030950176,8209
38.40182648,17,23,56.65451231,0.40410458,76.86,2,31546.43827,1,0.426352881,8210
10.63926941,18,6,47.90337284,0.544025243,77.9,4,11063.86805,2,0.019361957,8211
56.62100457,8,6,65.58796718,0.318276956,79.83,6,40754.71833,0,0.009890656,8212
64.56621005,9,14,72.24247949,0.414201947,79.23,5,5573.652213,2,0.004511604,8213
22.32876712,15,27,57.88514129,0.467573747,78.59,4,46047.50763,1,0.084785639,8214
26.16438356,17,0,62.67092069,0.400498377,80.35,3,26274.69289,2,0.130415664,8215
37.57990868,11,6,52.55241568,0.629852867,80.13,4,5142.286073,2,0.017804095,8216
93.78995434,5,0,65.08659982,0.339553552,79.56,6,22248.33504,3,0.005748761,8217
32.10045662,15,19,61.57702826,0.48596538,78.23,3,14797.07115,3,0.07146229,8218
39.26940639,10,3,59.29808569,0.334865489,80.37,4,38050.44131,2,0.069330075,8219
15.29680365,17,8,51.5952598,0.44485467,77.75,1,20061.65775,1,0.741000086,8220
33.88127854,11,6,72.88058341,0.33666859,81.74,4,21620.87164,1,0.039202189,8221
57.26027397,11,7,55.97082954,0.409153264,82.01,6,4866.798542,2,0.001206359,8222
12.46575342,18,9,59.25250684,0.391482871,78.02,5,38017.71186,2,0.026612303,8223
46.57534247,8,10,53.96536007,0.605691309,81.72,3,39488.30147,3,0.197770829,8224
44.52054795,12,3,65.13217867,0.364796971,80.96,6,38801.36905,1,0.009819603,8225
18.72146119,19,8,64.5396536,0.341717274,78.73,3,45004.81958,0,0.223615477,8226
48.63013699,7,2,61.62260711,0.426102416,81.31,4,30372.7583,1,0.056187079,8227
19.17808219,16,1,76.61804923,0.327653083,86.56,2,24761.25663,4,0.33878978,8228
62.14611872,10,10,65.54238833,0.318276956,82.11,5,31152.23867,2,0.019889753,8229
20.86757991,19,14,38.78760255,0.556646953,77.78,3,23849.22481,1,0.11971137,8230
25.25114155,17,0,76.57247037,0.239661738,80.98,3,26632.01297,2,0.132638956,8231
18.72146119,19,1,59.16134913,0.486326001,79.81,3,19494.85874,0,0.095949251,8232
19.7716895,16,0,61.98723792,0.466131266,83.52,1,28817.10396,1,1.055003037,8233
22.83105023,15,2,73.42752963,0.463246304,76.19,1,34544.14446,3,1.280567924,8234
49.26940639,14,3,72.15132179,0.358305806,85.19,2,17090.31551,1,0.23468904,8235
32.00913242,15,7,62.07839562,0.361190768,78.09,7,33069.86213,2,0.00322386,8236
45.43378995,15,10,77.52962625,0.355060224,79.07,2,41118.89527,2,0.556606595,8237
44.93150685,12,3,80.40109389,0.378139921,81.11,3,32185.69842,3,0.160231708,8238
23.92694064,14,2,87.37465816,0.29627912,80.79,7,21790.73391,5,0.001720684,8239
68.03652968,8,0,85.41476755,0.434757303,85.72,5,41870.02622,3,0.028105937,8240
42.32876712,12,3,65.13217867,0.403022719,81.53,3,34987.98323,0,0.173891474,8241
39.36073059,10,0,57.47493163,0.435839163,81.78,3,44882.61511,2,0.225684231,8242
56.75799087,8,4,65.08659982,0.339553552,78.85,6,27305.72939,2,0.006510403,8243
57.26027397,11,0,68.82406563,0.254086549,82.38,2,28510.12249,3,0.383674121,8244
52.28310502,6,24,79.85414768,0.271035701,75.61,1,17927.33842,2,0.647130362,8245
42.42009132,12,7,82.31540565,0.16104652,78.56,6,36929.42172,1,0.009235359,8246
44.70319635,8,11,51.41294439,0.527436711,82.25,4,41018.75157,0,0.075042933,8247
69.8630137,8,7,40.51959891,0.529600433,79.15,4,37237.14474,1,0.06888479,8248
28.63013699,13,2,99.95442115,0.370927515,82.49,4,27009.59537,3,0.049031446,8249
38.58447489,13,6,72.01458523,0.331619906,81.86,6,22544.98146,2,0.005603373,8250
44.47488584,8,2,66.86417502,0.251201587,77.3,7,35468.9976,3,0.003327376,8251
47.89954338,11,9,74.70373747,0.33702921,78.05,3,30361.87311,1,0.151103536,8252
21.32420091,21,6,82.04193254,0.360108907,78.3,4,38634.49184,2,0.07109598,8253
58.08219178,14,7,61.85050137,0.491014064,81.71,6,52513.91269,3,0.012809766,8254
53.28767123,16,0,88.01276208,0.258774612,78.23,7,24842.6499,2,0.002414052,8255
51.23287671,13,14,57.38377393,0.440887847,80.81,3,29542.29355,4,0.147077299,8256
52.23744292,13,1,55.56061987,0.604970069,77.3,2,33905.3514,3,0.458227397,8257
47.85388128,14,2,67.45670009,0.398334656,78.84,2,27650.34958,2,0.37362346,8258