Safety_Score,Days_Since_Inspection,Total_Safety_Complaints,Control_Metric,Turbulence_In_gforces,Cabin_Temperature,Accident_Type_Code,Max_Elevation,Violations,Adverse_Weather_Metric,Accident_ID
77.30593607,4,2,56.92798541,0.487768482,77.74,7,28535.2624,2,0.002918732,8259
32.19178082,12,10,94.84958979,0.192781103,80.21,4,21267.70437,2,0.038851185,8260
80.59360731,8,7,87.2379216,0.285099892,80.75,1,40431.31156,0,1.498155311,8261
22.10045662,15,3,55.69735643,0.392925352,76.51,4,20862.63434,3,0.038451783,8262
16.98630137,20,9,61.349134,0.443051569,77.44,1,28746.84461,3,1.06012201,8263
31.68949772,19,0,74.93163172,0.337750451,79.42,5,24905.06199,2,0.016526595,8264
50.77625571,13,8,78.25888788,0.343159755,83.51,5,5573.652213,3,0.00259798,8265
41.78082192,16,7,55.60619872,0.369485034,79.73,3,8981.31546,1,0.020926831,8266
33.69863014,18,10,54.55788514,0.605691309,81.66,2,32417.93017,4,0.437800105,8267
58.58447489,11,3,70.19143118,0.316834475,85.64,6,19100.87039,1,0.004776066,8268
45.20547945,15,1,68.64175023,0.251922827,83.74,2,33951.33867,2,0.459353706,8269
47.48858447,11,9,76.75478578,0.292672917,87.47,4,42282.79204,3,0.077011311,8270
44.33789954,15,14,72.01458523,0.277887486,80.35,2,22253.1682,2,0.300683552,8271
32.46575342,15,1,47.90337284,0.407710783,80.43,1,30380.86152,2,1.110903022,8272
57.39726027,8,3,69.87237922,0.382467364,78.59,7,32554.60187,1,0.003023353,8273
6.347031963,19,7,78.48678213,0.342438514,79.19,4,37616.41493,1,0.068057398,8274
45.79908676,11,17,72.24247949,0.335586729,81.85,6,34924.74183,1,0.00892827,8275
28.40182648,13,5,67.27438469,0.298803462,81.26,5,28222.68698,2,0.018342642,8276
58.40182648,11,4,69.59890611,0.421414353,82.73,2,38384.43182,0,0.51935507,8277
37.21461187,10,3,52.59799453,0.456033898,77.91,4,32253.3806,1,0.058339823,8278
12.46575342,18,2,75.43299909,0.327292463,76,3,26734.01403,0,0.135445813,8279
51.32420091,13,1,45.48769371,0.478392355,76.48,5,48814.08678,2,0.033184857,8280
56.25570776,12,3,55.83409298,0.320440678,80.03,6,45399.19457,0,0.011291094,8281
40.86757991,13,1,69.82680036,0.416005049,75.95,3,19872.46918,4,0.098943247,8282
25.57077626,14,2,50.86599818,0.527076091,76.27,4,49288.63551,3,0.091507463,8283
53.88127854,12,17,73.70100273,0.294836639,75.33,5,42688.63692,1,0.028486671,8284
58.99543379,14,7,64.31175934,0.40374396,79.35,1,34183.3512,1,1.256370837,8285
58.72146119,14,7,79.99088423,0.308900829,82.53,2,8232.843655,3,0.116198849,8286
22.23744292,15,1,73.60984503,0.384270465,76.05,1,38752.94775,2,1.426759956,8287
31.18721461,12,5,66.49954421,0.463967544,81.72,4,21651.04946,2,0.039455404,8288
41.50684932,16,4,84.13855971,0.273199423,78.64,6,13710.4463,3,0.003556877,8289
14.52054795,17,3,52.32452142,0.330177425,77.53,4,36172.79119,1,0.066406422,8290
37.99086758,13,7,85.59708295,0.234973675,79.3,3,27724.25601,1,0.137231411,8291
34.24657534,18,4,48.4958979,0.692240173,83.57,7,21741.07941,2,0.002018153,8292
22.73972603,14,0,60.48313582,0.244349802,84.15,1,21997.4295,2,0.815759669,8293
55.11415525,8,1,70.37374658,0.330898666,81.73,6,36989.08023,1,0.008557235,8294
52.73972603,13,7,54.14767548,0.39076163,80.5,5,6740.557054,1,0.008530901,8295
40.73059361,13,0,53.0993619,0.3226044,77.92,6,31487.55674,1,0.007685757,8296
31.14155251,12,2,54.6946217,0.448100252,77.21,6,27792.39212,5,0.006946392,8297
51.23287671,13,13,57.38377393,0.281133069,77.89,5,37713.77228,1,0.025110149,8298
60.54794521,11,2,76.89152233,0.428266138,80.85,2,27009.16121,2,0.36446301,8299
44.47488584,8,3,62.12397448,0.330898666,77.29,4,36408.26857,3,0.066496379,8300
43.15068493,12,21,61.03008204,0.413120087,77,3,37974.61717,1,0.189127877,8301
34.74885845,14,6,74.74931632,0.263823296,77.36,7,40762.81328,2,0.003617362,8302
55.89041096,8,9,78.94257065,0.361190768,79.88,2,33976.45531,3,0.458859034,8303
54.84018265,9,0,87.28350046,0.277526866,79.54,2,28707.34187,2,0.38932567,8304
28.90410959,13,0,68.36827712,0.398695276,76.13,1,38752.94775,3,1.426182254,8305
47.35159817,11,8,70.19143118,0.280411828,76.71,3,38924.62144,1,0.193090444,8306
35.38812785,18,3,63.90154968,0.262741435,78.4,4,26880.34219,3,0.049008374,8307
33.88127854,11,3,64.3573382,0.324046881,76.56,1,45972.13598,2,1.700026888,8308
20.95890411,19,2,35.82497721,0.611100613,80.9,5,15714.19012,2,0.010951118,8309
26.30136986,13,10,78.66909754,0.397613415,88.74,4,30469.2344,2,0.05576251,8310
40.82191781,13,1,69.82680036,0.324046881,78.55,3,38350.71956,2,0.190986047,8311
32.55707763,12,0,41.43117593,0.55340137,80.6,1,37034.40564,1,1.346364085,8312
46.89497717,18,11,66.18049225,0.37741868,81.76,5,27222.89413,1,0.019132444,8313
57.67123288,11,9,83.91066545,0.294476019,79.36,5,35847.89587,4,0.024495462,8314
33.69863014,15,16,61.53144941,0.467213127,80.51,2,26021.86045,3,0.352152739,8315
74.20091324,10,1,53.64630811,0.387876668,82.97,7,30551.91447,2,0.002704366,8316
67.44292237,11,3,59.11577028,0.366960692,79.21,7,27034.8777,3,0.002500161,8317
57.99086758,15,7,75.20510483,0.237858637,79.96,7,33959.19162,3,0.003234354,8318
43.19634703,15,8,60.52871468,0.315752614,77.16,2,32158.50454,0,0.432651297,8319
11.50684932,18,4,31.54056518,0.584775334,77.82,3,36350.87515,3,0.181056415,8320
55.93607306,8,0,64.81312671,0.365518211,76.86,6,26006.08046,3,0.006860819,8321
46.89497717,14,2,97.76663628,0.370927515,79.45,7,30664.96845,2,0.00260494,8322
47.89954338,7,6,67.50227894,0.257332131,75.35,5,21524.20126,3,0.014064555,8323
39.36073059,13,0,45.44211486,0.698731338,78.87,5,24600.5651,1,0.017655825,8324
46.48401826,15,0,53.96536007,0.621558601,80.26,4,49696.26132,2,0.090592444,8325
27.12328767,17,0,61.4402917,0.486326001,80.76,5,19494.85874,3,0.012583546,8326
58.85844749,7,0,53.23609845,0.584775334,80.17,2,29699.21428,3,0.401309819,8327
57.03196347,11,39,60.34639927,0.403383339,76.56,5,48367.58932,2,0.032437386,8328
27.71689498,13,5,57.24703737,0.308900829,78.68,2,21723.65491,1,0.300113617,8329
31.96347032,19,10,76.52689152,0.317555716,81.29,5,39152.77003,2,0.025719249,8330
56.80365297,12,1,68.82406563,0.200354129,82.53,2,19364.54539,2,0.26228444,8331
43.10502283,9,9,66.1349134,0.317916336,80.36,4,37123.46712,1,0.067986815,8332
38.49315068,17,36,73.10847767,0.405547061,79.62,7,45751.98341,4,0.004176009,8333
25.11415525,14,5,66.86417502,0.478031735,78.1,4,24068.42586,1,0.043569537,8334
30.3196347,12,10,74.93163172,0.191338622,78.08,1,40754.76562,0,1.494719746,8335
45.06849315,11,35,55.28714676,0.583332853,78.43,6,22022.45204,2,0.005459989,8336
40.0913242,13,12,57.52051048,0.605691309,82.2,7,38340.91776,1,0.003512413,8337
26.57534247,17,2,82.08751139,0.221630725,78.7,2,35996.03593,2,0.484710456,8338
50.91324201,13,0,70.60164084,0.361190768,79.75,2,31661.62881,1,0.429274158,8339
57.99086758,11,1,66.63628077,0.415644428,81.78,2,37749.23125,1,0.513039501,8340
17.16894977,16,0,65.17775752,0.272838803,77.29,4,38399.4551,0,0.07015033,8341
75.57077626,10,13,65.13217867,0.321161918,81.04,7,28153.68356,1,0.002606083,8342
34.70319635,11,0,70.55606199,0.33702921,79.14,2,37236.74911,0,0.503944599,8343
37.99086758,13,0,67.31996354,0.301327804,80.06,3,13192.67464,2,0.066537978,8344
40.73059361,16,2,76.25341841,0.520945546,76.36,2,31290.80933,1,0.423504127,8345
29.6347032,20,22,60.80218778,0.489932203,78.52,4,25239.66271,2,0.046270675,8346
26.57534247,17,15,56.06198724,0.491735305,79.8,2,55535.51644,1,0.773009611,8347
18.53881279,16,0,69.14311759,0.325849982,86.56,2,20815.91421,1,0.28004286,8348
29.7260274,13,21,55.65177758,0.5130119,78.63,1,31195.58135,3,1.141176238,8349
28.90410959,13,0,44.89516864,0.623001082,77.08,6,31432.12423,0,0.007844445,8350
38.44748858,13,1,56.15314494,0.413480707,80.77,2,31433.11717,3,0.426934616,8351
23.88127854,18,8,58.43208751,0.28221493,76.77,6,38605.12627,0,0.009307813,8352
53.65296804,9,3,42.023701,0.413120087,76.12,6,22418.79746,3,0.005389075,8353
19.17808219,16,3,61.4402917,0.385712946,78.37,4,23720.17893,3,0.043471713,8354
39.45205479,20,13,70.55606199,0.293754778,77.91,7,32269.06835,0,0.00331236,8355
36.02739726,14,3,62.71649954,0.267790119,80.22,3,25474.30832,0,0.125493232,8356
19.543379,20,12,52.55241568,0.307818969,80.64,1,28475.16001,1,1.037197908,8357
18.72146119,16,1,53.46399271,0.395449693,79.6,2,32147.41776,1,0.432651297,8358
41.68949772,19,8,45.89790337,0.668078615,78.76,6,24941.78624,1,0.006181037,8359
33.74429224,11,2,61.48587056,0.444133429,77.16,1,37060.22364,2,1.358396134,8360
62.00913242,6,21,33.68277119,0.668078615,79.88,1,52118.26964,4,1.907925646,8361
12.69406393,18,6,75.43299909,0.285821132,76.16,4,37164.64198,3,0.06886627,8362
33.10502283,15,5,79.26162261,0.29663974,86.94,6,25373.30388,2,0.006276541,8363
40.77625571,13,2,87.46581586,0.372009376,78.96,3,32133.43218,2,0.161099598,8364
24.93150685,17,7,72.01458523,0.413480707,83.64,6,37664.92132,2,0.009575538,8365
52.92237443,9,0,82.08751139,0.22884313,80.02,3,39961.82076,1,0.199585421,8366
54.52054795,12,2,73.01731996,0.321161918,80.53,5,58976.85203,3,0.035165033,8367
70,8,2,72.74384686,0.427905517,80.85,5,24664.52893,2,0.016699685,8368
30.1369863,12,2,32.45214221,0.678175983,78.51,7,49288.63551,1,0.004546718,8369
39.13242009,13,3,69.00638104,0.203960332,81.39,3,33523.70234,2,0.167563589,8370
22.60273973,15,25,61.03008204,0.298803462,86.58,1,41118.82065,3,1.507345894,8371
23.65296804,18,0,76.61804923,0.233891814,79.53,4,26632.01297,1,0.048897582,8372
28.90410959,13,2,52.78030994,0.280411828,80.61,1,26412.32563,2,0.978578768,8373
36.94063927,11,0,68.64175023,0.250840966,76.63,2,32800.83687,2,0.443077513,8374
37.21461187,10,2,59.98176846,0.268150739,78.02,2,34616.53373,4,0.469625726,8375
21.91780822,18,12,75.15952598,0.428626758,87.43,6,34859.8064,0,0.009170721,8376
41.73515982,19,11,42.79854148,0.537894699,76.6,6,51044.70911,2,0.012681301,8377
37.85388128,14,5,71.92342753,0.277887486,76.96,3,35906.44155,1,0.178379781,8378
41.18721461,9,12,70.87511395,0.359387667,88.39,4,35683.71709,1,0.065019931,8379
29.543379,20,4,76.48131267,0.281493689,76.68,7,30384.11425,4,0.002819382,8380
36.16438356,17,1,55.01367366,0.479113595,82.31,1,27752.86709,2,1.010362078,8381
51.78082192,10,1,69.14311759,0.408792643,81.57,3,44701.64858,3,0.224922205,8382
23.01369863,14,22,73.42752963,0.338471691,79.81,1,16868.75078,2,0.647130362,8383
34.47488584,11,8,65.99817685,0.399055896,75.8,2,12376.56137,2,0.159784288,8384
45.06849315,11,14,72.01458523,0.326210602,79.6,6,34481.22582,3,0.008922525,8385
24.79452055,14,10,87.46581586,0.263823296,78.76,2,21718.09961,3,0.292872789,8386
55.06849315,9,1,68.14038286,0.213697079,81.59,6,22389.38063,2,0.005383992,8387
37.39726027,14,7,61.4402917,0.352175261,81.63,6,31993.45889,3,0.00812808,8388
30.91324201,16,7,72.88058341,0.406989542,76.18,6,24411.82913,2,0.006335679,8389
41.73515982,16,6,72.56153145,0.268150739,77.36,5,30465.08999,2,0.020353891,8390
25.11415525,14,9,65.86144029,0.28257555,77.87,4,21541.92082,2,0.039585139,8391
51.27853881,13,13,59.16134913,0.421774973,79.58,2,38666.04541,1,0.522405012,8392
78.21917808,9,12,63.26344576,0.49894771,77.62,3,29542.29355,2,0.147316875,8393
30.50228311,12,0,79.53509572,0.22812189,77,3,36048.48236,1,0.17869972,8394
48.26484018,10,38,62.16955333,0.52527299,77.62,1,42049.77575,3,1.534797942,8395
43.60730594,12,3,45.80674567,0.545828345,83.72,6,23588.1188,3,0.006319492,8396
57.94520548,4,4,40.56517776,0.44521529,77.46,2,33751.11217,2,0.454618024,8397
62.69406393,6,21,48.58705561,0.541140281,83.71,3,23595.24914,3,0.116827129,8398
48.99543379,14,5,71.0118505,0.427184277,77.89,5,47101.48575,1,0.032150674,8399
40.1369863,13,12,51.09389243,0.575759827,82.2,4,20654.0788,4,0.037068358,8400
36.66666667,10,11,65.72470374,0.358305806,75.8,4,20412.14434,2,0.037949075,8401
34.61187215,11,5,74.88605287,0.300606563,78.93,4,30077.41619,2,0.05443928,8402
60.3652968,7,21,52.09662716,0.581529751,77.62,2,34473.79944,3,0.46754898,8403
73.33333333,7,6,64.99544211,0.371648756,81.14,2,36844.46116,2,0.503141111,8404
20.1826484,15,3,62.57976299,0.44485467,80.44,1,20870.10164,2,0.768085134,8405
69.36073059,8,1,71.0118505,0.231006852,79.09,5,28767.49214,2,0.020865409,8406
35.57077626,11,7,54.8769371,0.450263974,81.56,4,48905.77088,2,0.088648827,8407
30.1369863,13,11,67.22880583,0.357223945,80.71,7,27170.40517,3,0.002378405,8408
52.96803653,9,3,45.39653601,0.478392355,78.61,6,23588.1188,2,0.00640985,8409
42.46575342,16,8,55.05925251,0.382106744,78.83,3,6543.689337,2,0.032579111,8410
46.25570776,15,18,70.64721969,0.179438154,77.03,4,32958.70939,3,0.060060354,8411
33.78995434,15,0,80.35551504,0.196387306,80.54,3,32301.81909,1,0.160231708,8412
47.53424658,18,0,57.74840474,0.395810314,77.27,7,31533.39615,4,0.002822372,8413
52.87671233,9,0,73.33637192,0.432954201,87.23,6,25667.65307,0,0.00640985,8414
44.56621005,8,0,62.12397448,0.278608727,76.89,4,21402.76011,3,0.039577916,8415
34.93150685,14,22,72.698268,0.186650559,80.05,3,26471.40049,2,0.132616662,8416
63.69863014,6,6,63.30902461,0.373451857,79.82,2,42303.406,0,0.56890846,8417
52.37442922,6,16,53.91978122,0.427905517,82.82,6,36056.32474,3,0.008692415,8418
73.42465753,7,10,79.48951686,0.289066715,78.01,2,29881.47307,2,0.405867134,8419
65.79908676,9,18,68.96080219,0.25516841,83.32,2,30479.98025,4,0.409374818,8420
46.62100457,8,15,65.22333637,0.389319149,80.77,7,36384.88629,2,0.003044578,8421
20.1826484,19,0,35.82497721,0.754627479,77.86,3,40580.03774,1,0.201830705,8422
56.75799087,8,4,82.45214221,0.275002524,81.38,6,22753.31325,1,0.005326978,8423
16.80365297,16,14,75.66089335,0.2959185,76.6,4,34703.88599,0,0.063183915,8424
32.14611872,12,2,54.14767548,0.384270465,81.89,4,36753.9007,3,0.067079708,8425
33.24200913,15,2,63.67365542,0.298442842,81.49,3,38976.34068,0,0.194340687,8426
23.42465753,15,0,75.43299909,0.305294627,79.28,4,26233.45234,3,0.048506476,8427
63.15068493,6,0,80.08204193,0.200354129,77.95,3,32088.97925,2,0.159919771,8428
43.56164384,9,7,83.7739289,0.358305806,80.71,3,34481.22582,2,0.170645149,8429
40.77625571,9,0,68.73290793,0.146261089,81.53,4,19364.54539,2,0.035988174,8430
73.33333333,7,0,60.84776664,0.406268301,74.85,3,31282.03778,2,0.155473833,8431
24.88584475,14,19,59.48040109,0.448460873,79.37,4,34205.12781,2,0.061947518,8432
32.37442922,12,5,48.90610757,0.43187234,78.23,1,24605.47132,2,0.890281948,8433
45.79908676,11,2,75.25068368,0.168258925,81.61,3,39961.82076,3,0.198336005,8434
37.48858447,10,0,73.70100273,0.291591057,78.65,4,23690.6304,1,0.043884561,8435
27.16894977,13,4,54.19325433,0.599560765,82.27,3,26959.61317,3,0.134776273,8436
53.47031963,16,0,76.48131267,0.260217093,82.97,4,40666.47071,4,0.073676815,8437
18.90410959,19,1,60.02734731,0.508323837,80.19,3,51650.72424,3,0.253327402,8438
47.12328767,14,6,66.08933455,0.30998269,83.82,2,22925.93204,2,0.31375562,8439
45.34246575,15,14,72.01458523,0.277887486,76.92,1,30479.0843,3,1.130367137,8440
45.02283105,15,3,57.70282589,0.482359178,85.24,2,28957.80882,3,0.392272812,8441
44.56621005,12,3,65.13217867,0.354699603,78.69,3,27584.05649,2,0.1382916,8442
2.648401826,20,0,76.02552416,0.20143599,78.7,6,23049.14593,2,0.00566656,8443
51.73515982,13,16,57.88514129,0.478392355,79.75,2,33324.2969,1,0.451449914,8444
27.62557078,13,5,62.62534184,0.45891886,79.3,1,43221.11226,4,1.60962628,8445
58.72146119,14,9,61.85050137,0.331980527,78.7,7,31856.30338,3,0.0025508,8446
52.46575342,13,7,54.28441203,0.462164443,80.5,5,6740.557054,4,0.00259798,8447
48.26484018,7,1,76.75478578,0.401940858,75.88,4,31282.03778,2,0.056854927,8448
57.07762557,8,19,65.08659982,0.293394158,80.8,7,22027.16786,4,0.001797143,8449
39.5890411,17,5,60.80218778,0.405547061,76.86,2,32848.29328,1,0.444553308,8450
63.97260274,13,5,54.7857794,0.303130905,78.96,1,32053.66984,2,1.191915173,8451
41.36986301,12,6,62.26071103,0.454591417,77.09,6,29833.62306,4,0.007174833,8452
9.908675799,19,10,29.89972653,0.804753696,80.34,1,46768.82219,2,1.720528817,8453
31.41552511,12,1,54.37556974,0.375254959,78.65,5,41643.76829,3,0.02824564,8454
59.31506849,11,3,53.78304467,0.480916697,80.17,7,28535.2624,0,0.002627593,8455
27.67123288,13,0,48.72379216,0.413480707,81.23,1,20061.65775,4,0.738027144,8456
28.49315068,16,22,80.08204193,0.352535882,79.83,1,28955.34683,1,1.066359535,8457
39.40639269,10,1,38.33181404,0.740563289,82.16,4,38476.56596,2,0.070096125,8458
59.40639269,11,1,76.29899727,0.455673278,80.68,2,45300.02702,3,0.612998871,8459
39.6803653,13,2,74.02005469,0.250119726,79.99,4,33067.62441,1,0.059612983,8460
34.15525114,18,3,55.83409298,0.368403173,78.44,3,26936.75172,2,0.135335798,8461
75.29680365,6,1,89.24339107,0.168980166,77.36,4,23278.62889,2,0.042630844,8462
21.91780822,18,13,72.78942571,0.273560043,79.24,3,47852.98005,4,0.234735222,8463
52.37442922,16,6,46.26253418,0.568186801,82.27,6,48338.77861,4,0.011756789,8464
61.87214612,13,20,73.19963537,0.260938334,81.18,7,32463.03292,4,0.003146767,8465
71.78082192,10,4,75.52415679,0.325849982,80.43,7,35862.16829,2,0.003072487,8466
19.5890411,16,0,74.15679125,0.335586729,79.42,4,23543.5818,2,0.04408286,8467
77.85388128,4,10,54.92251595,0.604609448,88,2,20574.54872,1,0.281496382,8468
37.39726027,14,7,79.21604376,0.213336459,76.61,3,16149.3177,3,0.078488125,8469
37.30593607,14,9,56.51777575,0.463606924,83.38,5,42190.15435,3,0.028632141,8470
39.6347032,10,0,57.47493163,0.385352326,80.19,7,41643.76829,2,0.003972531,8471
63.42465753,6,0,78.03099362,0.449182113,78.63,3,38281.29237,2,0.190396357,8472
62.37442922,13,5,60.98450319,0.250119726,77.09,7,33111.57337,4,0.003255518,8473
82.23744292,8,12,58.93345488,0.495702128,78.25,4,29260.14924,2,0.053341108,8474
42.10045662,20,2,69.87237922,0.307818969,79.27,1,38288.40401,2,1.413996264,8475
46.02739726,15,13,74.02005469,0.474786152,79.22,5,31904.39363,3,0.021686553,8476
20.1826484,19,10,75.25068368,0.238219257,76.8,3,34522.34916,1,0.17071495,8477
35.11415525,11,4,43.07201459,0.543304003,81.52,2,24602.81872,5,0.323437571,8478
50.77625571,13,8,74.52142206,0.238940498,80.61,3,32538.65913,2,0.162085007,8479
46.89497717,11,3,74.52142206,0.36335449,77.17,6,26096.54123,1,0.006946392,8480
40.2739726,10,10,80.21877849,0.32368626,79.43,7,34977.681,2,0.00322386,8481
31.73515982,19,0,76.07110301,0.233891814,78.84,4,41573.9652,4,0.076592303,8482
38.44748858,17,22,76.25341841,0.378139921,81.62,5,40394.14453,2,0.027612894,8483
40.1369863,13,0,57.01914312,0.428987378,87,6,16639.90088,1,0.003418416,8484
41.87214612,12,8,61.39471285,0.409874504,80.62,6,32060.33642,0,0.008214224,8485
36.02739726,14,4,62.16955333,0.427905517,78.83,3,39230.7768,2,0.194834612,8486
18.31050228,16,1,76.61804923,0.299164082,82.66,4,28852.46558,3,0.05406471,8487
25.29680365,14,3,82.99908842,0.362993869,78.25,1,35265.53212,1,1.302869884,8488
11.59817352,18,31,64.49407475,0.380303642,82.39,6,22017.55309,2,0.005305214,8489
20.2739726,15,5,65.81586144,0.239661738,81.82,1,23183.57878,1,0.849133434,8490
38.03652968,13,1,73.51868733,0.262741435,78.94,3,38888.21419,1,0.192290701,8491
58.67579909,7,0,53.64630811,0.250119726,86.98,2,31187.34063,2,0.422074758,8492
73.28767123,10,1,69.325433,0.227400649,81.26,1,33523.70234,2,1.227518491,8493
44.88584475,11,0,69.87237922,0.393646592,77.94,1,28072.98772,2,1.046003753,8494
58.44748858,11,10,72.15132179,0.338471691,79.27,2,31865.4134,3,0.43332505,8495
33.69863014,15,5,52.68915223,0.449542734,83.6,3,21673.98255,3,0.107222523,8496
30.3196347,12,5,54.14767548,0.384270465,78.23,1,27865.46808,2,1.010362078,8497
16.80365297,16,15,69.18869644,0.455673278,81.18,2,20815.91421,1,0.281496382,8498
52.73972603,13,0,77.66636281,0.308179589,80.79,7,20132.10375,2,0.001979077,8499
47.03196347,14,2,55.46946217,0.5396978,76.43,2,31596.31707,2,0.425876292,8500
57.07762557,8,21,64.99544211,0.340274793,78.38,6,33880.97653,2,0.009161996,8501
65.66210046,12,16,74.02005469,0.250119726,76.93,7,32278.1598,2,0.003045071,8502
15.75342466,21,3,84.86782133,0.434396682,78.54,1,25460.5636,3,0.948341399,8503
52.10045662,9,2,67.22880583,0.327653083,87,4,35862.16829,2,0.064820393,8504
51.55251142,13,7,57.88514129,0.444133429,78.15,2,37853.16775,3,0.512288113,8505
53.88127854,12,11,70.69279854,0.297000361,79.17,2,24211.35951,2,0.328620657,8506
44.42922374,15,3,68.77848678,0.274641904,75.01,5,38277.02016,1,0.025698684,8507
46.89497717,11,1,76.80036463,0.281854309,75.78,6,16837.05984,0,0.004462445,8508
27.48858447,16,0,64.22060164,0.335947349,79.42,3,26274.69289,2,0.130415664,8509
36.43835616,11,7,68.50501367,0.231006852,80.96,5,27416.80617,1,0.018989774,8510
22.83105023,15,3,70.19143118,0.368042553,76.05,4,31346.79534,3,0.057358408,8511
68.67579909,8,7,52.55241568,0.480556076,82.96,7,25859.1798,3,0.002378405,8512
22.64840183,15,3,72.56153145,0.267790119,76.93,7,28770.87501,2,0.002697681,8513
69.8630137,8,2,56.70009116,0.469376848,79.33,7,26661.0134,0,0.002489056,8514
44.33789954,15,14,79.71741112,0.289427335,87.79,4,23412.78228,2,0.043469396,8515
76.62100457,9,9,71.28532361,0.518421204,77.17,7,25755.02879,4,0.002465262,8516
41.82648402,12,0,63.85597083,0.284739272,81.18,3,17011.95524,4,0.081545026,8517
45.61643836,15,1,76.75478578,0.304573386,83.34,7,34338.51886,3,0.003121649,8518
38.35616438,17,3,59.29808569,0.453509556,81.79,2,44557.47775,3,0.603019887,8519
42.05479452,9,2,59.7538742,0.468294987,87.08,1,39289.21952,4,1.445692578,8520
39.7260274,17,7,55.87967183,0.302409665,78.64,3,39521.7363,3,0.197531127,8521
27.44292237,13,4,66.90975387,0.327292463,79.69,4,30464.23286,2,0.055884738,8522
37.53424658,14,0,73.06289881,0.272117562,78.5,3,29660.96349,2,0.147692401,8523
91.18721461,6,3,81.22151322,0.237137396,86.32,2,31382.24519,1,0.424352083,8524
48.12785388,17,4,68.50501367,0.557007573,79.67,7,15301.25196,2,0.000468916,8525
46.48401826,11,5,54.7857794,0.503275153,80.62,3,27569.72084,1,0.138218629,8526
32.42009132,12,10,70.8295351,0.306737108,79.45,4,33980.66168,0,0.062558009,8527
42.64840183,8,0,80.62898815,0.134,84.52,4,37374.05158,3,0.068057398,8528
26.43835616,17,7,79.39835916,0.320440678,79.75,6,40445.13669,1,0.009523106,8529
49.45205479,13,4,55.65177758,0.374533718,85.6,6,26681.94239,1,0.006569039,8530
33.56164384,11,3,64.4484959,0.209009016,79.54,4,31624.1853,2,0.05632954,8531
13.37899543,18,17,71.37648131,0.274641904,75.51,1,43767.58052,0,1.597441144,8532
43.69863014,15,1,80.03646308,0.240022358,76.9,7,42688.63692,3,0.003972932,8533
68.03652968,12,5,68.04922516,0.158882798,76.58,1,51846.7692,0,1.882949811,8534
42.83105023,15,25,72.78942571,0.219106383,78.92,2,30271.19477,2,0.412117131,8535
36.75799087,10,5,61.21239745,0.264183916,81.1,4,47495.65951,2,0.086513998,8536
14.24657534,17,3,38.14949863,0.556646953,78.13,2,42736.96654,3,0.576831072,8537
30.59360731,12,2,78.12215132,0.249759106,77.64,4,40529.31985,1,0.074570854,8538
37.44292237,14,2,46.17137648,0.633098449,78.37,6,28014.71853,4,0.006707491,8539
57.99086758,5,10,67.04649043,0.302770285,78.28,4,36722.33357,3,0.067025145,8540
65.66210046,12,0,77.301732,0.24218608,79.17,7,32342.11069,2,0.002961233,8541
28.58447489,17,11,56.92798541,0.307818969,79.17,3,26930.37623,2,0.133100818,8542
27.85388128,17,6,62.53418414,0.263462676,78.16,6,10829.37925,2,0.002920434,8543
22.28310502,15,4,60.61987238,0.262380815,80.08,4,32516.66974,2,0.060060354,8544
13.78995434,17,3,67.77575205,0.330538045,77.27,1,23811.18487,1,0.870409654,8545
55.11415525,12,8,63.94712853,0.246152903,82.92,2,34175.45263,2,0.465273335,8546
18.12785388,16,5,73.19963537,0.204320952,77.74,4,31778.0561,3,0.057210784,8547
58.76712329,14,9,81.26709207,0.303130905,82.53,7,26993.95763,4,0.002172658,8548
24.88584475,18,17,52.96262534,0.486326001,77.3,4,27487.6888,2,0.050379357,8549
46.21004566,8,12,21.14858706,0.777707176,82.58,6,35387.67007,1,0.008268092,8550
25.66210046,17,5,47.90337284,0.510126938,77.78,3,41508.44009,2,0.207361291,8551
34.61187215,11,11,73.19963537,0.26851136,76.74,5,38733.29547,4,0.026185004,8552
62.19178082,10,6,68.23154057,0.359027047,81.14,2,27154.08525,2,0.368581315,8553
25.98173516,17,12,63.90154968,0.334504868,77.58,3,34283.77462,1,0.170794963,8554
19.8630137,19,3,58.65998177,0.589824017,80.13,3,30451.74035,2,0.151840047,8555
26.71232877,13,25,52.32452142,0.434396682,87,2,44340.44154,2,0.600381644,8556
25.98173516,14,3,73.92889699,0.437281644,82.17,4,28115.26491,2,0.052019506,8557
42.96803653,16,0,73.33637192,0.274281284,76.12,1,37388.68971,3,1.380642713,8558
30.59360731,12,3,86.50865998,0.198911648,78.93,3,35564.36106,5,0.176883368,8559
25.29680365,14,1,63.90154968,0.401580238,77.87,4,42439.19444,2,0.077528301,8560
63.83561644,6,2,82.31540565,0.187371799,81.53,6,26757.66568,3,0.006995705,8561
64.61187215,9,18,73.65542388,0.473704291,78.52,5,37477.50746,2,0.024598468,8562
29.9543379,16,9,85.27803099,0.211893978,79.79,6,26215.01864,2,0.007010998,8563