Safety_Score,Days_Since_Inspection,Total_Safety_Complaints,Control_Metric,Turbulence_In_gforces,Cabin_Temperature,Accident_Type_Code,Max_Elevation,Violations,Adverse_Weather_Metric,Accident_ID
24.56621005,18,5,74.02005469,0.252644068,77.41,3,40416.90348,2,0.202628386,8870
76.62100457,6,11,65.13217867,0.339553552,77.86,2,42303.406,0,0.570660424,8871
51.27853881,10,3,69.09753874,0.315752614,81.71,3,30479.98025,0,0.15146017,8872
30.50228311,12,0,79.53509572,0.22884313,80.39,4,37066.96224,2,0.067558512,8873
35.52511416,14,8,78.80583409,0.341717274,78.79,6,30163.10943,1,0.00718264,8874
50.1369863,13,25,68.59617138,0.374894338,88.27,2,28208.25937,2,0.38116485,8875
38.03652968,17,5,96.8094804,0.172946989,75.61,3,33367.41207,3,0.166419156,8876
16.07305936,17,3,59.5715588,0.392564731,78.57,1,45265.38821,2,1.6707827,8877
17.07762557,16,2,90.97538742,0.287263613,82.5,4,16355.89056,2,0.029080212,8878
57.48858447,11,11,49.63536919,0.354338983,82.81,2,37871.05576,3,0.513268538,8879
49.8630137,10,5,39.88149499,0.646441399,78.39,3,16144.19376,2,0.077949807,8880
52.19178082,13,2,85.27803099,0.292312297,81.63,5,35377.24419,3,0.023420386,8881
28.72146119,13,6,62.67092069,0.443772809,82.72,4,38081.23585,3,0.069819399,8882
56.57534247,11,1,73.19963537,0.341717274,81.3,5,35982.86185,2,0.025353861,8883
32.87671233,15,5,82.1786691,0.238940498,77.36,3,34651.70999,4,0.173121148,8884
39.8173516,17,5,75.25068368,0.324046881,75.69,5,12024.89822,1,0.00868878,8885
75.66210046,9,8,69.96353692,0.414923188,86.39,5,17731.55428,4,0.012184263,8886
59.9086758,7,1,56.65451231,0.409153264,76.18,2,26687.6998,1,0.360857469,8887
40.0913242,10,5,66.59070191,0.474064912,78.68,1,19662.84605,3,0.7160175,8888
82.28310502,8,35,45.89790337,0.461082582,76.53,3,33284.93084,2,0.164857539,8889
37.76255708,17,7,77.16499544,0.256610891,76.42,5,48882.99695,1,0.033184857,8890
26.71232877,14,0,53.78304467,0.476589254,77.32,4,48814.08678,3,0.088524034,8891
34.47488584,11,1,84.54876937,0.162849621,76.8,3,17287.25562,2,0.086846844,8892
20.0913242,15,5,65.81586144,0.247595384,80.22,1,23183.57878,1,0.848784775,8893
62.37442922,13,0,87.69371012,0.217663902,78.2,7,15690.49424,2,0.001429418,8894
33.10502283,15,2,52.59799453,0.638507753,78.37,2,27787.07188,3,0.378611274,8895
20.0456621,19,8,63.58249772,0.408071403,80.92,3,36971.40616,2,0.18510024,8896
15.75342466,20,5,74.2023701,0.206484674,75.59,4,16837.05984,3,0.032483178,8897
15.29680365,17,5,60.84776664,0.360830148,83.28,4,47245.23447,2,0.086532665,8898
55.89041096,12,3,59.98176846,0.273560043,79.28,6,39110.39587,2,0.009503763,8899
56.94063927,8,1,64.49407475,0.276805626,77.23,1,31503.45358,1,1.156478082,8900
32.00913242,15,0,62.07839562,0.430429859,80.61,4,18311.19206,2,0.033720976,8901
47.03196347,14,8,66.08933455,0.337750451,79.35,2,37925.70021,0,0.513039501,8902
95.25114155,5,0,63.90154968,0.306737108,79.81,7,36722.33357,2,0.003249482,8903
27.89954338,17,1,60.48313582,0.294476019,76.68,1,30575.81278,3,1.136947655,8904
42.96803653,15,4,65.99817685,0.262380815,76.48,4,38394.55093,2,0.070480184,8905
26.16438356,17,2,73.10847767,0.232809953,79.8,2,31677.45113,1,0.429074922,8906
48.31050228,10,7,86.82771194,0.295197259,83.07,6,30317.40377,4,0.007077648,8907
34.88584475,11,5,55.19598906,0.240382979,78.43,1,35098.27802,3,1.293845573,8908
56.75799087,8,10,59.02461258,0.438724125,77.65,2,38165.42072,1,0.514732243,8909
71.23287671,11,2,62.7620784,0.315391994,78.5,7,28153.68356,1,0.002852923,8910
41.68949772,19,2,69.87237922,0.331619906,79.01,2,23214.49122,0,0.314050656,8911
62.46575342,10,6,65.54238833,0.278969347,77.23,2,42674.19294,2,0.57878352,8912
32.42009132,12,8,60.57429353,0.407350162,78.2,4,51330.72819,2,0.095825896,8913
31.18721461,12,3,56.28988149,0.486326001,78.16,1,28921.5487,0,1.064833705,8914
62.28310502,10,7,85.27803099,0.346405337,78.92,2,28780.42355,2,0.388023789,8915
46.89497717,11,0,80.40109389,0.218385142,78.93,1,32254.07207,2,1.184395802,8916
27.07762557,13,2,79.94530538,0.393285972,78.49,4,27009.59537,3,0.048897582,8917
56.48401826,15,6,70.32816773,0.263462676,81.78,3,23275.65222,3,0.116154201,8918
33.19634703,11,8,71.55879672,0.324046881,79.45,2,39615.1051,2,0.538167722,8919
22.69406393,18,13,65.90701914,0.28257555,76.79,6,24475.48671,1,0.006088804,8920
64.56621005,9,11,73.65542388,0.448821493,80.01,5,37477.50746,1,0.024816226,8921
10.86757991,18,0,75.66089335,0.394367833,82.66,6,21200.88282,2,0.00551074,8922
54.88584475,15,3,61.62260711,0.656538767,81.93,7,35769.93378,3,0.003327749,8923
46.07305936,11,10,66.2260711,0.461082582,79.27,7,40277.30947,1,0.003668654,8924
39.8173516,13,15,69.27985415,0.380303642,75.95,5,53323.67086,1,0.036830046,8925
62.14611872,10,7,77.75752051,0.307818969,79.34,5,28259.68062,2,0.019342855,8926
33.01369863,12,5,57.15587967,0.412398846,77.25,1,44739.94352,3,1.668343207,8927
61.36986301,10,2,83.54603464,0.237858637,80.26,2,31326.11146,2,0.424352083,8928
50.73059361,13,8,47.72105743,0.495702128,76.26,3,22096.23136,2,0.110134122,8929
38.12785388,10,4,59.29808569,0.246874144,77.38,4,11360.59792,1,0.001523304,8930
32.10045662,15,20,62.07839562,0.43151172,79.29,2,38558.2327,3,0.521370137,8931
5.205479452,20,2,71.37648131,0.203960332,78.7,6,32944.33368,2,0.008176606,8932
71.87214612,3,3,56.24430264,0.319719437,79.55,7,26659.35345,2,0.002394744,8933
30.95890411,16,0,70.51048314,0.295197259,78.74,3,41259.82281,2,0.205700937,8934
23.15068493,14,7,62.53418414,0.392925352,81.88,4,38081.23585,2,0.069077736,8935
16.11872146,17,10,59.5715588,0.476589254,81.44,5,33635.23464,3,0.023872588,8936
26.25570776,17,26,71.05742935,0.422135593,79.1,4,14682.35142,3,0.026315847,8937
49.26940639,10,5,58.61440292,0.29627912,79.55,6,39923.99533,1,0.009575538,8938
43.97260274,12,2,66.77301732,0.375976199,81.2,3,37571.9051,1,0.187629659,8939
55.11415525,12,4,57.47493163,0.489932203,75.67,5,33346.78557,2,0.021794667,8940
54.65753425,9,3,58.02187785,0.482359178,75.58,3,30869.21177,2,0.153788001,8941
75.98173516,6,11,65.90701914,0.298803462,78.37,2,35730.89714,2,0.482865676,8942
73.42465753,6,2,68.27711942,0.359027047,77.09,4,36105.96426,3,0.06657895,8943
43.19634703,12,10,67.91248861,0.330538045,84.11,6,24783.15015,2,0.006051087,8944
50.50228311,10,0,88.650866,0.245792283,80.9,3,28707.34187,1,0.14135997,8945
36.39269406,11,2,73.74658159,0.29627912,80.26,2,9720.706496,2,0.130827814,8946
59.8173516,14,0,67.6390155,0.294476019,78.92,6,19406.57444,2,0.004215512,8947
78.21917808,9,16,69.4165907,0.3226044,81.31,7,46564.11059,2,0.003950216,8948
55.43378995,16,1,76.89152233,0.284378651,83.58,4,21532.34639,3,0.03965528,8949
31.96347032,15,0,59.89061076,0.434396682,81.02,4,26380.44563,1,0.048670086,8950
20.95890411,19,4,50.18231541,0.564219978,78.9,1,33313.71926,4,1.222971208,8951
34.65753425,11,5,53.73746582,0.432232961,81.08,2,28929.74467,1,0.392272812,8952
9.497716895,19,12,70.60164084,0.231006852,78.2,6,45351.56632,2,0.011775986,8953
43.33333333,15,2,65.99817685,0.380664263,78.97,1,40566.10309,3,1.485857649,8954
45.20547945,15,3,72.24247949,0.306376488,80.33,2,32183.39886,0,0.437330248,8955
36.89497717,14,13,72.83500456,0.335947349,79.97,3,31993.45889,3,0.159286052,8956
72.55707763,7,34,74.33910665,0.319719437,77.77,2,33959.19162,1,0.459495412,8957
39.36073059,16,7,67.41112124,0.312867652,81.15,2,30955.53085,2,0.420569864,8958
38.03652968,13,1,58.70556062,0.39112225,77.44,3,39848.68931,0,0.198468024,8959
55.57077626,12,1,56.06198724,0.392925352,81.45,6,31639.1855,2,0.007672061,8960
60,10,2,68.36827712,0.398695276,79.8,2,40101.82504,1,0.542720465,8961
52.92237443,9,3,79.71741112,0.305294627,80.78,3,26266.36796,3,0.130685045,8962
17.48858447,16,5,62.89881495,0.479113595,77.48,4,40808.47742,4,0.07489833,8963
43.97260274,8,3,85.18687329,0.269953841,81.13,1,43154.90567,2,1.616434652,8964
44.38356164,15,11,76.70920693,0.281854309,82.49,5,27206.77747,2,0.018563442,8965
62.78538813,6,6,75.34184139,0.243989181,81.38,6,24377.04536,2,0.006257062,8966
32.60273973,12,33,75.25068368,0.467213127,77.49,4,46623.751,2,0.084771779,8967
61.78082192,14,19,72.37921604,0.388958529,78.91,7,39722.06838,3,0.003403008,8968
36.25570776,11,10,52.32452142,0.468655608,81.56,7,31461.12564,0,0.002558692,8969
17.39726027,16,14,68.64175023,0.444133429,81.18,1,18584.99066,2,0.703984358,8970
55.34246575,9,1,62.80765725,0.328734944,78.13,7,42047.10173,1,0.003913116,8971
35.98173516,11,7,74.2935278,0.198190408,77.69,1,23690.6304,3,0.872917277,8972
80.59360731,8,11,50.31905196,0.329095564,78.97,7,43564.09444,0,0.003878869,8973
45.52511416,15,31,79.03372835,0.352535882,79.83,5,34197.45388,0,0.022751475,8974
40.3652968,10,1,62.26071103,0.267790119,79.85,4,36375.38646,1,0.066471474,8975
47.76255708,14,14,70.64721969,0.276805626,76.86,2,30056.21522,2,0.404487469,8976
76.02739726,9,6,66.95533273,0.306376488,86.47,4,21374.97911,1,0.039455404,8977
39.45205479,10,1,74.47584321,0.264905157,77.96,4,39662.15191,2,0.072325347,8978
48.31050228,11,4,62.80765725,0.328734944,82.69,6,34172.77639,0,0.008470584,8979
43.19634703,12,21,62.03281677,0.264905157,79.99,6,17354.65459,2,0.004776066,8980
27.67123288,13,0,43.16317229,0.623001082,78.51,2,26637.59532,2,0.360857469,8981
37.67123288,14,4,74.52142206,0.36335449,83.01,2,25114.3954,3,0.343985851,8982
26.25570776,14,26,55.78851413,0.393285972,81.89,4,38636.35336,2,0.070559583,8983
58.44748858,11,8,81.54056518,0.392204111,79.36,5,32746.15549,2,0.022161161,8984
41.73515982,9,6,58.52324521,0.288706094,80.49,1,26226.19622,3,0.957063791,8985
48.90410959,14,0,66.90975387,0.352535882,76.95,5,41646.52455,1,0.028817195,8986
46.89497717,14,19,49.13400182,0.687191489,79.79,5,31702.32966,1,0.021794667,8987
17.89954338,16,4,77.301732,0.261659574,77.29,7,26271.61464,3,0.002433605,8988
55.25114155,12,9,64.67639015,0.438002885,80.84,3,28403.23611,0,0.143183127,8989
58.85844749,14,1,83.13582498,0.187371799,82.75,1,36027.86127,2,1.325496057,8990
57.71689498,11,7,91.38559708,0.185208078,77.52,1,13214.85189,2,0.509902181,8991
79.17808219,8,3,49.22515953,0.412759466,87.08,4,13504.54645,2,0.024221215,8992
38.44748858,17,0,54.37556974,0.30962207,84.76,2,27520.49248,1,0.373413681,8993
43.97260274,8,6,60.66545123,0.324768121,78.8,1,32562.57724,1,1.186768068,8994
52.37442922,9,12,73.51868733,0.318276956,77.86,4,32624.49113,2,0.059954819,8995
40.3196347,13,9,64.3573382,0.490292824,77.28,3,35977.01231,0,0.17869972,8996
44.56621005,8,3,52.82588879,0.410235124,77.25,2,26687.6998,2,0.360857469,8997
58.08219178,11,7,76.89152233,0.426823657,81.12,1,33346.17487,2,1.226737218,8998
56.57534247,8,6,80.08204193,0.523469888,80.98,4,38428.20202,2,0.070990535,8999
69.36073059,11,13,88.28623519,0.330177425,86.32,7,28566.63301,3,0.002875379,9000
38.44748858,13,1,53.0993619,0.286181753,82.43,4,12035.07977,1,0.022024369,9001
45.15981735,11,2,68.73290793,0.276445005,81.46,2,21703.2159,3,0.296424469,9002
42.42009132,19,9,53.96536007,0.695485755,83.43,6,41873.48841,1,0.010108419,9003
47.71689498,11,2,55.65177758,0.488489722,79.39,2,24243.1465,2,0.325277767,9004
57.16894977,15,0,71.46763902,0.432954201,80.59,7,46973.56635,2,0.004158124,9005
40.63926941,9,4,54.05651778,0.551958889,78.08,1,19662.84605,1,0.717630664,9006
44.33789954,15,3,93.66453965,0.231006852,77.52,1,30095.00139,1,1.103234634,9007
59.543379,14,15,75.75205105,0.311064551,78.24,7,28259.68062,3,0.00277874,9008
27.94520548,17,5,60.07292616,0.381024883,82.98,3,24242.43199,1,0.120541261,9009
39.9543379,13,3,70.69279854,0.423938695,75.84,6,30312.60316,3,0.007426147,9010
51.23287671,13,14,62.07839562,0.490292824,77.02,2,33324.2969,2,0.451859983,9011
55.66210046,5,0,63.67365542,0.306737108,83.58,1,53831.73853,0,2.116976844,9012
33.24200913,15,0,76.75478578,0.497505229,82.06,2,50246.90015,1,0.678555592,9013
24.10958904,14,5,89.97265269,0.328734944,85.4,3,37242.77491,2,0.183959104,9014
41.09589041,16,1,56.51777575,0.231728092,78.62,2,50122.01975,1,0.674011436,9015
15.75342466,20,7,48.95168642,0.684306527,80.16,3,40671.27507,0,0.199929006,9016
40.54794521,13,5,82.45214221,0.184486837,79.43,4,19984.54461,2,0.035396261,9017
42.10045662,19,0,55.97082954,0.338471691,80.2,5,34108.49509,4,0.023244491,9018
36.75799087,10,2,56.92798541,0.500390191,77.2,1,23350.89106,0,0.859867418,9019
19.22374429,16,3,71.64995442,0.456755139,84.6,6,12239.71729,2,0.003761539,9020
42.32876712,16,5,70.00911577,0.672406058,76.81,2,25019.92995,2,0.338559668,9021
24.38356164,18,6,59.61713765,0.365157591,80.72,3,29457.13142,1,0.14641085,9022
53.92694064,12,8,57.52051048,0.351093401,83.57,3,32346.1543,0,0.159788368,9023
41.68949772,19,5,64.17502279,0.418529391,76.86,7,34582.73316,2,0.003255518,9024
32.83105023,15,15,74.2935278,0.251562207,78.53,3,37178.37697,1,0.183959104,9025
29.7260274,12,1,75.75205105,0.360469528,77,7,36315.72701,1,0.003324592,9026
35.02283105,14,2,72.56153145,0.374894338,80.42,6,22429.33718,1,0.005079611,9027
43.33333333,16,10,63.76481313,0.448460873,76.96,2,23197.32945,2,0.313941715,9028
48.44748858,14,1,72.01458523,0.373451857,77.32,2,19525.85738,2,0.259377559,9029
22.60273973,15,15,81.76845943,0.216582041,76.61,1,25520.92453,1,0.942924514,9030
61.32420091,10,13,79.30720146,0.31034331,77.36,2,34174.58161,2,0.464360659,9031
25.98173516,14,2,49.17958067,0.452788316,81.14,1,55934.46857,1,2.17614988,9032
54.06392694,9,1,63.67365542,0.301688424,83.73,4,27432.99877,3,0.049764333,9033
61.87214612,13,7,42.023701,0.44521529,81.84,7,37495.85849,3,0.003539786,9034
36.48401826,17,0,72.4247949,0.287624234,78.74,2,28770.87501,2,0.388261185,9035
61.50684932,10,5,69.2342753,0.246874144,79.52,2,27234.68012,3,0.367490582,9036
50.3652968,13,0,84.13855971,0.295197259,83.6,1,25820.20182,2,0.94229742,9037
56.11872146,15,4,67.41112124,0.31034331,79.14,6,17576.82323,1,0.004776066,9038
36.71232877,14,0,78.62351869,0.397974035,82.19,3,26977.61345,2,0.13428819,9039
29.26940639,13,0,85.59708295,0.281133069,86.57,4,36065.20853,0,0.065952202,9040
41.41552511,19,11,45.89790337,0.623001082,76.12,7,32944.27514,2,0.003044113,9041
54.70319635,12,2,45.53327256,0.522388027,80.44,5,35903.2115,2,0.024540663,9042
27.71689498,13,0,85.50592525,0.191338622,78.76,1,18807.98376,1,0.683703598,9043
56.62100457,12,6,76.57247037,0.281854309,78.35,2,24305.3909,1,0.32809531,9044
46.11872146,15,2,64.6308113,0.502914533,83.5,5,19433.6328,2,0.013031361,9045
49.22374429,14,6,57.11030082,0.372009376,79.99,2,28208.25937,3,0.382297819,9046
36.43835616,14,6,79.21604376,0.213336459,77.95,3,38146.38567,3,0.19093699,9047
62.32876712,10,20,82.3609845,0.433675442,83.36,2,20228.12287,3,0.273440189,9048
45.89041096,11,0,57.976299,0.432593581,80.66,3,41187.06796,2,0.203121083,9049
62.32876712,13,7,65.81586144,0.261659574,78.11,7,19742.27302,3,0.00179098,9050
32.92237443,12,7,57.74840474,0.394007212,84.14,4,29784.74647,2,0.054642187,9051
54.52054795,8,3,60.61987238,0.318637577,80.03,4,10850.54974,2,0.001523304,9052
23.65296804,18,7,78.07657247,0.367681933,82.22,4,18002.78819,2,0.031142769,9053
59.31506849,11,3,50,0.752463758,82.86,7,24079.42436,2,0.002501589,9054
46.11872146,15,3,70.64721969,0.307458348,79.09,2,30451.56601,1,0.411684928,9055
34.01826484,18,0,46.35369189,0.663029931,83.57,2,31355.61349,1,0.424482358,9056
23.47031963,14,0,76.89152233,0.284378651,80.64,4,17735.21444,1,0.032005752,9057
27.85388128,13,5,51.27620784,0.52635485,81.44,4,14367.96572,3,0.026105531,9058
52.46575342,13,11,67.59343665,0.256971511,78.47,7,19406.57444,2,0.002045972,9059
46.89497717,11,1,73.19963537,0.271396322,79.03,6,29454.47156,1,0.007366924,9060
64.52054795,13,19,64.67639015,0.230646232,77.79,4,29333.07,5,0.053751423,9061
68.76712329,8,15,65.22333637,0.588742157,76.19,5,15196.44352,3,0.011947427,9062
43.28767123,15,9,63.76481313,0.360469528,75.55,2,31546.43827,2,0.427069261,9063
47.48858447,14,4,85.18687329,0.279690588,82.28,3,38768.3708,3,0.193090444,9064
23.92694064,14,0,89.97265269,0.297000361,79.71,4,27179.05196,2,0.050182997,9065
35.70776256,18,4,48.4958979,0.610018752,82.31,3,34452.59787,1,0.170783216,9066
48.76712329,14,7,70.87511395,0.386073567,77.89,2,28671.29542,2,0.389500677,9067
30,13,11,77.07383774,0.240743599,84.32,4,36963.93427,3,0.0672593,9068
93.42465753,6,26,41.56791249,0.725777858,84.85,7,40193.96412,2,0.003581416,9069
54.84018265,5,0,73.83773929,0.369845655,78.64,1,45741.20451,1,1.710775853,9070
4.794520548,20,1,68.91522334,0.189535521,77.91,6,18000.50563,4,0.004776066,9071
23.19634703,22,6,58.38650866,0.287263613,79.17,7,45714.93031,1,0.004025388,9072
24.84018265,14,5,75.8887876,0.306737108,77.53,4,25770.46118,3,0.047157141,9073
37.57990868,10,10,60.80218778,0.370566895,76.73,1,23171.54509,3,0.849289067,9074
24.84018265,18,33,61.4402917,0.364436351,83.28,3,56224.44631,4,0.274477876,9075
18.12785388,16,5,82.90793072,0.271035701,81.23,1,30415.65224,1,1.112216944,9076
38.72146119,13,6,82.22424795,0.434036062,81.21,6,41695.97518,3,0.010118563,9077
68.12785388,8,11,49.13400182,0.422496213,87.43,2,17182.47277,2,0.232539482,9078
12.96803653,18,2,66.08933455,0.365878832,84.69,4,40142.08068,3,0.074570854,9079
20.95890411,19,7,66.63628077,0.504717634,82.34,3,50882.16877,4,0.255142001,9080
32.37442922,12,8,55.92525068,0.240382979,89.13,5,37014.21695,4,0.024465794,9081
36.02739726,14,3,61.39471285,0.273560043,79.49,3,38550.13223,2,0.192532112,9082
65.43378995,9,37,45.39653601,0.725777858,78.37,2,60676.86021,2,0.74690874,9083
11.82648402,18,6,54.46672744,0.340996033,81.91,1,42453.45272,2,1.563651046,9084
31.27853881,15,7,61.75934366,0.361190768,78.32,7,12758.45285,2,0.001454434,9085
41.41552511,13,20,64.4484959,0.518781825,77.62,3,32044.55638,2,0.159335324,9086
42.42009132,12,19,35.27803099,0.705583123,79.81,6,28108.67352,1,0.007016713,9087
43.78995434,12,2,79.89972653,0.396892175,87.51,6,31058.21276,1,0.00777769,9088
25.66210046,14,10,70.73837739,0.207205914,79.17,4,35594.72289,2,0.064877455,9089
34.47488584,15,23,68.00364631,0.345684097,79.06,3,10813.84934,2,0.055825517,9090
21.27853881,15,8,74.15679125,0.457115759,83.75,1,37141.63415,3,1.347849527,9091
37.21461187,11,0,68.64175023,0.333062387,76.63,2,52239.34344,1,0.703340359,9092
34.74885845,14,6,80.44667274,0.303130905,86.94,6,25080.58245,4,0.006077408,9093
65.98173516,5,12,45.48769371,0.486326001,77.74,3,29830.85114,2,0.147784431,9094
33.74429224,11,5,60.34639927,0.343159755,75.21,4,22817.29495,3,0.042637119,9095
23.83561644,14,0,57.976299,0.308540209,82.49,4,29725.99817,2,0.054369686,9096
27.62557078,13,2,78.8969918,0.397974035,79.89,4,27009.59537,0,0.048828092,9097
36.57534247,14,10,64.40291705,0.462525063,80.03,3,34715.23615,1,0.173410918,9098
23.56164384,14,0,76.61804923,0.281854309,80.64,2,28855.41867,2,0.39114073,9099
22.78538813,15,9,44.75843209,0.62083736,81.74,3,36889.71952,1,0.183405433,9100
34.06392694,15,9,68.00364631,0.369845655,81.1,7,43635.75469,1,0.004260875,9101
41.78082192,12,9,69.59890611,0.378500541,81.78,5,28878.39582,2,0.021031661,9102
39.8173516,13,30,69.96353692,0.207205914,78.35,6,20520.74105,4,0.005389075,9103
54.47488584,9,0,53.1905196,0.563138118,79.97,7,31227.75421,3,0.002822779,9104
20.1826484,15,3,62.57976299,0.402301479,82.19,4,19028.49362,4,0.034464031,9105
31.23287671,12,14,61.75934366,0.472622431,79.21,1,33302.6144,2,1.222971208,9106
14.10958904,17,1,62.67092069,0.477671114,79.81,1,36512.14298,2,1.34141887,9107
25.98173516,14,1,51.45852325,0.52635485,76.27,4,26257.38792,3,0.048063291,9108
23.42465753,14,23,33.9562443,0.619394879,80.98,4,36889.71952,2,0.067317117,9109
34.38356164,11,8,65.99817685,0.362272629,76.64,2,28960.80001,0,0.391182536,9110
62.69406393,9,27,84.27529626,0.186650559,82.64,2,36027.86127,3,0.484430432,9111
23.56164384,14,7,43.80127621,0.687191489,84.53,4,26709.19158,1,0.048984932,9112
36.62100457,10,11,73.60984503,0.386073567,81.44,4,47147.82972,2,0.086513998,9113
58.85844749,14,7,62.71649954,0.402301479,81.88,5,33138.54374,2,0.02160247,9114
38.81278539,13,8,65.58796718,0.268150739,76.79,6,30122.31936,1,0.007158239,9115
26.16438356,17,0,70.55606199,0.331259286,78.78,3,24905.06199,3,0.123741287,9116
55.98173516,12,0,88.60528715,0.275002524,79.54,5,33601.5719,1,0.022836769,9117
52.55707763,13,5,85.09571559,0.269953841,80.16,7,35377.24419,1,0.003333925,9118
30.1826484,13,8,66.68185962,0.355420844,78.49,7,37949.72439,1,0.003578425,9119
75.29680365,6,7,64.49407475,0.331980527,76.28,5,22484.62233,5,0.015481195,9120
20.2283105,15,2,49.08842297,0.641753336,78.37,4,32429.45872,2,0.058646528,9121
49.6803653,7,3,70.46490428,0.258413992,79.31,4,37266.76476,3,0.068812079,9122
68.99543379,11,10,49.27073838,0.251201587,79.89,2,31187.34063,2,0.421556535,9123
46.57534247,8,20,57.29261623,0.436199784,82.82,4,44444.64239,1,0.081792847,9124
27.39726027,17,0,61.2579763,0.486326001,77.98,3,32785.64591,0,0.162844236,9125
38.03652968,17,0,78.48678213,0.276805626,78.48,1,17081.90511,1,0.655500113,9126
60.1826484,7,4,45.39653601,0.476228633,74.95,6,52783.66999,1,0.012895327,9127
62.73972603,6,2,82.31540565,0.30998269,80.07,3,21479.28512,3,0.10720324,9128
24.56621005,17,0,70.78395624,0.480556076,80.62,3,44313.05798,2,0.220238164,9129
19.40639269,16,7,57.01914312,0.313228273,78.35,5,35495.52541,2,0.024785917,9130
55.75342466,15,4,76.52689152,0.260217093,82.11,7,14050.46565,3,0.001459797,9131
50,17,12,48.26800365,0.508684457,76.68,7,47882.56666,1,0.004696116,9132
58.63013699,4,2,74.43026436,0.468655608,80.35,6,12666.7712,3,0.003483491,9133
41.50684932,19,11,65.99817685,0.426823657,78.67,7,21725.97448,2,0.00171824,9134
29.08675799,13,10,82.08751139,0.332341147,80.65,4,33344.04802,0,0.061452587,9135
34.88584475,11,0,50.86599818,0.55340137,87,3,43786.84714,2,0.217998521,9136
42.78538813,8,1,57.61166819,0.488489722,81.8,4,44882.61511,2,0.082427704,9137
100,5,3,81.35824977,0.303130905,79.96,3,23758.02978,2,0.118532326,9138
46.16438356,11,12,61.48587056,0.570350523,77.02,3,29365.0115,1,0.147082419,9139
46.66666667,7,2,73.65542388,0.392204111,78.61,1,35207.22856,2,1.285879116,9140
47.53424658,18,0,64.90428441,0.403022719,79.66,7,40657.7634,1,0.003657956,9141
28.67579909,13,6,58.97903373,0.284739272,78.68,1,11212.8548,2,0.449594699,9142
45.34246575,15,5,74.02005469,0.178356293,78.08,6,9759.362337,2,0.002792542,9143
70,8,2,62.7620784,0.32332564,83.74,2,17341.30483,4,0.23468904,9144
64.61187215,9,14,76.98268004,0.369485034,78.18,5,20761.98442,3,0.014808241,9145
70.50228311,7,4,68.64175023,0.251922827,79.6,2,23665.66037,1,0.321668685,9146
44.15525114,12,2,69.55332726,0.381746123,86.31,6,36468.42922,2,0.008268865,9147
29.36073059,13,14,77.07383774,0.272838803,84.15,4,31592.25349,2,0.05719701,9148
30.3196347,16,0,65.99817685,0.435478543,84.72,2,36109.01287,4,0.48979236,9149
72.46575342,10,10,70.9206928,0.269953841,79.09,7,16229.72834,3,0.00125772,9150
58.31050228,11,4,66.86417502,0.275002524,82.69,2,11938.90931,1,0.162877093,9151
34.47488584,11,4,65.04102097,0.457115759,82.41,2,43203.98251,3,0.582155821,9152
38.35616438,13,2,77.02825889,0.294476019,77.34,3,37178.37697,3,0.185178267,9153
17.71689498,16,2,59.29808569,0.424299315,80.06,1,18584.99066,1,0.695191987,9154
38.76712329,14,14,77.4840474,0.314670754,78.54,1,21554.55213,1,0.799697656,9155
44.56621005,12,6,67.18322698,0.383549225,81.27,3,32060.33642,4,0.160821288,9156
40.54794521,20,10,59.7538742,0.300245943,81.06,6,41712.90892,2,0.009850566,9157
22.00913242,15,3,72.88058341,0.259135233,76.93,4,30938.821,3,0.057508197,9158
22.19178082,15,12,48.58705561,0.619394879,78.75,1,42040.4447,1,1.54658153,9159
50.3196347,13,1,49.27073838,0.662308691,79.43,3,29656.97675,1,0.147855294,9160
48.08219178,11,2,62.80765725,0.329095564,78.72,4,32722.02991,3,0.059756087,9161
1.141552511,21,1,62.03281677,0.452788316,79.39,7,23308.33365,2,0.002414052,9162
54.65753425,9,1,58.02187785,0.312146412,80.71,5,40114.36097,3,0.026629536,9163
43.97260274,12,9,48.3135825,0.418529391,77.56,6,14139.90679,2,0.003820773,9164
36.71232877,10,7,65.08659982,0.313588893,76.49,1,30918.27989,3,1.133459209,9165
44.61187215,12,14,55.28714676,0.420332492,76.96,6,16880.67677,1,0.004433201,9166
54.42922374,16,16,55.97082954,0.412038226,78.48,5,26640.10908,2,0.018364692,9167
70.54794521,7,1,87.19234275,0.162489001,77.52,2,45084.69164,3,0.610441183,9168
44.33789954,15,19,77.84867821,0.247595384,80.98,2,32538.65913,2,0.440110495,9169
8.03652968,19,20,67.04649043,0.398334656,81.97,4,18002.78819,3,0.031144118,9170
32.87671233,15,0,70.8295351,0.368042553,79.92,6,34289.01431,4,0.008357926,9171
9.497716895,18,9,64.31175934,0.417086909,79.69,4,42500.22323,1,0.07754197,9172
59.9086758,11,13,79.58067457,0.224876307,77.99,2,29881.47307,2,0.404487469,9173
31.18721461,19,11,69.325433,0.462885683,77.16,6,36997.32988,2,0.008618904,9174