Safety_Score,Days_Since_Inspection,Total_Safety_Complaints,Control_Metric,Turbulence_In_gforces,Cabin_Temperature,Accident_Type_Code,Max_Elevation,Violations,Adverse_Weather_Metric,Accident_ID
31.05022831,12,3,73.33637192,0.342799135,84.99,4,21651.04946,1,0.039675653,9175
55.34246575,12,9,63.94712853,0.394007212,80.12,3,14139.90679,2,0.070398451,9176
15.06849315,17,0,61.2579763,0.25625027,75.14,4,24613.54889,1,0.046336507,9177
45.98173516,15,0,67.86690975,0.30926145,80.97,2,32374.95193,0,0.437800105,9178
42.28310502,12,8,48.3135825,0.414923188,78.29,3,32346.1543,2,0.16006996,9179
65.66210046,12,9,61.66818596,0.342799135,77.97,7,25006.93476,2,0.002381187,9180
29.6347032,20,4,71.23974476,0.370206275,81.23,4,16252.90089,1,0.029080212,9181
19.22374429,16,7,73.24521422,0.306015867,84.53,3,29660.96349,2,0.147692401,9182
42.78538813,9,1,63.44576117,0.256610891,79.94,4,29887.2365,2,0.054407929,9183
42.96803653,15,8,78.66909754,0.338471691,79.99,1,51183.88256,3,1.843886062,9184
28.90410959,13,0,39.74475843,0.585857194,79.53,5,25490.64416,2,0.016709,9185
42.96803653,16,3,62.7620784,0.32332564,83.22,3,20295.70212,1,0.101519828,9186
37.67123288,14,8,57.976299,0.312507032,81.02,4,38817.08971,1,0.07109598,9187
17.44292237,16,9,79.03372835,0.342438514,76.44,4,21620.87164,3,0.039250074,9188
37.44292237,17,0,69.59890611,0.355060224,80.2,3,14625.17424,4,0.075139231,9189
42.87671233,12,14,68.96080219,0.192059863,77.27,3,20871.60602,2,0.104480971,9190
20.2283105,15,5,68.14038286,0.253365308,79.47,4,42760.64013,2,0.078338733,9191
55.57077626,12,2,66.1349134,0.266347638,78.95,2,40019.49687,2,0.54115283,9192
40.4109589,20,8,66.68185962,0.308900829,78.18,7,42734.06131,3,0.003761259,9193
44.74885845,12,3,73.29079307,0.306015867,77.63,3,18110.9171,3,0.09206491,9194
52.51141553,9,2,40.47402005,0.584775334,78.94,4,32655.84193,0,0.059756087,9195
25.11415525,14,9,65.86144029,0.520945546,79.48,7,38272.30046,2,0.003734089,9196
47.48858447,11,20,55.60619872,0.48560476,77.9,4,24737.33679,2,0.045332399,9197
51.64383562,13,5,57.88514129,0.413480707,81.43,3,47462.72803,2,0.237190415,9198
62.78538813,9,4,57.15587967,0.308900829,78.06,1,50122.01975,3,1.843886062,9199
29.13242009,16,7,47.76663628,0.429708619,81.98,3,18842.78867,1,0.09418704,9200
41.91780822,12,4,74.52142206,0.36335449,82.26,3,20487.86748,1,0.101046351,9201
40.68493151,13,6,82.1786691,0.238940498,84,4,43306.58745,1,0.078690309,9202
71.32420091,7,1,62.07839562,0.496423368,77.36,5,26936.09554,2,0.018428373,9203
28.63013699,13,0,99.95442115,0.372369996,80.47,1,33737.30712,3,1.241126169,9204
45.06849315,15,1,72.24247949,0.248677245,80.97,5,33425.22558,1,0.021252775,9205
35.89041096,11,2,79.67183227,0.284739272,81.82,7,27158.35686,1,0.002295664,9206
44.70319635,12,4,72.65268915,0.351454021,77.72,2,38183.18091,3,0.517264576,9207
60.1826484,14,20,54.42114859,0.489932203,79.35,7,34472.0838,1,0.003143447,9208
39.36073059,13,17,72.01458523,0.335586729,78.59,6,32560.29012,1,0.007792365,9209
20.3196347,15,26,91.11212397,0.311425171,88.57,1,27720.60393,3,1.020970924,9210
35.70776256,14,6,62.62534184,0.345323476,77.38,3,36708.90955,0,0.182599553,9211
31.36986301,15,13,64.17502279,0.332701767,76.22,3,40911.55622,3,0.20537751,9212
44.65753425,15,1,66.18049225,0.252283448,78.8,2,16029.08124,2,0.210346808,9213
29.8173516,16,5,52.82588879,0.638507753,81.93,2,32681.07569,3,0.444452039,9214
55.43378995,12,8,64.67639015,0.388237288,78.48,4,40833.46522,2,0.075042933,9215
24.24657534,14,3,53.32725615,0.266708258,81.06,1,29416.79155,1,1.090265981,9216
35.75342466,14,2,82.31540565,0.197108547,76.11,4,46463.26667,1,0.085368589,9217
35.02283105,14,0,61.62260711,0.503996394,81.65,2,49106.35596,1,0.653014214,9218
55.52511416,12,21,77.11941659,0.191338622,77.79,2,14050.46565,5,0.201188155,9219
33.51598174,18,12,52.41567912,0.448100252,81.52,3,25239.66271,1,0.125330621,9220
27.71689498,13,54,64.94986326,0.48560476,81.39,1,31556.38728,1,1.163659045,9221
48.67579909,10,10,66.1349134,0.337750451,78.14,6,14532.73839,2,0.003602306,9222
31.27853881,12,12,69.09753874,0.34965092,87.86,4,30469.2344,2,0.055667157,9223
20.1826484,15,2,62.57976299,0.392925352,82.19,3,11809.79506,3,0.057589097,9224
60.54794521,7,10,65.45123063,0.451345835,82.27,3,27749.25089,3,0.137435802,9225
56.11872146,12,13,64.12944394,0.448460873,78.18,2,48285.89636,3,0.653900333,9226
30.73059361,12,1,54.64904284,0.448100252,77.99,4,48814.08678,2,0.088497376,9227
25.98173516,14,3,83.54603464,0.351093401,79.78,1,25974.84276,0,0.956095236,9228
29.9543379,16,12,59.02461258,0.284739272,79.08,6,31380.14392,3,0.007811181,9229
28.90410959,13,2,48.72379216,0.520945546,78.63,4,13118.5373,3,0.025557014,9230
27.85388128,17,5,76.57247037,0.339192932,86.43,6,26096.54123,2,0.006682612,9231
46.98630137,14,8,64.12944394,0.442330328,79.01,2,40055.66195,3,0.542971582,9232
60.1826484,10,5,49.58979034,0.444133429,83.22,2,20204.64898,1,0.277637543,9233
72.32876712,10,10,67.45670009,0.463246304,76.96,7,39189.47804,2,0.003682046,9234
31.68949772,19,0,64.31175934,0.435478543,76.13,6,30497.88866,2,0.007158239,9235
58.99543379,14,4,61.62260711,0.342799135,77.78,7,30242.20669,3,0.002792823,9236
37.48858447,10,0,73.74658159,0.291230436,76.85,4,26902.31882,2,0.049251999,9237
44.84018265,8,0,58.38650866,0.488489722,81.8,4,37973.89325,2,0.069784362,9238
42.42009132,12,10,82.95350957,0.312146412,78.38,6,26863.37839,1,0.006916604,9239
46.57534247,11,7,41.61349134,0.624804183,82.58,2,40343.57063,1,0.545307675,9240
44.56621005,8,0,53.87420237,0.469376848,83.57,4,23360.58611,1,0.042283526,9241
21.73515982,19,7,48.95168642,0.590545258,80.01,6,42400.7801,0,0.010751682,9242
27.26027397,17,18,80.08204193,0.303130905,77.09,6,42138.19041,2,0.009456813,9243
73.10502283,10,2,37.28350046,0.602806347,78.37,7,24626.23299,2,0.002400873,9244
27.94520548,13,6,64.40291705,0.330898666,80.43,2,40840.64636,2,0.549198026,9245
12.96803653,18,3,66.49954421,0.268150739,80.74,6,28793.91602,2,0.007428356,9246
28.53881279,13,6,61.39471285,0.444133429,78.55,4,28593.53154,3,0.053758613,9247
62.51141553,6,5,63.12670921,0.489932203,81.79,2,32702.14799,3,0.442948592,9248
57.44292237,11,5,64.6308113,0.260217093,81.69,2,34310.10426,3,0.465273335,9249
36.16438356,11,1,59.98176846,0.268150739,76.35,2,30380.73455,1,0.412493537,9250
64.42922374,13,29,72.88058341,0.52635485,77.19,1,34684.7065,2,1.273851956,9251
55.43378995,12,4,57.47493163,0.381746123,79.42,6,36365.81771,2,0.008917267,9252
17.71689498,21,3,52.87146764,0.449542734,79.94,7,40075.9287,3,0.003567768,9253
34.65753425,15,7,56.06198724,0.556646953,80.19,3,46367.37043,2,0.230544955,9254
48.31050228,11,3,62.80765725,0.279690588,78.63,4,18411.02896,3,0.035089083,9255
40.1369863,13,3,54.28441203,0.590905878,78.67,3,26385.04154,2,0.131340505,9256
36.25570776,11,4,52.96262534,0.3226044,80.37,7,33112.52185,1,0.002974999,9257
51.78082192,10,2,55.69735643,0.500390191,78.32,3,29541.18411,0,0.147316875,9258
44.42922374,12,3,47.26526892,0.601003246,79.78,6,32655.84193,2,0.007767288,9259
42.05479452,16,1,64.49407475,0.274641904,77.33,1,32628.11973,4,1.212964024,9260
2.648401826,23,5,62.03281677,0.425381176,79.88,7,46573.01263,2,0.004177839,9261
31.82648402,15,1,73.60984503,0.347126578,82.57,3,44732.43116,2,0.222405152,9262
16.43835616,16,15,56.65451231,0.416005049,79.66,4,39476.2263,1,0.072261048,9263
79.6347032,8,19,69.4165907,0.3226044,86.1,4,42416.27043,3,0.077289348,9264
36.75799087,10,1,56.92798541,0.490653444,78.32,1,17085.51952,2,0.664870454,9265
46.89497717,18,2,68.68732908,0.4044652,78.09,7,34582.73316,1,0.003103505,9266
29.6347032,16,0,67.8213309,0.445936531,82.12,3,41373.23488,2,0.206458994,9267
36.84931507,14,2,55.24156791,0.488489722,77.17,2,25806.04805,3,0.349996581,9268
40.1826484,13,10,45.67000912,0.40482582,81.17,3,35977.01231,1,0.179761011,9269
39.45205479,13,3,65.95259799,0.262380815,78.71,3,23506.54331,2,0.116154201,9270
34.61187215,15,0,68.32269827,0.258774612,75.01,3,38277.02016,1,0.189891852,9271
27.99086758,20,1,73.65542388,0.412038226,81.57,7,36989.08023,1,0.003686858,9272
36.43835616,18,0,74.74931632,0.361551388,79.61,5,38525.41418,2,0.025698684,9273
47.35159817,11,1,77.07383774,0.272117562,79.03,6,37541.67637,1,0.009972107,9274
41.32420091,16,4,62.9443938,0.358305806,81.26,2,24744.15842,1,0.337996375,9275
47.99086758,11,9,76.75478578,0.237137396,78.33,6,32932.72392,2,0.007672061,9276
48.40182648,14,8,76.98268004,0.378500541,75.29,2,38600.79941,2,0.523322665,9277
51.32420091,13,2,49.08842297,0.662308691,80.16,3,22169.2086,2,0.11037399,9278
35.70776256,17,3,55.01367366,0.479113595,83.58,2,36933.84468,1,0.502666446,9279
26.98630137,17,8,56.92798541,0.466131266,77.44,1,37225.98628,3,1.375305577,9280
59.40639269,11,9,49.58979034,0.47154057,80.53,5,8981.31546,2,0.00259798,9281
82.28310502,8,13,45.89790337,0.657981248,88,7,41873.48841,2,0.003923191,9282
27.67123288,13,15,54.92251595,0.487407862,77.75,1,30282.77185,4,1.114040918,9283
41.78082192,13,14,84.86782133,0.265987018,83.29,6,26029.16326,3,0.006995705,9284
20.4109589,19,4,66.40838651,0.421774973,81.82,3,44292.00726,3,0.219711212,9285
43.05936073,16,8,65.58796718,0.313588893,77.67,5,30406.02223,0,0.019926368,9286
21.23287671,15,0,58.97903373,0.219106383,78.4,1,20973.12273,3,0.770245197,9287
30.73059361,19,2,63.08113036,0.563138118,76.35,7,23720.17893,0,0.002215472,9288
26.34703196,21,15,80.99361896,0.25625027,79.88,4,20028.16316,2,0.035320494,9289
32.73972603,19,7,53.372835,0.542582762,77.86,4,37715.16569,3,0.069701428,9290
71.23287671,11,2,69.00638104,0.428266138,79.94,2,28688.83681,3,0.389500677,9291
10.50228311,19,12,49.58979034,0.445936531,77.9,3,27487.6888,2,0.135850462,9292
43.65296804,15,2,86.78213309,0.362993869,79.07,1,34626.88625,3,1.279502423,9293
46.34703196,15,0,63.71923428,0.337389831,76.23,7,36324.943,2,0.003023353,9294
5.205479452,19,6,69.64448496,0.382106744,82.91,6,37011.99752,2,0.008668665,9295
37.26027397,14,2,58.24977211,0.39112225,77.22,3,47462.72803,3,0.233867616,9296
37.48858447,10,21,71.23974476,0.261659574,77.56,7,33980.66168,2,0.003146767,9297
38.44748858,17,9,59.98176846,0.308540209,78.49,1,46987.93026,3,1.747155651,9298
40.82191781,13,2,55.65177758,0.44485467,87,2,48525.86034,3,0.655799278,9299
73.15068493,10,13,57.52051048,0.72794158,78.5,7,36159.90088,2,0.003143447,9300
32.55707763,15,4,45.76116682,0.603888208,85.97,3,32860.90576,2,0.162844236,9301
44.47488584,8,3,49.63536919,0.465049405,79.39,4,28392.9148,2,0.052019506,9302
30.1369863,13,3,54.83135825,0.357584565,80,4,38735.75134,3,0.070096125,9303
61.46118721,10,2,70.32816773,0.226679409,76.14,2,39117.45998,2,0.528221263,9304
38.40182648,13,10,61.66818596,0.490292824,79.33,3,41695.97518,1,0.207345837,9305
22.73972603,15,13,73.01731996,0.26851136,80.83,4,36818.98439,2,0.067149309,9306
77.30593607,4,3,76.61804923,0.455673278,76.63,4,36581.58513,1,0.0670328,9307
36.75799087,14,10,72.37921604,0.527076091,79.22,1,24420.713,2,0.894409699,9308
36.75799087,18,8,51.00273473,0.584054093,80.19,5,48338.77861,4,0.033080119,9309
30.73059361,16,4,64.12944394,0.414923188,82.33,1,28193.96225,1,1.046003753,9310
20.1369863,15,13,71.96900638,0.273560043,81.99,4,30056.21522,2,0.054642187,9311
55.02283105,16,1,94.84958979,0.180159394,86.08,4,50466.77563,3,0.094084616,9312
31.18721461,12,3,56.83682771,0.322243779,81.8,2,26044.91155,3,0.352422366,9313
19.17808219,16,4,64.3573382,0.305294627,82.51,4,31549.44734,3,0.056423869,9314
53.10502283,9,4,69.4165907,0.481637937,77.62,2,20514.79378,3,0.277637543,9315
25.34246575,14,6,57.52051048,0.28221493,80.8,1,33797.12893,2,1.246314392,9316
42.10045662,12,8,56.15314494,0.439445366,80.72,3,27243.15115,2,0.136592251,9317
51.00456621,10,1,40.10938924,0.505078255,79.35,3,22921.07733,1,0.114860899,9318
33.15068493,12,1,49.63536919,0.368403173,81.76,4,48416.02672,2,0.087816735,9319
47.16894977,11,2,73.97447584,0.232809953,81.58,3,30090.27766,1,0.14944739,9320
46.16438356,8,1,72.28805834,0.324046881,79.06,4,39615.1051,2,0.073235561,9321
27.67123288,13,2,48.72379216,0.514093761,77.16,4,27296.49509,3,0.049958723,9322
61.18721461,7,10,80.44667274,0.413120087,83.99,3,34804.4675,2,0.173410918,9323
43.01369863,12,4,68.04922516,0.294115398,78.74,1,30423.72497,2,1.109627272,9324
50.2283105,10,4,37.83044667,0.542582762,80.25,5,27780.31609,3,0.018521059,9325
44.70319635,8,11,53.87420237,0.381024883,76.07,4,58297.48027,2,0.102535146,9326
69.8173516,11,5,84.59434822,0.162489001,77.86,4,24326.59899,3,0.044302591,9327
46.11872146,15,0,67.86690975,0.258053372,80.97,2,43568.48792,2,0.589641647,9328
32.92237443,15,0,60.16408387,0.432593581,87.44,7,36749.15266,2,0.003080723,9329
58.76712329,14,5,64.40291705,0.488850343,79.01,6,28945.3417,4,0.007388511,9330
42.05479452,19,17,80.40109389,0.246513523,75.88,7,31177.11801,3,0.002814506,9331
20.1826484,19,10,54.01093892,0.317555716,78.95,1,41265.08933,1,1.513448634,9332
34.88584475,11,5,52.96262534,0.325849982,81.8,5,37435.14562,2,0.024101592,9333
20.1369863,19,0,58.65998177,0.468655608,76.58,3,36624.27963,2,0.183065174,9334
31.55251142,12,13,69.2342753,0.3226044,82.53,4,30479.98025,2,0.055390534,9335
35.29680365,11,4,75.15952598,0.236776776,77.91,6,26232.98814,3,0.006448712,9336
38.49315068,17,15,76.25341841,0.520945546,80.09,2,33730.63638,1,0.454659028,9337
44.20091324,15,3,53.91978122,0.695485755,76.86,2,27654.28502,4,0.374206789,9338
26.71232877,13,1,72.01458523,0.453509556,76.94,2,28473.78615,0,0.384702847,9339
20.1826484,19,17,60.02734731,0.441969708,77.27,3,29968.12533,2,0.149122606,9340
58.44748858,7,2,80.7657247,0.305294627,78.47,6,48812.50442,2,0.012677216,9341
45.47945205,15,0,41.79580675,0.584414713,78.94,3,32211.95727,1,0.160237023,9342
42.19178082,12,0,76.93710119,0.381746123,78.09,3,32825.23721,1,0.163604816,9343
52.19178082,13,3,53.73746582,0.493899026,83.39,2,33905.3514,3,0.458227397,9344
91.18721461,3,4,81.35824977,0.237137396,78.31,7,19199.25023,4,0.002036403,9345
23.65296804,14,15,74.97721057,0.300606563,78.54,4,37119.54338,0,0.068585201,9346
24.65753425,14,16,37.51139471,0.695485755,80.02,1,37764.96703,4,1.39011858,9347
28.94977169,20,7,60.80218778,0.421414353,82.98,4,34811.68461,1,0.063723766,9348
34.52054795,14,6,74.74931632,0.3226044,77.53,6,20974.95965,1,0.005761944,9349
55.25114155,12,8,65.72470374,0.530682294,77.16,2,28436.74142,2,0.384836755,9350
56.71232877,15,7,59.6627165,0.318637577,79.37,7,34328.0192,2,0.003242795,9351
27.85388128,17,6,67.31996354,0.37741868,79.22,4,49913.21646,1,0.091488709,9352
31.59817352,12,5,67.7301732,0.340996033,82.85,4,52480.12198,3,0.092576525,9353
70.0913242,11,1,61.71376481,0.496423368,81.71,4,41187.06796,3,0.075186324,9354
58.72146119,14,2,75.34184139,0.183044356,82.27,7,40028.32614,1,0.00354719,9355
15.43378995,17,9,60.16408387,0.298082221,78.05,4,26687.10393,1,0.049251999,9356
37.57990868,14,9,70.8295351,0.229924991,80.36,3,21934.74107,2,0.10720324,9357
39.8173516,17,0,64.26618049,0.414923188,76.05,1,8335.480494,1,0.389486935,9358
15.75342466,20,23,82.13309025,0.434396682,84.33,1,34289.90024,2,1.261454934,9359
56.66666667,11,6,54.32999088,0.48488352,78.08,3,22096.23136,2,0.110391365,9360
22.28310502,18,8,67.91248861,0.330538045,76.79,3,19201.50213,3,0.094561641,9361
50.1369863,14,6,55.83409298,0.434396682,85.61,2,32017.11885,2,0.431054506,9362
33.92694064,15,0,76.75478578,0.3226044,78.15,3,32624.49113,1,0.162108139,9363
64.47488584,6,14,63.30902461,0.286542373,84.03,7,21714.81048,2,0.002034498,9364
49.7260274,10,4,53.73746582,0.432232961,79.39,3,31846.91837,3,0.159382899,9365
46.25570776,8,1,67.50227894,0.245071042,76.89,3,20061.5449,4,0.09765878,9366
52.73972603,13,2,63.71923428,0.225958168,83.83,5,37318.51349,2,0.024057487,9367
35.29680365,11,4,76.66362808,0.236776776,77.94,5,26232.98814,3,0.01638905,9368
55.89041096,12,1,88.60528715,0.151670393,81.83,2,17287.25562,1,0.231292269,9369
64.65753425,13,7,57.74840474,0.393285972,81.43,7,25006.93476,4,0.002491943,9370
15.20547945,21,3,84.86782133,0.434396682,80.76,2,25688.5205,2,0.344926674,9371
58.26484018,11,1,52.41567912,0.37705806,81.14,3,31639.1855,2,0.155315702,9372
32.83105023,15,1,48.63263446,0.409513884,80.23,1,23825.24666,3,0.870409654,9373
53.56164384,12,15,70.10027347,0.464328164,77.59,2,31638.62932,2,0.428633208,9374
51.59817352,16,6,74.2023701,0.338832312,82.09,7,28715.68393,2,0.002822779,9375
32.64840183,15,7,55.42388332,0.64752326,78.13,1,31715.61513,3,1.166774798,9376
53.92694064,12,17,51.6864175,0.466131266,84.52,5,24518.01247,2,0.016738846,9377
44.33789954,15,0,49.31631723,0.468655608,80.33,3,41138.07808,4,0.203350841,9378
82.83105023,3,2,71.37648131,0.302409665,79.84,7,33311.17306,2,0.00301174,9379
54.79452055,12,1,80.40109389,0.262380815,80.55,3,33385.14826,3,0.165002364,9380
57.12328767,8,9,78.57793984,0.276084385,81.73,4,33256.4562,3,0.061452587,9381
68.67579909,11,31,57.976299,0.784558961,75.83,7,51246.64085,1,0.004934219,9382
68.85844749,11,7,55.28714676,0.68791273,78.58,6,47156.93843,1,0.011494352,9383
48.08219178,11,2,64.90428441,0.250840966,78.72,3,29887.2365,1,0.149717569,9384
52.51141553,9,1,57.06472197,0.300606563,81.93,5,35207.39867,1,0.022989915,9385
38.72146119,13,4,72.74384686,0.317195096,81.86,3,12051.06102,2,0.062723562,9386
24.74885845,14,14,75.47857794,0.29663974,78.16,1,25556.93881,1,0.948341399,9387
42.87671233,12,3,74.52142206,0.36335449,81.27,4,30105.47428,1,0.054369686,9388
68.76712329,8,11,58.79671832,0.467213127,77.26,2,35679.21571,3,0.481652773,9389
22.42009132,15,2,39.79033728,0.621919221,82.72,4,21762.69878,2,0.039788262,9390
40.1826484,16,7,59.89061076,0.287263613,79.45,2,43459.93175,1,0.58515605,9391
31.78082192,23,9,63.08113036,0.461082582,80.26,6,27487.6888,3,0.006715818,9392
44.33789954,12,10,65.13217867,0.339553552,81.31,6,32060.33642,3,0.007672797,9393
39.17808219,13,6,72.01458523,0.36371511,83.63,6,22792.17401,1,0.005383992,9394
31.23287671,12,2,62.8532361,0.312507032,76.49,1,33495.77609,2,1.228170969,9395
37.53424658,10,1,79.39835916,0.360830148,82.73,1,22938.17793,1,0.845845626,9396
45.29680365,11,4,63.44576117,0.248316625,82.73,4,19643.59874,2,0.036397697,9397
44.06392694,12,2,57.20145852,0.49858709,83.92,3,28454.4614,3,0.142325653,9398
22.96803653,15,0,67.45670009,0.306737108,82.26,1,45120.2237,2,1.660431955,9399
52.37442922,9,14,50.91157703,0.499668951,77.62,4,18083.04954,3,0.032005752,9400
39.45205479,17,13,68.50501367,0.247595384,76.92,6,20061.5449,2,0.004462445,9401
16.11872146,17,13,61.53144941,0.476589254,83.1,4,19618.54857,1,0.035396261,9402
36.94063927,17,7,74.88605287,0.324046881,76.62,1,26207.12912,1,0.957559404,9403
12.46575342,18,0,59.07019143,0.392204111,78.46,4,43915.36281,3,0.080319288,9404
44.47488584,8,3,53.87420237,0.432232961,77.25,2,29202.56773,3,0.394504816,9405
71.78082192,10,7,96.03463993,0.212975838,75.97,7,25756.18824,2,0.00241962,9406
47.85388128,14,2,56.97356427,0.487768482,77.04,5,32577.99085,1,0.021794667,9407
29.36073059,13,13,67.7301732,0.237137396,80.61,4,40821.19588,1,0.075530825,9408
38.90410959,17,6,54.37556974,0.30962207,74.85,2,24451.81962,2,0.330528597,9409
25.29680365,14,8,47.26526892,0.429347999,78.69,2,27933.34536,3,0.378611274,9410
43.60730594,12,3,53.23609845,0.584775334,81.45,6,27053.44588,3,0.007016086,9411
44.42922374,8,0,52.87146764,0.426823657,75.98,2,47324.95278,0,0.643975973,9412
40.77625571,13,2,75.47857794,0.333062387,78.93,3,40645.71729,2,0.199929006,9413
47.89954338,11,3,74.88605287,0.241104219,78.73,3,36748.27037,2,0.182900975,9414
58.76712329,14,1,85.77939836,0.237858637,77.01,7,37253.90537,4,0.003628838,9415
28.21917808,13,10,86.9644485,0.289427335,80.65,4,36065.20853,2,0.065909045,9416
56.21004566,8,0,39.83591613,0.5396978,76.92,3,44244.62918,3,0.220238164,9417
32.87671233,15,1,72.01458523,0.340274793,89.43,6,43276.56458,1,0.010998811,9418
32.42009132,12,10,62.9443938,0.44521529,79.77,4,44657.3812,0,0.082427704,9419
22.60273973,15,0,57.56608933,0.345684097,81.78,4,41785.0166,3,0.076592303,9420
33.78995434,18,1,71.14858706,0.424299315,83.58,2,20120.81896,1,0.271798253,9421
21.91780822,18,19,62.12397448,0.399416516,79.8,6,42569.04978,2,0.010551812,9422
51.23287671,10,15,70.19143118,0.394007212,76.98,3,20375.81543,2,0.10150267,9423
41.14155251,13,3,90.15496809,0.286902993,79.09,6,27724.25601,2,0.006768414,9424
37.80821918,17,0,59.11577028,0.302409665,76.96,2,26701.64437,1,0.362071261,9425
20.1826484,19,4,63.58249772,0.400498377,79.58,3,30451.74035,1,0.152337945,9426
34.47488584,11,8,65.99817685,0.239661738,81.28,1,20478.76474,2,0.750477042,9427
38.81278539,13,1,68.18596171,0.359027047,81.83,4,30752.09309,4,0.057109629,9428
65.34246575,3,6,88.05834093,0.271756942,77.63,6,33027.73959,1,0.008116929,9429
15.20547945,20,7,50.59252507,0.509045078,77.4,5,47882.56666,4,0.032032877,9430
45.98173516,15,2,58.1586144,0.597397043,82.2,2,45992.77078,2,0.622165204,9431
45.06849315,15,3,68.64175023,0.374533718,81.43,2,43094.66108,1,0.582155821,9432
33.10502283,15,7,65.13217867,0.466491886,77.78,3,11882.60094,3,0.057862583,9433
43.97260274,12,3,64.26618049,0.368763794,79.64,3,34987.98323,4,0.174017805,9434
76.66666667,6,12,67.86690975,0.373451857,79.84,1,25230.00772,3,0.928940178,9435
30,13,2,85.27803099,0.301327804,77.11,7,25111.1749,2,0.002280337,9436
48.35616438,11,10,45.85232452,0.456033898,84.52,3,27222.89413,1,0.13309957,9437
47.39726027,14,0,55.60619872,0.338471691,81.92,2,33952.37374,4,0.45982132,9438
16.30136986,16,0,71.78669098,0.398695276,79.83,1,28677.95586,2,1.060390686,9439
35.93607306,11,10,61.4402917,0.370566895,77.16,2,30232.14602,2,0.411158532,9440
28.08219178,13,14,70.32816773,0.371288136,77.99,4,17006.59044,1,0.031142769,9441
36.62100457,10,4,67.59343665,0.242907321,80.98,5,25205.44116,1,0.01638905,9442
25.38812785,14,11,64.76754786,0.45891886,77.87,4,18505.61688,2,0.034464031,9443
32.92237443,15,0,60.16408387,0.492095925,83.19,3,17004.11201,2,0.084151839,9444
21.55251142,15,0,63.81039198,0.338111071,80.5,4,39062.7634,1,0.071706957,9445
38.44748858,17,23,67.36554239,0.276084385,80.01,1,40101.91966,2,1.485857649,9446
46.25570776,7,10,56.4721969,0.466131266,77.24,4,35235.68818,3,0.063723766,9447
20.82191781,15,5,81.35824977,0.250480346,78.68,4,37558.92683,3,0.068069416,9448
40.91324201,13,0,47.21969006,0.444133429,85.26,6,27012.00155,2,0.006448712,9449
47.03196347,14,13,80.08204193,0.203960332,83.32,2,26382.38854,5,0.357094607,9450
53.19634703,12,1,47.08295351,0.568186801,76.59,1,34325.61508,2,1.263914207,9451
51.18721461,10,15,70.19143118,0.394007212,76.12,3,26319.28977,3,0.131214853,9452
45.70776256,11,0,57.976299,0.468294987,78.47,6,27194.73236,3,0.006976458,9453
75.57077626,10,11,66.95533273,0.3777793,76.37,7,39189.47804,1,0.003706371,9454
34.06392694,15,1,59.07019143,0.483801659,78.28,6,35960.9764,1,0.00857915,9455
38.72146119,13,0,72.4247949,0.416726289,81.26,6,40619.77897,2,0.009972989,9456
42.42009132,12,3,31.08477666,0.820260368,76.37,3,33576.07428,2,0.167563589,9457
32.87671233,15,1,69.09753874,0.390040389,78.25,1,32854.55899,3,1.213858457,9458
37.48858447,10,3,54.92251595,0.63345907,78.67,4,29518.61292,1,0.053847807,9459
26.48401826,14,2,47.94895169,0.509766318,79.33,3,18915.50902,4,0.095058859,9460
56.16438356,8,1,64.81312671,0.317555716,78.63,3,32218.46564,2,0.159940824,9461
50.1826484,13,0,73.42752963,0.463246304,86.58,2,24761.25663,3,0.334366415,9462
31.09589041,12,25,84.86782133,0.270314461,77.58,3,9764.863991,1,0.043078042,9463
52.37442922,9,11,61.62260711,0.542582762,77.55,4,36687.85366,2,0.067782105,9464
50.59360731,13,5,69.59890611,0.317195096,78.74,2,38350.71956,1,0.51935507,9465
34.61187215,11,0,81.72288058,0.47226181,76.8,2,14865.90565,3,0.178843572,9466
5.662100457,20,2,98.86052871,0.210812117,78.7,1,38564.12923,4,1.428695679,9467
51.91780822,13,7,79.30720146,0.383909845,83.08,1,17157.86318,2,0.655110147,9468
39.45205479,10,8,38.33181404,0.654375045,88.18,3,43803.43611,1,0.220238164,9469
17.71689498,16,1,51.45852325,0.509766318,77.17,1,11268.29351,1,0.359229271,9470
32.60273973,12,7,64.26618049,0.209009016,79.01,3,23362.5383,2,0.118480023,9471
37.44292237,14,1,52.91704649,0.381385503,79.23,3,27182.92171,2,0.133534622,9472
38.35616438,13,1,66.45396536,0.502553913,77.46,3,29502.76342,3,0.147269092,9473
0,20,9,80.44667274,0.396892175,79.01,1,31491.27636,2,1.162902068,9474
52.96803653,9,16,78.07657247,0.333062387,78.43,3,25205.98944,2,0.125860335,9475
30.91324201,16,2,69.78122151,0.329456185,79.81,3,22570.0304,1,0.112255875,9476
91.18721461,4,2,81.22151322,0.226679409,75.96,5,19262.18401,2,0.012559582,9477
34.56621005,15,7,68.00364631,0.294115398,80.42,3,20061.5449,1,0.097707223,9478
47.12328767,14,1,65.08659982,0.333423008,86.96,2,43094.66108,2,0.58515605,9479