Safety_Score,Days_Since_Inspection,Total_Safety_Complaints,Control_Metric,Turbulence_In_gforces,Cabin_Temperature,Accident_Type_Code,Max_Elevation,Violations,Adverse_Weather_Metric,Accident_ID
32.55707763,15,8,76.02552416,0.380303642,78.31,6,37949.72439,3,0.010124938,9480
28.85844749,16,2,63.76481313,0.453509556,81.76,6,27067.91961,1,0.006681394,9481
50.73059361,13,8,72.97174111,0.352535882,78.2,2,25723.82936,2,0.350179582,9482
21.27853881,15,8,72.01458523,0.35001154,79.58,4,21620.87164,4,0.039826025,9483
50.0456621,17,0,63.67365542,0.432593581,77.04,7,17413.57989,1,0.001614115,9484
27.94520548,17,6,60.07292616,0.529600433,77.86,2,34880.03714,2,0.472049971,9485
48.17351598,14,8,64.12944394,0.442330328,80.36,2,34007.98567,4,0.45982132,9486
46.62100457,8,3,75.7064722,0.375254959,76.09,4,35390.73524,3,0.065318112,9487
23.60730594,14,15,74.97721057,0.300606563,78.54,4,30077.41619,2,0.054865468,9488
22.05479452,15,10,60.61987238,0.556646953,77.34,1,31619.82942,1,1.162902068,9489
31.23287671,12,14,66.49954421,0.319719437,79.69,1,34480.6632,2,1.26281554,9490
34.52054795,15,28,21.14858706,0.600282005,80.78,1,38783.35661,3,1.426182254,9491
40.63926941,13,7,75.47857794,0.395810314,75.84,3,47430.2732,3,0.236948192,9492
37.57990868,10,10,69.59890611,0.261659574,79.85,4,22468.65367,3,0.040551605,9493
17.71689498,16,3,65.58796718,0.362272629,79.47,4,28036.27509,3,0.051466239,9494
34.84018265,11,19,59.43482224,0.584054093,87,5,19947.87021,2,0.012559582,9495
18.35616438,20,7,59.61713765,0.32296502,79.4,7,35495.52541,0,0.003008794,9496
56.57534247,8,9,67.09206928,0.293394158,77.23,6,26813.18457,2,0.006682612,9497
36.16438356,14,5,59.48040109,0.47190119,80.74,4,45329.88964,3,0.083991795,9498
39.49771689,13,1,69.59890611,0.312146412,76.77,3,4203.266373,4,0.020926831,9499
32.37442922,12,35,50.0911577,0.754627479,81.13,1,48855.48982,2,1.768768685,9500
72.46575342,10,12,57.52051048,0.62047674,83,4,28384.52631,2,0.052118022,9501
63.69863014,10,0,61.21239745,0.328374324,77.53,2,40360.61209,0,0.546221487,9502
54.52054795,8,0,57.42935278,0.466491886,80.47,3,44882.61511,3,0.223615477,9503
12.60273973,18,3,52.32452142,0.312507032,81.48,4,37258.09685,3,0.068521039,9504
71.27853881,10,7,60.61987238,0.220548864,78.52,7,33393.25319,2,0.003115493,9505
31.91780822,15,0,62.07839562,0.456033898,81.02,3,44313.05798,3,0.219711212,9506
21.87214612,15,9,41.56791249,0.543664623,77.16,1,27638.22035,4,1.026763202,9507
46.16438356,11,3,66.36280766,0.380664263,87.34,6,35902.35475,1,0.008769983,9508
52.37442922,6,12,40.56517776,0.745972593,80.65,1,36463.54538,2,1.323124286,9509
27.57990868,17,3,62.53418414,0.400498377,80.46,3,21253.38852,2,0.105168518,9510
55.43378995,12,1,66.1349134,0.419611251,79.8,5,21674.72377,2,0.013804617,9511
39.8173516,13,0,66.27164995,0.340996033,78.96,3,38973.16475,2,0.193995762,9512
46.34703196,11,1,72.33363719,0.386794807,81.56,3,30752.09309,2,0.15277066,9513
51.27853881,10,2,69.09753874,0.315752614,80.53,6,27234.68012,1,0.006979347,9514
62.73972603,13,1,56.15314494,0.543664623,83.03,6,29160.43889,3,0.007426147,9515
30.456621,16,5,77.75752051,0.231006852,79.3,3,30586.40724,1,0.151493601,9516
34.29223744,11,1,88.650866,0.203599712,82.2,4,45712.54843,0,0.083029009,9517
61.05022831,10,5,68.36827712,0.241104219,84.02,5,46328.87068,2,0.032032877,9518
26.30136986,13,2,77.11941659,0.238940498,81.37,4,36453.54501,2,0.065791916,9519
29.6803653,20,15,55.05925251,0.473704291,80.67,4,31273.8224,2,0.057707312,9520
44.93150685,15,2,60.71103008,0.386794807,80.54,2,23661.94541,2,0.320229608,9521
46.25570776,8,1,49.17958067,0.662308691,79.43,3,25490.64416,2,0.125144036,9522
26.62100457,17,3,76.75478578,0.361190768,78.92,3,32649.46251,1,0.162552102,9523
71.46118721,11,17,75.52415679,0.237137396,81.1,7,25956.9935,2,0.002286384,9524
61.41552511,10,1,87.69371012,0.272117562,77.26,2,13214.85189,1,0.201266098,9525
42.37442922,12,2,59.84503191,0.375254959,82.81,6,32349.23736,3,0.007972714,9526
14.97716895,17,22,61.349134,0.268150739,79.85,2,38369.59258,2,0.518441262,9527
0.456621005,23,5,55.69735643,0.30998269,82.6,4,40212.0403,3,0.074467291,9528
48.35616438,14,20,49.13400182,0.687191489,79.79,3,43993.90753,1,0.220452927,9529
82.28310502,7,1,75.29626253,0.249398485,82.6,7,29705.72261,2,0.002827191,9530
30.3196347,12,14,63.71923428,0.290509196,87.74,5,14053.4046,3,0.010239283,9531
22.78538813,15,4,54.46672744,0.418529391,78.66,1,33771.09479,3,1.241126169,9532
21.96347032,15,5,39.79033728,0.522748648,80.55,1,37034.40564,1,1.365527972,9533
68.26484018,12,1,77.301732,0.355781464,77.86,3,26248.79295,1,0.131215115,9534
30.68493151,16,0,67.59343665,0.208287775,81.32,6,34016.78961,4,0.00923432,9535
68.21917808,8,2,37.28350046,0.695485755,84.9,3,13504.54645,2,0.069397951,9536
50.2283105,13,0,63.67365542,0.334865489,78.37,2,38266.38841,1,0.519476795,9537
28.21917808,13,20,87.60255242,0.302409665,80.8,2,29715.3911,2,0.403835478,9538
36.89497717,14,4,67.00091158,0.420332492,80.98,4,47101.48575,2,0.086513998,9539
48.17351598,14,6,64.12944394,0.252644068,81.82,2,34076.45361,1,0.464932337,9540
36.02739726,14,2,67.00091158,0.430429859,78.15,3,32338.06326,2,0.15976162,9541
61.41552511,14,25,45.53327256,0.448460873,79.35,5,36259.9584,1,0.025252146,9542
42.87671233,12,3,67.7301732,0.253004688,83.07,3,35370.91147,3,0.175707515,9543
50.54794521,13,15,72.83500456,0.391482871,85.25,6,30310.85218,2,0.007458634,9544
37.21461187,10,2,57.83956244,0.288706094,82.31,4,44502.49662,3,0.082558252,9545
40.59360731,16,1,59.16134913,0.467213127,80.82,2,20955.04161,1,0.286821822,9546
2.739726027,20,12,58.84229717,0.317555716,88.11,1,28986.65748,2,1.067633041,9547
55.02283105,16,33,41.20328168,0.691158312,78.96,7,51246.64085,0,0.004546718,9548
42.10045662,12,4,66.45396536,0.502553913,76.79,7,42912.52443,3,0.003887206,9549
41.68949772,13,14,70.19143118,0.395449693,76.2,5,42860.16108,1,0.028328093,9550
50.2283105,13,0,63.53691887,0.366960692,78.87,2,29368.16755,3,0.399359326,9551
39.13242009,10,3,60.25524157,0.375615579,77.16,4,14251.91589,2,0.026989986,9552
45.52511416,8,1,88.24065634,0.17475009,78.33,2,30587.56938,3,0.415919627,9553
28.21917808,13,5,57.24703737,0.211172737,81.1,3,27850.91708,2,0.139477071,9554
30.3652968,12,0,59.25250684,0.367321313,84.72,7,40160.7024,2,0.003527233,9555
60.1369863,10,5,71.96900638,0.444133429,82.74,4,24664.52893,2,0.045703267,9556
33.83561644,11,0,72.47037375,0.329816805,76.86,1,27087.62336,2,0.991433467,9557
19.22374429,16,1,69.14311759,0.407710783,82.33,4,24820.16737,0,0.045349159,9558
30.91324201,16,2,62.62534184,0.383188604,77.65,4,29538.22001,2,0.054114336,9559
41.32420091,13,5,90.15496809,0.271396322,80.92,6,45176.83262,2,0.011889321,9560
40.63926941,16,7,62.71649954,0.339192932,77.38,1,22002.72783,1,0.815688882,9561
41.91780822,12,15,56.74567001,0.359748287,83.68,3,24975.91136,3,0.124716728,9562
37.30593607,14,11,71.78669098,0.355420844,79.86,6,31993.45889,2,0.007736959,9563
61.41552511,10,1,52.18778487,0.502914533,82.45,5,29827.90328,2,0.019551683,9564
54.65753425,9,1,68.14038286,0.212975838,81.26,6,33079.16863,2,0.007739787,9565
22.73972603,15,18,70.32816773,0.347126578,81.27,2,25114.3954,4,0.339951975,9566
38.85844749,10,2,57.47493163,0.333423008,79.22,4,30231.99932,1,0.055462924,9567
29.04109589,20,13,56.83682771,0.478392355,79.59,5,31273.8224,1,0.019995937,9568
47.03196347,14,8,85.77939836,0.273199423,83.56,2,25820.20182,2,0.349502745,9569
19.9543379,16,5,65.81586144,0.236776776,81.82,2,24689.72019,0,0.337051194,9570
41.55251142,13,0,58.88787603,0.503635774,80.32,2,44295.2918,4,0.5997465,9571
38.08219178,17,6,80.674567,0.312507032,75.61,2,27037.41641,2,0.36446301,9572
21.59817352,15,13,74.74931632,0.424299315,89.19,3,47592.31664,3,0.236464525,9573
50.77625571,7,6,85.41476755,0.484522899,79.79,3,31974.06241,3,0.15855647,9574
45.47945205,15,0,72.92616226,0.335947349,84.1,2,20228.12287,1,0.273798141,9575
14.24657534,17,0,67.95806746,0.267429499,75.55,3,26271.87163,2,0.130516893,9576
36.57534247,14,11,63.35460346,0.453509556,76.4,6,31239.85379,2,0.007685757,9577
39.45205479,13,0,47.21969006,0.366960692,77.53,6,44279.15398,3,0.010606664,9578
45.20547945,11,28,55.60619872,0.727580959,77.08,6,40193.96412,2,0.010121604,9579
34.61187215,15,0,68.32269827,0.258774612,76.93,3,30423.72497,4,0.150293722,9580
64.93150685,9,0,65.49680948,0.451345835,76.67,4,22083.71535,3,0.040419359,9581
17.71689498,21,0,29.89972653,0.777707176,79.01,7,11251.37563,1,0.001431979,9582
36.98630137,10,0,62.03281677,0.494980887,79.33,1,17085.51952,5,0.636699055,9583
64.42922374,13,20,72.88058341,0.365157591,79.22,1,34183.3512,2,1.256370837,9584
32.14611872,12,3,56.4721969,0.319719437,79.69,4,38818.4709,3,0.070124997,9585
32.83105023,19,0,48.72379216,0.693322034,80.19,3,36885.69795,2,0.182958865,9586
58.03652968,14,3,58.61440292,0.414923188,79.97,1,31892.78248,3,1.1732699,9587
56.16438356,15,0,69.64448496,0.33702921,82.1,7,35976.20214,2,0.002980999,9588
44.38356164,15,0,55.60619872,0.262020195,77.83,3,32919.05248,4,0.162913394,9589
31.55251142,19,38,71.23974476,0.339914172,80.4,6,35730.45109,2,0.008692415,9590
42.37442922,12,19,58.61440292,0.60641255,79.21,2,35004.05412,3,0.473685159,9591
36.62100457,11,10,61.4402917,0.352535882,77.16,2,32215.06761,1,0.436192386,9592
30.91324201,12,16,67.95806746,0.452067075,87.74,4,49095.25021,3,0.090540253,9593
56.71232877,15,0,69.55332726,0.415644428,80.59,2,33905.3514,2,0.459353706,9594
25.11415525,14,5,65.86144029,0.399416516,80.35,4,21330.27379,2,0.038790882,9595
70.3196347,7,1,88.05834093,0.18845366,79.88,5,32397.80286,3,0.021597593,9596
55.34246575,12,2,78.76025524,0.308179589,84.46,2,23833.67341,3,0.330528597,9597
44.79452055,8,2,62.26071103,0.346405337,77.3,4,32342.31338,3,0.05929216,9598
36.71232877,14,8,55.05925251,0.5396978,85.91,2,48525.86034,2,0.653900333,9599
26.94063927,17,2,56.3810392,0.784558961,80.46,2,32681.07569,4,0.442575446,9600
34.65753425,11,5,60.84776664,0.303852146,76.49,4,33495.77609,1,0.060783599,9601
36.02739726,14,3,71.60437557,0.319358817,78.03,3,52189.53654,1,0.26103585,9602
19.5890411,16,21,76.52689152,0.238219257,76.61,1,34703.88599,2,1.276659279,9603
27.85388128,13,2,44.75843209,0.577923549,78.51,2,26637.59532,2,0.358545587,9604
54.24657534,12,6,73.47310848,0.234613054,78.35,2,23442.86211,2,0.316500709,9605
20.95890411,15,1,88.24065634,0.191338622,86.08,4,32222.03588,1,0.058381927,9606
55.11415525,8,3,80.08204193,0.305294627,80.83,6,27827.85143,3,0.006681394,9607
54.10958904,16,24,66.27164995,0.412038226,80.36,7,30627.02389,3,0.002875379,9608
69.7716895,8,2,58.34092981,0.618673639,83.72,2,35376.08828,2,0.478306032,9609
43.05936073,8,24,99.95442115,0.372369996,90.65,7,42414.40383,1,0.00391728,9610
62.05479452,13,13,85.59708295,0.292672917,79.18,7,36737.25758,4,0.003212363,9611
20.1369863,19,0,58.65998177,0.308179589,79.37,3,41622.39272,3,0.207555571,9612
24.38356164,14,1,67.54785779,0.25516841,78.28,4,38605.12627,1,0.070480184,9613
22.28310502,15,6,92.11485871,0.185208078,81.03,4,21267.70437,1,0.038953159,9614
44.61187215,12,14,55.78851413,0.440887847,76.53,7,39241.56108,1,0.003513118,9615
49.17808219,10,1,67.31996354,0.300606563,76.89,5,14254.38233,3,0.011600334,9616
49.6803653,7,0,80.35551504,0.232449333,80.5,7,33385.14826,2,0.003079773,9617
30,16,10,47.81221513,0.515896863,81.18,3,47495.16953,3,0.236847336,9618
50.2283105,13,6,62.9443938,0.351093401,80.22,2,43971.71045,1,0.592421266,9619
46.98630137,11,0,76.80036463,0.293033538,82.44,6,34032.096,0,0.008552156,9620
22.19178082,15,1,92.38833181,0.238940498,81.2,4,45712.54843,2,0.083045449,9621
42.28310502,16,5,70.00911577,0.501472052,76.39,2,31290.80933,2,0.422993813,9622
45.89041096,18,1,54.55788514,0.368763794,79.01,5,34108.49509,3,0.022836769,9623
37.57990868,14,9,61.66818596,0.30926145,79.4,3,26989.61464,2,0.135445813,9624
24.33789954,14,12,70.78395624,0.226679409,78.51,4,31778.0561,3,0.056899384,9625
66.57534247,9,3,66.86417502,0.275002524,77.46,2,40973.90952,2,0.555593899,9626
29.04109589,20,13,56.74567001,0.375615579,79.21,4,41232.83729,3,0.07553804,9627
40.0913242,10,18,65.58796718,0.41744753,82.06,3,37657.68721,2,0.187105192,9628
22.64840183,15,8,62.8532361,0.330898666,86.58,1,25342.98088,2,0.925964716,9629
20.4109589,19,9,52.96262534,0.454952038,77.44,5,34198.75696,1,0.02354737,9630
30.1369863,12,14,68.82406563,0.444133429,89.51,4,30469.2344,1,0.056073196,9631
28.85844749,16,7,49.86326345,0.33702921,77.09,1,28955.34683,2,1.065207681,9632
58.67579909,4,7,50.68368277,0.618313018,78.31,7,42628.38864,1,0.003913329,9633
54.24657534,12,6,68.77848678,0.270675081,81.06,2,30043.79113,1,0.406933962,9634
39.45205479,17,6,66.49954421,0.394007212,76.92,4,22792.17401,2,0.042140418,9635
52.87671233,9,6,84.54876937,0.275363145,77.08,3,38210.28783,1,0.19093699,9636
56.48401826,12,13,62.16955333,0.381024883,78.18,1,34183.3512,3,1.249458766,9637
30.82191781,16,4,70.46490428,0.341356653,84.62,1,32896.95935,4,1.213858457,9638
48.26484018,10,7,41.43117593,0.45891886,79.77,6,17731.55428,3,0.004462445,9639
68.03652968,12,1,73.29079307,0.2959185,80.43,4,13696.99706,3,0.02554895,9640
54.33789954,12,7,68.77848678,0.284739272,77.03,3,36156.82636,3,0.179246049,9641
36.84931507,14,13,72.37921604,0.493899026,83.75,1,32896.95935,5,1.203641484,9642
36.62100457,10,7,64.67639015,0.321883159,79.15,3,36656.54735,4,0.183310929,9643
19.17808219,21,9,57.01914312,0.695485755,82.96,4,36354.48843,1,0.066039462,9644
44.52054795,8,1,68.91522334,0.30998269,77.09,4,20871.60602,2,0.038347765,9645
33.78995434,11,6,74.74931632,0.3226044,78.93,4,39662.15191,2,0.072812088,9646
46.48401826,15,3,50.82041933,0.438002885,83.12,3,18247.37283,3,0.090816876,9647
33.78995434,15,1,79.85414768,0.28329679,78.73,6,29575.35166,1,0.007547421,9648
41.32420091,13,6,62.26071103,0.480556076,77.62,2,34936.62633,1,0.470269643,9649
4.292237443,23,0,70.19143118,0.199632889,78.52,6,36566.39648,4,0.009016653,9650
40.54794521,20,6,60.16408387,0.39040101,79.65,2,54788.24704,2,0.798164897,9651
31.59817352,15,12,61.57702826,0.570350523,79.06,7,28354.12168,3,0.002704366,9652
54.10958904,12,1,50.77484047,0.493899026,82.17,3,41649.6286,2,0.208364579,9653
76.62100457,9,12,59.16134913,0.433314821,84.27,7,39189.47804,2,0.003554018,9654
15.29680365,17,2,38.78760255,0.590905878,76.89,1,31633.69064,2,1.163738443,9655
40.82191781,16,9,62.71649954,0.425020555,80.49,2,39482.94183,3,0.534664927,9656
9.497716895,19,4,64.12944394,0.419611251,86.02,1,21051.94699,1,0.774457849,9657
14.10958904,20,12,49.58979034,0.302049044,77.18,6,36226.23768,2,0.009106256,9658
39.04109589,10,1,62.80765725,0.392204111,83.27,2,23317.6699,2,0.315570346,9659
46.48401826,11,0,52.59799453,0.41780815,80.55,2,36037.43565,2,0.487713656,9660
54.10958904,16,3,60.52871468,0.629852867,79.82,4,34452.59787,3,0.063352246,9661
33.92694064,11,4,67.36554239,0.37741868,81.72,1,32279.38141,2,1.180701863,9662
34.84018265,11,0,89.60802188,0.203599712,77.47,2,22458.28253,3,0.305093661,9663
65.66210046,9,2,45.89790337,0.411316985,78.06,7,30752.6338,3,0.002697681,9664
34.79452055,11,13,62.07839562,0.33666859,80.53,4,27007.96639,2,0.048762101,9665
31.23287671,15,7,64.17502279,0.335226109,79.03,6,28164.6002,2,0.006946392,9666
60.0913242,10,3,70.41932543,0.375254959,76.14,2,31290.80933,3,0.424712504,9667
48.17351598,11,2,62.80765725,0.281493689,76.98,3,29574.73639,2,0.146834842,9668
13.69863014,17,14,63.30902461,0.300967184,78.93,5,39572.92752,2,0.026012414,9669
66.25570776,9,2,45.89790337,0.668078615,81.81,4,26885.15763,3,0.048897582,9670
45.89041096,8,15,45.39653601,0.735153985,78.87,4,22727.32152,1,0.041976807,9671
31.09589041,12,13,61.349134,0.556646953,75.94,2,42394.63133,0,0.573748944,9672
42.42009132,12,2,56.4721969,0.276805626,79.28,3,37375.22372,2,0.186318355,9673
46.66666667,14,4,85.18687329,0.262380815,80.33,1,33941.90305,1,1.249058097,9674
37.21461187,14,19,64.03828624,0.387876668,76.96,3,31728.65669,2,0.156961863,9675
30.59360731,19,1,57.83956244,0.428987378,77.56,2,30719.98495,2,0.415749786,9676
48.31050228,11,1,41.24886053,0.645359538,79.35,5,24600.5651,1,0.01651349,9677
46.02739726,15,0,64.6308113,0.389679769,76.02,3,29428.5998,2,0.147269092,9678
54.33789954,12,5,73.47310848,0.222351965,75.69,5,22004.47041,3,0.014254031,9679
22.32876712,15,4,72.88058341,0.240022358,75.01,3,41709.01528,1,0.207361291,9680
46.16438356,11,3,72.10574294,0.413120087,76.19,3,27030.05117,3,0.133998465,9681
40.0913242,10,7,62.26071103,0.437281644,83.36,4,28921.65513,3,0.053900361,9682
37.48858447,14,7,66.63628077,0.29555788,81.56,6,14871.66492,2,0.003556877,9683
76.11872146,6,29,64.49407475,0.557368193,76.18,6,28354.12168,3,0.007330248,9684
30.73059361,16,16,61.349134,0.299524702,77.19,4,14053.4046,1,0.02554895,9685
50.59360731,13,22,71.05742935,0.215860801,77.41,5,32958.70939,2,0.022192923,9686
20.3652968,15,2,48.58705561,0.641753336,78.37,1,29636.50204,4,1.096336157,9687
43.15068493,12,4,67.7301732,0.313228273,78.63,3,20231.09826,3,0.098352269,9688
15.43378995,17,2,57.24703737,0.444133429,85.07,4,49961.38176,2,0.090540253,9689
48.63013699,17,13,69.91795807,0.303852146,79.31,7,44762.50455,3,0.004129995,9690
21.36986301,15,1,65.58796718,0.260577714,83.85,2,38399.4551,3,0.518441262,9691
36.57534247,14,5,71.92342753,0.313588893,76.48,3,41259.82281,2,0.205286209,9692
59.40639269,11,32,78.53236098,0.206124053,77.95,2,16008.61327,5,0.209716721,9693
11.96347032,18,9,31.54056518,0.584054093,82.07,4,19721.15734,5,0.03612056,9694
38.31050228,13,0,92.11485871,0.179438154,78.54,4,42790.33576,2,0.078572719,9695
18.90410959,19,1,59.11577028,0.47117995,79.03,3,28887.13896,2,0.14135997,9696
16.66666667,20,2,59.98176846,0.47117995,85.07,3,24998.05022,3,0.123995002,9697
53.56164384,9,3,30.40109389,0.882647674,79.25,2,8400.18253,2,0.116198849,9698
53.65296804,13,1,40.51959891,0.502914533,78.46,5,38537.36341,2,0.026029375,9699
85.75342466,4,2,63.90154968,0.35073278,80.44,7,14251.91589,3,0.00145524,9700
31.18721461,15,16,54.37556974,0.53897656,77.79,6,53455.04511,1,0.013041778,9701
48.72146119,11,0,76.61804923,0.281854309,79.88,6,26632.01297,2,0.006561604,9702
64.01826484,13,11,75.84320875,0.434036062,79.64,2,45300.02702,2,0.612998871,9703
37.57990868,10,10,83.40929809,0.143376127,79.16,4,24326.59899,3,0.044304207,9704
71.59817352,7,0,59.29808569,0.414201947,75.7,2,34354.11122,2,0.465168245,9705
58.40182648,11,3,73.33637192,0.274281284,79.31,2,19543.40717,1,0.254538381,9706
45.98173516,15,2,62.48860529,0.288706094,78.95,2,21693.82358,1,0.300683552,9707
22.32876712,15,4,55.69735643,0.280411828,74.82,7,24613.54889,1,0.002458955,9708
30.3196347,12,0,50.50136737,0.356863325,77.21,7,42176.92229,3,0.003992844,9709
21.27853881,15,15,61.53144941,0.476228633,77.48,6,26607.92399,2,0.006601416,9710
62.78538813,6,4,76.89152233,0.367681933,75.61,3,39092.05802,1,0.195200993,9711
58.03652968,11,1,47.35642662,0.483801659,79.92,3,55046.96757,1,0.274477876,9712
55.79908676,15,21,60.75660893,0.527797331,81.71,6,24189.27751,3,0.006300939,9713
41.18721461,13,3,95.07748405,0.221991345,77.6,3,26032.9419,1,0.129039751,9714
47.30593607,11,1,60.43755697,0.345684097,77.02,3,21429.81428,3,0.108043964,9715
18.31050228,16,8,68.50501367,0.417086909,79.66,4,34447.68135,2,0.063407852,9716
57.44292237,11,10,64.6308113,0.330898666,82.11,2,23768.2796,4,0.321668685,9717
39.04109589,10,2,62.80765725,0.329095564,82.12,7,35862.16829,3,0.003115493,9718
12.69406393,18,13,53.69188696,0.49858709,83.9,1,29536.64283,1,1.088962805,9719
26.39269406,13,5,52.32452142,0.312507032,80.61,2,29416.79155,2,0.399359326,9720
25.34246575,14,12,76.57247037,0.335586729,82.92,6,42076.99864,3,0.009855709,9721
42.83105023,9,5,62.8532361,0.295197259,83.74,4,30660.27529,1,0.055462924,9722
34.01826484,18,13,55.60619872,0.541140281,78.61,1,25739.38468,4,0.936484556,9723
38.90410959,10,0,41.61349134,0.584775334,82.7,4,34210.20436,2,0.062471888,9724
49.08675799,10,7,68.96080219,0.325849982,81.31,6,28542.00418,0,0.0070379,9725
52.37442922,13,7,58.70556062,0.393285972,80.81,7,26424.95084,2,0.002092937,9726
45.47945205,15,31,78.48678213,0.374894338,78.29,6,17474.54856,2,0.004632261,9727
36.98630137,10,10,74.97721057,0.240382979,79.16,7,43023.01699,2,0.003972531,9728
47.76255708,14,1,70.14585232,0.493899026,78.42,6,17413.57989,1,0.00457129,9729
61.41552511,14,2,54.42114859,0.480916697,76.6,2,47251.58278,3,0.640473589,9730
24.79452055,14,14,58.52324521,0.400137757,79.78,6,39818.78238,2,0.009562795,9731
41.91780822,16,3,61.30355515,0.349290299,80.1,2,27752.73678,2,0.375592449,9732
44.33789954,15,6,76.70920693,0.335226109,82.53,2,50246.90015,4,0.674154766,9733
42.51141553,16,0,84.68550593,0.334504868,77.13,1,23171.54509,3,0.849289067,9734
42.10045662,12,4,69.5077484,0.22848251,78.63,3,47572.05906,1,0.23987657,9735
28.63013699,20,8,57.61166819,0.351093401,79.21,6,37616.41493,1,0.009870495,9736
49.08675799,14,4,54.92251595,0.385352326,79.75,2,37854.0579,3,0.513039501,9737
30,19,4,48.72379216,0.691158312,78.72,5,33391.28694,1,0.021252775,9738
48.17351598,11,2,76.89152233,0.381746123,76.89,2,25019.92995,2,0.336595105,9739
51.68949772,9,3,71.42206016,0.3226044,79.36,5,64297.65122,2,0.033621042,9740
36.16438356,11,1,79.35278031,0.41744753,81.21,2,54429.81191,1,0.74690874,9741
28.53881279,13,5,51.27620784,0.236055536,80.06,4,29133.36152,1,0.052850543,9742
60.2283105,7,9,79.1704649,0.254086549,80.07,6,32585.48419,2,0.007752006,9743
19.6803653,16,5,60.80218778,0.395089073,77.65,1,45265.38821,4,1.66486419,9744
12.96803653,18,0,69.87237922,0.30962207,80.03,1,36428.75407,3,1.325258967,9745
72.55707763,7,44,64.90428441,0.557007573,81.14,5,38971.58497,3,0.025816321,9746
53.47031963,16,7,34.68550593,0.584054093,80.78,7,11567.07944,3,0.001508715,9747
28.81278539,16,11,49.86326345,0.696567616,78.18,1,37945.78025,1,1.395491763,9748
46.52968037,11,1,52.59799453,0.396892175,76.96,2,9666.940558,3,0.122122401,9749
69.8630137,8,2,70.46490428,0.272838803,76.4,2,32463.03292,2,0.438778571,9750
74.42922374,6,8,74.33910665,0.339192932,77.5,2,40744.70302,0,0.549198026,9751
28.72146119,13,1,62.53418414,0.371288136,80.53,3,36315.72701,2,0.181249987,9752
37.94520548,17,5,50.77484047,0.522388027,77.65,5,33391.28694,3,0.022259921,9753
29.49771689,16,10,76.75478578,0.265987018,82.45,7,28317.53144,3,0.002753495,9754
36.02739726,14,10,71.42206016,0.324046881,80.36,3,26207.12912,2,0.130772546,9755
54.65753425,9,1,66.36280766,0.224876307,79.52,7,33599.09027,2,0.002972654,9756
72.32876712,10,2,63.90154968,0.264183916,78.11,7,38466.93709,4,0.003686858,9757
70.50228311,11,1,60.71103008,0.314670754,79.32,7,43558.48316,3,0.003835866,9758
23.65296804,18,15,61.07566089,0.557368193,78.57,6,43209.8141,5,0.010630226,9759
73.51598174,10,20,57.52051048,0.397252795,83.08,5,33095.91158,2,0.02160247,9760
52.92237443,9,7,62.53418414,0.317916336,77.36,3,27432.99877,3,0.135850462,9761
31.18721461,12,8,69.09753874,0.460000721,87.86,4,34859.8064,2,0.064052972,9762
64.65753425,12,17,72.65268915,0.335586729,79.58,7,35719.99207,3,0.003327749,9763
37.21461187,14,5,65.67912489,0.54005842,76.13,5,30951.30299,2,0.021031661,9764
79.7260274,8,35,42.06927985,0.60713379,77.64,7,48401.0074,1,0.004900411,9765
17.57990868,16,2,57.74840474,0.438002885,77.27,1,20061.65775,0,0.74033181,9766
53.78995434,9,2,63.35460346,0.289427335,82.59,4,15738.4878,3,0.029742008,9767
34.74885845,14,9,58.75113947,0.445936531,81.02,6,32666.80939,3,0.007872251,9768
23.78995434,14,9,66.27164995,0.36335449,80.35,4,43635.75469,1,0.08016312,9769
8.03652968,19,15,67.04649043,0.352175261,80.15,7,36290.23036,3,0.003327749,9770
53.97260274,12,4,56.79124886,0.544025243,78.46,2,42365.06106,3,0.576201429,9771
31.09589041,12,25,84.86782133,0.326571223,77.84,1,27087.62336,2,1.007250968,9772
14.52054795,17,14,54.92251595,0.478392355,76.8,6,19391.6963,2,0.004829661,9773
68.12785388,5,17,75.34184139,0.325849982,79.03,4,28156.69623,1,0.051566363,9774
33.24200913,15,5,63.90154968,0.41780815,77.8,6,17572.92548,2,0.004316395,9775
33.47031963,12,1,65.13217867,0.462885683,79.73,4,44313.05798,3,0.081356855,9776
18.12785388,16,14,67.09206928,0.298803462,78.28,4,47893.71797,2,0.088648827,9777
27.26027397,13,7,64.3573382,0.444133429,81.98,1,22087.48601,2,0.809499228,9778
18.17351598,16,3,62.07839562,0.315391994,80.27,1,38703.16919,1,1.426182254,9779
58.99543379,14,8,62.71649954,0.402301479,81.88,7,41508.64587,0,0.003750067,9780
78.21917808,8,3,61.48587056,0.344962856,77.09,2,28929.74467,2,0.39114073,9781
40.1369863,13,0,45.44211486,0.623001082,76.37,2,22443.89357,1,0.305093661,9782
35.02283105,14,1,64.99544211,0.507963217,81.72,3,29830.01929,2,0.147692401,9783
51.91780822,13,7,82.1786691,0.262020195,80.03,3,40745.76859,2,0.201223914,9784