Safety_Score,Days_Since_Inspection,Total_Safety_Complaints,Control_Metric,Turbulence_In_gforces,Cabin_Temperature,Accident_Type_Code,Max_Elevation,Violations,Adverse_Weather_Metric,Accident_ID
46.66666667,18,2,70.8295351,0.25625027,80.62,1,31944.00127,4,1.172214296,9785
27.99086758,20,1,70.37374658,0.382467364,76.13,4,46027.18141,1,0.084785639,9786
24.65753425,14,31,53.1905196,0.510848179,86.43,7,28451.0147,2,0.002912185,9787
25.57077626,14,7,40.56517776,0.453870177,81.45,6,36093.8087,2,0.009083376,9788
31.18721461,15,0,54.6946217,0.303491525,77.89,3,29232.82186,1,0.14544715,9789
47.99086758,11,13,38.78760255,0.759315543,82.86,6,28384.52631,2,0.007316933,9790
40.54794521,9,10,85.96171376,0.231367472,81.24,1,22102.03854,2,0.814746311,9791
56.75799087,8,21,82.08751139,0.22848251,80.65,6,35986.69183,2,0.008750346,9792
56.84931507,12,7,64.4484959,0.448460873,80.12,2,40177.30178,3,0.541478441,9793
55.57077626,12,0,54.19325433,0.604970069,78.67,5,39083.41233,0,0.026803844,9794
42.64840183,16,0,72.74384686,0.186650559,81.83,1,57708.13987,3,1.977409305,9795
28.49315068,16,4,65.13217867,0.388237288,81.64,1,19806.97905,2,0.7160175,9796
54.38356164,12,7,50.77484047,0.499668951,83.39,6,34947.39628,3,0.00857348,9797
39.7260274,17,2,77.75752051,0.39040101,79.74,5,32133.43218,3,0.021497011,9798
51.91780822,13,10,69.4165907,0.440887847,81.44,4,27222.89413,2,0.050389694,9799
43.01369863,16,8,57.47493163,0.211172737,76.49,6,33495.77609,2,0.009146328,9800
29.5890411,13,8,66.77301732,0.325849982,79.51,2,31748.25295,2,0.429534515,9801
23.19634703,22,10,82.04193254,0.317195096,80.47,2,41697.17492,0,0.566187089,9802
52.92237443,12,8,60.02734731,0.448100252,79.42,2,17506.10097,1,0.238677717,9803
48.72146119,14,1,66.90975387,0.306376488,77.49,2,42848.62495,3,0.577208625,9804
52.23744292,9,14,65.22333637,0.389319149,78.02,4,26782.02428,2,0.049273316,9805
52.92237443,9,6,62.53418414,0.343520375,77.17,3,26277.03513,3,0.131340505,9806
27.76255708,16,3,51.18505014,0.341717274,83.1,3,45582.96994,1,0.227829389,9807
29.8173516,16,5,47.17411121,0.549795168,85.31,3,30889.14569,2,0.153870217,9808
40.3196347,13,9,64.81312671,0.438002885,77.9,4,37657.68721,2,0.068909245,9809
46.84931507,11,1,45.76116682,0.388597908,79.72,6,20488.37681,2,0.005761944,9810
36.98630137,11,0,65.04102097,0.274641904,81.13,2,39069.37604,1,0.528221263,9811
32.23744292,15,6,74.74931632,0.20143599,77.36,1,36929.42172,3,1.366364361,9812
24.84018265,17,33,42.61622607,0.473704291,82.46,2,19136.0861,3,0.252547765,9813
43.51598174,12,3,77.52962625,0.313949513,82.49,3,26346.50481,3,0.131036028,9814
53.15068493,12,7,48.3135825,0.510848179,79.33,5,23295.31306,3,0.015649566,9815
30.77625571,19,2,48.67821331,0.693322034,77.35,2,27654.28502,2,0.372872915,9816
46.66666667,11,7,53.60072926,0.695485755,79.03,3,37608.90615,2,0.187629659,9817
36.39269406,11,13,61.4402917,0.423217454,76.73,2,45331.83128,2,0.619185763,9818
49.22374429,10,1,68.50501367,0.359748287,77.02,3,31688.28837,1,0.157836605,9819
60.59360731,14,3,38.96991796,0.710992427,74.82,7,43447.15183,3,0.003888909,9820
26.48401826,14,2,53.96536007,0.488129102,76.72,1,11268.29351,2,0.387799082,9821
22.64840183,15,0,57.56608933,0.4044652,76.78,1,36698.17102,2,1.350050265,9822
50.95890411,10,0,69.82680036,0.381746123,77.39,2,36247.53629,4,0.493776601,9823
27.16894977,13,13,76.43573382,0.532124775,79.12,4,48746.72188,2,0.089016391,9824
26.71232877,13,5,86.78213309,0.269953841,76.94,4,14957.15226,3,0.027929616,9825
37.21461187,14,2,58.24977211,0.39112225,76.79,4,38660.09595,2,0.070295392,9826
52.73972603,6,20,82.08751139,0.22848251,77.52,4,37253.90537,0,0.068210006,9827
16.34703196,16,2,71.19416591,0.582250992,82.71,7,31647.88432,1,0.002778057,9828
14.33789954,17,1,60.20966272,0.366239452,76.06,4,47964.94339,1,0.088559804,9829
26.94063927,13,5,61.4402917,0.346405337,77,4,32019.91949,2,0.05929216,9830
54.84018265,12,1,40.29170465,0.590905878,78.03,3,38732.7087,2,0.193613018,9831
32.83105023,15,5,51.64083865,0.288345474,78.83,3,18799.48957,0,0.095058859,9832
29.7260274,13,4,63.44576117,0.321161918,77.91,4,38835.97504,1,0.070295392,9833
47.48858447,14,1,69.18869644,0.262020195,78.54,5,48088.20172,1,0.032437386,9834
53.19634703,12,0,46.26253418,0.510848179,79.99,5,45075.27812,3,0.029960465,9835
25.29680365,14,0,49.27073838,0.850913091,79.03,4,15656.63718,3,0.028427969,9836
41.50684932,19,17,59.7538742,0.375976199,77.01,7,14342.69065,2,0.001429418,9837
13.78995434,17,4,70.73837739,0.243989181,75.07,4,49396.87641,1,0.090849753,9838
48.63013699,10,4,79.67183227,0.29555788,79.51,6,33701.37394,1,0.008659011,9839
51.32420091,13,0,58.84229717,0.414201947,82.82,2,40741.88227,1,0.55117256,9840
42.96803653,15,25,59.48040109,0.294836639,78.97,2,20692.524,2,0.281712765,9841
56.62100457,12,6,73.33637192,0.342799135,78.97,2,24800.82233,2,0.335627809,9842
16.80365297,16,14,67.7301732,0.231367472,77.74,4,38472.69896,3,0.070096125,9843
47.12328767,11,7,66.90975387,0.32296502,77.51,3,24094.67913,0,0.120797848,9844
47.99086758,14,8,72.88058341,0.24218608,76.9,2,47141.22631,2,0.637297327,9845
19.17808219,16,5,74.61257976,0.204320952,77.1,1,30184.66489,3,1.110431765,9846
29.36073059,13,13,78.57793984,0.243989181,84.15,1,46445.7091,0,1.6707827,9847
29.7716895,12,3,66.90975387,0.304212766,79.68,1,40524.89511,2,1.493366451,9848
40.77625571,9,7,51.91431176,0.517339344,79.53,1,46503.70913,1,1.682724875,9849
25.47945205,14,12,64.76754786,0.457115759,80.35,6,32439.25628,3,0.008214224,9850
37.21461187,14,8,71.69553327,0.36371511,79.2,6,31993.45889,0,0.007872251,9851
45.29680365,11,2,66.90975387,0.419971872,79.61,3,27486.69474,3,0.136461854,9852
45.89041096,8,10,54.55788514,0.538615939,78.86,1,27346.33666,2,1.008607933,9853
38.44748858,13,1,53.2816773,0.250119726,80.06,3,26187.94838,3,0.131603582,9854
40.63926941,16,8,53.23609845,0.385352326,78.95,7,37802.01436,2,0.003403008,9855
23.10502283,14,16,74.93163172,0.457115759,85.02,1,32896.95935,1,1.210211502,9856
40.91324201,13,0,59.70829535,0.521306167,78.46,2,54788.24704,2,0.777801803,9857
17.71689498,16,3,57.74840474,0.355420844,81.84,3,45781.39276,3,0.226944244,9858
31.36986301,15,4,64.17502279,0.414923188,79.39,4,26433.28614,2,0.04765914,9859
78.67579909,8,1,75.84320875,0.238940498,79.42,7,25964.25808,4,0.00212511,9860
15.29680365,17,10,67.50227894,0.28329679,77.13,1,20293.26938,0,0.750477042,9861
60.1369863,10,1,60.71103008,0.41816877,78.49,5,31500.17933,2,0.022028759,9862
55.70776256,12,23,58.0674567,0.438002885,85.24,2,37215.07572,3,0.50537782,9863
56.52968037,11,0,55.97082954,0.370206275,79.31,6,12320.28353,2,0.002959419,9864
23.69863014,14,15,74.97721057,0.300606563,82.49,3,31592.25349,2,0.155336912,9865
18.35616438,20,5,59.61713765,0.273560043,75.05,3,21193.42533,2,0.105891317,9866
45.47945205,11,2,59.48040109,0.451345835,80.66,6,27486.69474,1,0.006468686,9867
39.543379,9,0,42.84412033,0.63345907,80.82,3,24407.985,2,0.121638568,9868
57.53424658,11,9,73.97447584,0.335226109,81.76,2,30068.57873,3,0.404487469,9869
65.75342466,12,2,58.84229717,0.467213127,81.96,7,41899.63286,3,0.004111192,9870
48.44748858,10,0,79.67183227,0.262380815,80.9,3,18687.87523,3,0.091799343,9871
70,8,2,64.4484959,0.414923188,78.22,1,33179.916,4,1.220620896,9872
36.07305936,11,1,86.91886964,0.203599712,80.65,2,22458.28253,2,0.305093661,9873
43.65296804,12,10,77.80309936,0.311064551,78.53,7,43717.2844,2,0.00383214,9874
44.42922374,12,3,53.96536007,0.432232961,78.68,3,34338.06173,0,0.171510134,9875
39.17808219,13,3,77.02825889,0.368403173,79.53,3,35393.98969,4,0.175319533,9876
22.10045662,15,10,48.58705561,0.850913091,85.1,4,22888.0825,2,0.041981418,9877
39.04109589,10,2,72.698268,0.219106383,83.63,1,47358.69351,2,1.747155651,9878
43.69863014,8,3,74.74931632,0.285099892,81.13,2,23412.78228,1,0.317264638,9879
14.70319635,17,0,49.95442115,0.470458709,78.13,4,40580.03774,3,0.074519712,9880
48.85844749,17,5,68.00364631,0.158882798,79.81,2,26992.78692,1,0.364061424,9881
59.36073059,11,3,71.28532361,0.265626397,80.37,7,38405.20903,3,0.003717087,9882
43.47031963,15,2,67.77575205,0.193862964,79.31,2,29763.18416,2,0.401309819,9883
50.73059361,13,0,69.59890611,0.338832312,81.99,1,29221.50957,3,1.086592366,9884
31.73515982,19,17,71.23974476,0.388958529,77.3,4,48831.62756,4,0.087961893,9885
77.80821918,9,6,40.83865087,0.406628922,75.98,7,46713.13088,1,0.003917603,9886
47.89954338,7,6,75.11394713,0.314310133,78.61,4,44315.60535,3,0.081338958,9887
49.5890411,7,7,61.30355515,0.476228633,88.78,5,40130.08667,3,0.026656123,9888
39.45205479,13,2,89.24339107,0.245071042,79.17,4,23807.85418,2,0.043568869,9889
41.32420091,16,2,60.71103008,0.349290299,80.09,3,31151.75116,2,0.15363564,9890
58.63013699,7,2,92.38833181,0.181962495,82.01,2,39378.28389,3,0.533684622,9891
29.543379,16,12,47.72105743,0.374533718,81.45,2,33717.61085,1,0.454659028,9892
62.73972603,6,5,80.40109389,0.523469888,80.07,3,38546.09201,2,0.193090444,9893
30.77625571,12,1,62.9443938,0.44485467,79.16,1,24605.47132,1,0.885838636,9894
42.28310502,16,15,59.48040109,0.408071403,83.64,2,26158.05083,1,0.355905702,9895
59.6347032,14,6,52.41567912,0.334144248,77.27,7,35719.99207,0,0.002977166,9896
10.86757991,18,3,79.58067457,0.199993509,83.56,5,25752.52054,2,0.016368052,9897
76.02739726,9,6,65.13217867,0.331980527,86.47,7,31631.37761,2,0.002918732,9898
37.57990868,10,12,69.91795807,0.306737108,79.28,4,42415.68311,3,0.077011311,9899
53.10502283,12,10,54.28441203,0.605691309,82.23,3,27604.71866,3,0.137231411,9900
52.55707763,13,3,58.02187785,0.219467003,80.06,5,41703.45329,1,0.028328093,9901
29.49771689,16,2,64.81312671,0.438002885,81.76,4,24242.43199,2,0.044302591,9902
20.54794521,15,2,41.56791249,0.621919221,82.72,4,37852.9382,3,0.069784362,9903
36.57534247,14,3,62.62534184,0.317555716,76.4,2,43870.35704,2,0.592637234,9904
55.93607306,12,1,80.85688241,0.269953841,80.55,1,41502.66682,0,1.525435928,9905
50.2283105,17,8,86.23518687,0.271035701,79.31,7,40060.40177,4,0.003546872,9906
39.8173516,10,4,58.52324521,0.2959185,80.63,4,33655.74815,2,0.060964781,9907
39.7260274,10,0,72.15132179,0.276084385,80.21,4,19615.29033,3,0.036195843,9908
66.25570776,9,7,64.90428441,0.329095564,78.52,4,40833.46522,0,0.075311747,9909
35.75342466,11,6,62.12397448,0.427905517,86.43,4,30163.10943,1,0.055307826,9910
47.62557078,14,1,48.90610757,0.541140281,79.89,5,45332.30276,4,0.028962252,9911
38.72146119,17,2,76.57247037,0.281854309,78.48,6,28852.46558,2,0.007139188,9912
14.61187215,21,3,63.76481313,0.509405698,79.71,3,40209.18634,2,0.202363111,9913
21.73515982,15,0,58.38650866,0.32332564,78.4,7,32342.10935,2,0.003201106,9914
33.05936073,15,2,52.46125798,0.638507753,78.37,1,33386.70325,3,1.234982187,9915
42.32876712,12,1,61.62260711,0.263462676,82.41,6,35337.59267,2,0.008636515,9916
68.76712329,8,2,70.46490428,0.330538045,79.76,2,35354.64915,2,0.478306032,9917
40.2283105,16,0,69.2342753,0.333423008,77.17,1,17590.82705,3,0.660172964,9918
70.0913242,11,11,79.71741112,0.230285611,86.47,7,29881.47307,4,0.002885913,9919
42.28310502,9,13,74.2935278,0.338832312,80.37,1,21782.81755,2,0.794460932,9920
50.95890411,10,7,69.09753874,0.380303642,86.4,6,28320.7286,2,0.006569039,9921
18.35616438,20,8,69.73564266,0.230646232,76.74,3,47182.81461,0,0.234735222,9922
19.13242009,16,4,70.51048314,0.284378651,79.27,4,36866.60223,3,0.0670328,9923
41.73515982,16,22,66.86417502,0.420332492,83.64,2,45992.77078,2,0.623420577,9924
34.38356164,11,4,77.71194166,0.241104219,78.53,6,25556.93881,2,0.00609997,9925
48.85844749,17,6,69.91795807,0.292312297,79.31,2,44762.50455,3,0.60349007,9926
48.90410959,10,1,73.42752963,0.419971872,76.19,3,58393.75625,3,0.274477876,9927
41.14155251,12,3,74.02005469,0.237498017,79.87,5,26266.36796,2,0.017223947,9928
56.52968037,12,10,50.36463081,0.476949874,80.9,6,35275.17365,1,0.008463371,9929
41.36986301,9,10,39.79033728,0.578644789,82.34,4,22327.52466,3,0.040877066,9930
41.32420091,16,8,65.58796718,0.346044717,78.24,2,54788.24704,1,0.777801803,9931
23.78995434,14,13,57.976299,0.375976199,78.16,4,45004.0014,1,0.081338958,9932
45.47945205,11,1,56.92798541,0.414923188,79.29,3,20985.56407,2,0.104245942,9933
55.79908676,8,11,77.11941659,0.321161918,85.92,4,53200.86315,1,0.09790633,9934
54.52054795,9,1,58.02187785,0.482359178,77.2,6,45864.17804,3,0.011756789,9935
44.52054795,8,1,62.16955333,0.219467003,79.56,1,19643.59874,1,0.728658038,9936
25.61643836,14,2,38.92433911,0.710992427,78.55,1,37945.78025,1,1.392966411,9937
27.85388128,17,8,75.11394713,0.265626397,77.26,6,45645.00969,2,0.011328329,9938
18.31050228,16,1,80.674567,0.220188244,75.68,1,26623.20488,3,0.978454627,9939
18.31050228,16,9,59.07019143,0.392564731,78.29,5,23487.7295,3,0.01499081,9940
76.66666667,6,12,69.05195989,0.408071403,75.41,2,46273.24001,4,0.623420577,9941
58.40182648,11,2,66.86417502,0.263823296,81.99,2,38719.68751,1,0.521370137,9942
53.74429224,16,2,55.56061987,0.599560765,77.25,3,29541.18411,4,0.146736433,9943
41.14155251,12,5,90.15496809,0.25516841,80.92,6,39017.57592,3,0.009850566,9944
57.71689498,11,9,83.91066545,0.242907321,82.26,5,34177.24408,2,0.022836769,9945
78.67579909,8,13,75.84320875,0.276805626,76.87,7,45294.83047,2,0.004244527,9946
45.89041096,15,0,68.27711942,0.324046881,81.48,1,20295.70212,1,0.738027144,9947
44.70319635,12,4,73.92889699,0.373451857,81.11,2,23386.41493,4,0.31678486,9948
33.33333333,15,0,84.91340018,0.280051208,77.3,5,42113.49542,0,0.028823203,9949
43.97260274,15,12,76.70920693,0.281854309,82.53,1,20432.27973,3,0.741000086,9950
29.49771689,16,10,76.75478578,0.301688424,80.79,3,41468.3975,3,0.20537751,9951
25.25114155,17,8,20.96627165,0.774822214,86.59,5,44475.68701,0,0.030324009,9952
62.14611872,10,6,45.25979945,0.520945546,77.41,2,26365.82613,2,0.357171895,9953
24.61187215,22,4,82.04193254,0.319358817,80.14,7,13945.57287,1,0.001418911,9954
56.07305936,15,16,76.25341841,0.378139921,78.51,7,34472.0838,3,0.003327376,9955
14.70319635,17,1,52.82588879,0.638507753,78.13,7,29260.96565,1,0.002585561,9956
28.67579909,13,1,68.00364631,0.366960692,81.07,4,33151.9098,3,0.061343855,9957
19.22374429,16,0,74.24794895,0.335586729,78.46,7,39062.7634,0,0.003682046,9958
30.82191781,19,3,62.62534184,0.427184277,82.2,4,40669.4426,2,0.074519712,9959
39.40639269,10,2,42.84412033,0.454591417,76.12,1,42902.38498,2,1.561775246,9960
31.09589041,12,25,60.98450319,0.584054093,78.2,4,21212.0283,2,0.03824749,9961
52.92237443,9,0,80.44667274,0.231728092,77.08,3,34332.47018,1,0.170794963,9962
48.76712329,14,13,64.3573382,0.252644068,88.11,4,23749.03605,1,0.043855655,9963
44.52054795,15,2,49.31631723,0.47154057,77.39,2,30701.49036,3,0.413957737,9964
43.92694064,15,3,88.46855059,0.272117562,77.49,2,40311.89652,0,0.546519028,9965
19.22374429,16,1,73.01731996,0.293394158,82.66,4,27478.46456,1,0.049790808,9966
61.18721461,7,14,76.34457612,0.374533718,80.03,2,29887.80597,3,0.405852963,9967
25.29680365,14,5,41.52233364,0.735153985,79.92,1,46768.82219,1,1.734228799,9968
54.42922374,12,8,69.69006381,0.280411828,81.26,2,6695.814751,1,0.059507622,9969
12.28310502,18,3,55.60619872,0.319358817,77.56,2,38703.16919,2,0.521828934,9970
47.85388128,14,7,72.88058341,0.36371511,78.51,2,39506.69142,1,0.53204368,9971
54.47488584,9,3,75.7064722,0.384991706,76.89,3,39092.05802,3,0.195684891,9972
57.16894977,8,5,77.43846855,0.30998269,80.78,6,27827.85143,0,0.006656118,9973
32.42009132,12,5,62.9443938,0.35073278,80.37,4,22817.29495,1,0.042283526,9974
29.8173516,16,3,49.68094804,0.696567616,81.39,2,27654.28502,3,0.37426005,9975
33.83561644,11,6,69.09753874,0.24146484,79.21,4,35553.18579,2,0.065012323,9976
49.26940639,14,6,64.3573382,0.409874504,77.78,5,12660.98028,1,0.00868878,9977
27.62557078,13,7,48.90610757,0.438002885,87,2,30701.49036,2,0.413994976,9978
42.42009132,12,8,54.74020055,0.362633249,86.57,1,26432.64488,2,0.972402663,9979
50.59360731,13,22,71.05742935,0.205042193,77.41,4,23734.75131,3,0.043584757,9980
33.24200913,15,0,67.00091158,0.387516048,79.14,3,34176.12272,3,0.17125635,9981
40.91324201,16,5,61.71376481,0.51229066,78.5,5,29541.26529,2,0.020207746,9982
23.60730594,14,7,78.07657247,0.367681933,78.54,4,55360.35692,2,0.11442123,9983
13.69863014,18,1,72.83500456,0.217303282,82.45,7,42627.76317,4,0.004190557,9984
34.15525114,18,3,62.26071103,0.427184277,82.31,4,29267.16487,3,0.053177242,9985
42.96803653,9,0,34.86782133,0.619394879,80.12,4,32628.39949,2,0.060403966,9986
28.85844749,16,3,47.99453054,0.414562568,78.13,1,24605.47132,1,0.890281948,9987
49.8173516,10,4,68.77848678,0.343159755,81.1,3,26335.2238,0,0.130516893,9988
60.2283105,4,7,67.68459435,0.294476019,80.44,3,30706.35477,1,0.153105656,9989
20.86757991,19,0,37.83044667,0.571432384,79.03,3,19797.32179,2,0.098918623,9990
66.25570776,12,0,76.48131267,0.224876307,83.21,5,38728.4865,2,0.02595545,9991
52.46575342,9,0,73.83773929,0.369845655,81.02,4,37351.50747,2,0.067986815,9992
32.14611872,12,2,74.70373747,0.245071042,75.89,1,31531.7962,1,1.156478082,9993
31.09589041,16,6,69.78122151,0.317195096,79.14,4,39202.49252,1,0.071405875,9994
41.55251142,9,1,57.976299,0.503996394,79.33,4,29224.02298,2,0.053847807,9995
56.11872146,8,1,63.44576117,0.482359178,78.64,5,38537.36341,2,0.026149533,9996
40.3652968,10,7,62.16955333,0.421774973,79.77,4,40846.9169,2,0.07489833,9997
27.85388128,17,1,69.59890611,0.318276956,80.37,3,33771.9963,3,0.168173043,9998
56.21004566,8,0,39.83591613,0.598118283,76.92,5,39820.41925,2,0.026380929,9999
50,13,3,45.48769371,0.382467364,77.46,5,26005.32299,2,0.017035891,10000
19.49771689,16,6,72.15132179,0.388958529,78.32,4,37949.72439,2,0.069692447,10001
58.17351598,15,3,64.58523245,0.250840966,78.6,7,30194.80557,2,0.0027774,10002
33.28767123,15,3,64.72196901,0.33666859,86.96,6,17572.92548,1,0.004316395,10003
3.287671233,21,5,66.36280766,0.421774973,80.86,3,40209.18634,2,0.199990449,10004
10.86757991,18,2,56.10756609,0.313228273,79.22,2,35495.52541,2,0.483695846,10005
44.79452055,8,14,52.59799453,0.366960692,77.08,2,15496.08616,1,0.221040334,10006
62.37442922,13,13,66.49954421,0.375615579,88.48,7,23226.23689,3,0.002195759,10007
14.52054795,17,5,66.18049225,0.413841327,80.09,4,39076.31353,1,0.071706957,10008
0,20,0,67.7301732,0.203960332,78.37,6,38472.69896,2,0.009371013,10009
45.98173516,11,4,66.54512306,0.252283448,82.69,6,25419.80152,2,0.006051087,10010
48.31050228,10,7,57.47493163,0.311064551,79.43,3,40646.95283,2,0.202521399,10011
13.92694064,21,9,65.36007293,0.274641904,77.29,3,28793.91602,1,0.143456826,10012
48.67579909,7,3,67.50227894,0.251922827,78.03,7,20061.5449,4,0.002072463,10013
57.07762557,15,22,55.92525068,0.727580959,86.43,7,34985.72171,2,0.003023353,10014
50.0456621,17,8,68.04922516,0.362272629,78.89,5,47681.69559,3,0.031824685,10015
25.25114155,17,6,63.90154968,0.334504868,76.98,3,27480.06557,1,0.135850462,10016
23.60730594,14,5,76.61804923,0.229564371,78.58,4,32340.44571,3,0.058953543,10017
53.65296804,9,2,67.77575205,0.449542734,77.42,1,40353.55391,1,1.484524286,10018
53.15068493,12,15,48.3135825,0.418890011,81.45,6,26137.02409,2,0.006752291,10019
31.18721461,12,2,56.28988149,0.324407501,94.2,1,19949.51783,4,0.754724921,10020
33.74429224,11,3,60.57429353,0.401940858,77.79,1,45265.38821,1,1.700026888,10021
37.16894977,14,14,84.86782133,0.289427335,84,4,24101.14266,2,0.043568869,10022
24.93150685,14,8,47.26526892,0.460000721,76.87,7,45290.89147,2,0.003785099,10023
31.82648402,19,0,53.23609845,0.619394879,79.64,1,33386.70325,2,1.228481636,10024
49.45205479,7,2,79.89972653,0.289066715,79.01,4,32183.65662,2,0.059119512,10025
50.0456621,16,6,78.12215132,0.267429499,77.82,7,44041.91378,1,0.00423637,10026
0.456621005,21,14,56.3810392,0.590545258,83.01,1,23728.35171,1,0.871529587,10027
39.17808219,10,2,69.14311759,0.245431662,79.39,4,35553.18579,3,0.065277033,10028
22.64840183,15,5,54.46672744,0.357584565,80.13,7,29154.54459,3,0.002782891,10029
41.96347032,12,2,69.5077484,0.393646592,79.23,4,38801.36905,3,0.070741208,10030
29.6347032,20,12,72.65268915,0.432232961,81.8,7,25306.65239,3,0.002174148,10031
61.50684932,10,10,49.49863263,0.444133429,83.17,7,31631.37761,2,0.002571665,10032
47.71689498,11,0,53.91978122,0.312867652,83.19,3,23192.15587,1,0.114141495,10033
26.02739726,14,2,60.34639927,0.366239452,77.25,4,21564.02504,3,0.039861126,10034
45.34246575,15,4,52.50683683,0.439805986,78.52,3,22470.37473,3,0.112244853,10035
45.34246575,15,10,74.2935278,0.338832312,82.09,5,42771.4992,2,0.028192033,10036
16.48401826,16,29,57.88514129,0.40410458,78.4,4,32032.13379,2,0.05929216,10037
71.87214612,7,44,67.04649043,0.40410458,80.71,7,38971.58497,0,0.003567768,10038
23.78995434,14,14,66.49954421,0.319719437,78.63,4,47507.01133,4,0.086327022,10039
61.41552511,13,13,48.81494986,0.560613776,82.38,7,46704.21805,2,0.004135454,10040
59.6347032,10,13,68.73290793,0.159604039,78.37,4,29653.00768,3,0.054802469,10041
39.17808219,13,0,65.26891522,0.25516841,79.85,3,38340.12169,1,0.1914681,10042
51.36986301,17,2,70.8295351,0.25625027,82.43,7,36166.00391,2,0.003249482,10043
8.538812785,19,10,55.05925251,0.5396978,79.89,1,33143.98531,4,1.225543242,10044
68.67579909,11,13,81.58614403,0.47226181,76.71,1,34183.3512,2,1.249339977,10045
14.06392694,17,5,75.93436645,0.388237288,78.55,4,40808.47742,3,0.075128464,10046
40.1826484,13,2,56.4721969,0.486326001,77.2,4,28454.4614,2,0.052308589,10047
76.11872146,6,23,67.86690975,0.37741868,77.1,3,28426.25986,3,0.142168757,10048
29.36073059,13,0,85.59708295,0.22848251,83.07,4,32693.57769,3,0.060569565,10049
41.41552511,13,6,81.99635369,0.319358817,82.49,6,32213.696,3,0.008150079,10050
36.34703196,17,0,69.18869644,0.445936531,76.9,4,30497.88866,3,0.05570821,10051
47.30593607,7,0,55.01367366,0.302409665,81.97,7,32028.74208,1,0.002885913,10052
63.83561644,13,3,89.97265269,0.313228273,77.53,6,42198.55431,2,0.010024373,10053
38.12785388,10,7,61.2579763,0.303852146,76.92,4,31255.25015,2,0.057775926,10054
46.02739726,15,2,53.96536007,0.382106744,79.61,2,33591.98082,1,0.456318241,10055
40.73059361,13,2,53.96536007,0.432232961,81.78,4,40424.91092,3,0.074403124,10056
32.14611872,12,10,84.27529626,0.21441832,78.08,1,23197.10809,2,0.849133434,10057
69.543379,8,1,66.08933455,0.339914172,76.35,2,32592.49003,2,0.440815075,10058
56.84931507,5,4,63.35460346,0.225958168,81.33,7,47715.83146,2,0.004934219,10059
55.84474886,5,4,60.43755697,0.31034331,81.97,1,36722.33357,1,1.350050265,10060
61.64383562,10,5,85.59708295,0.488850343,77.6,2,30649.19132,2,0.416047912,10061
40.1369863,13,10,45.67000912,0.40482582,83.97,2,20799.92559,1,0.281712765,10062
31.09589041,12,2,45.67000912,0.401219618,77.21,1,31633.69064,1,1.158499315,10063
46.48401826,7,20,57.29261623,0.39076163,82.82,3,14552.73491,2,0.075609171,10064
46.66666667,11,2,75.29626253,0.208648395,81.23,3,26757.66568,4,0.13411019,10065
36.30136986,14,5,65.67912489,0.578644789,76.31,4,36736.64282,2,0.067555407,10066
35.43378995,11,6,74.2935278,0.198190408,77.69,4,29123.25838,2,0.052975999,10067
55.79908676,15,7,62.39744758,0.307458348,80.64,6,45881.80238,1,0.011241529,10068
26.48401826,17,2,82.08751139,0.434757303,78.1,3,19446.33391,2,0.095949251,10069
43.83561644,15,4,82.04193254,0.351454021,78.39,4,15865.87217,1,0.029688351,10070
34.65753425,11,7,66.86417502,0.463967544,80.75,2,20134.14523,1,0.270944894,10071
14.52054795,17,0,65.67912489,0.285460512,76.75,4,25140.20478,0,0.045349159,10072
20.1826484,15,0,66.81859617,0.380303642,81.16,1,33737.30712,2,1.241126169,10073
42.05479452,19,15,69.18869644,0.203960332,77.86,2,44697.86874,3,0.602275798,10074
36.43835616,11,7,71.69553327,0.232449333,84.92,4,22199.14644,2,0.041065217,10075
29.7260274,12,13,62.26071103,0.403022719,82.72,5,32904.50617,4,0.022173434,10076
48.21917808,11,2,55.51504102,0.385352326,75.8,2,30028.28408,0,0.405792505,10077
44.20091324,19,0,65.58796718,0.278969347,78.41,2,30269.97101,5,0.412620997,10078
57.44292237,11,7,65.22333637,0.331980527,78.48,1,34953.81834,2,1.285879116,10079
13.78995434,17,12,61.89608022,0.364796971,81,1,36960.65853,3,1.365527972,10080
12.10045662,18,0,73.33637192,0.235694915,82.45,7,35921.16889,1,0.003334424,10081
58.44748858,8,0,71.19416591,0.304573386,79.63,4,51368.45994,2,0.092576525,10082
39.543379,10,1,89.24339107,0.245792283,78.31,1,47280.00056,0,1.748519461,10083
45.06849315,11,0,55.65177758,0.469016228,80.55,3,31827.61486,0,0.15855647,10084
48.44748858,14,1,57.74840474,0.311425171,79.32,5,32108.89445,0,0.021318316,10085
37.57990868,10,10,62.26071103,0.314670754,77.82,4,29727.49728,2,0.055119247,10086
71.27853881,10,3,62.7620784,0.32332564,77.66,7,17341.30483,4,0.001551839,10087
57.44292237,15,7,57.976299,0.444133429,81.64,3,27243.15115,2,0.136592251,10088
51.32420091,7,6,65.63354603,0.546188965,84.14,4,15560.24743,2,0.02835983,10089