Safety_Score,Days_Since_Inspection,Total_Safety_Complaints,Control_Metric,Turbulence_In_gforces,Cabin_Temperature,Accident_Type_Code,Max_Elevation,Violations,Adverse_Weather_Metric,Accident_ID
58.49315068,8,2,71.19416591,0.293754778,81.3,7,48564.92833,2,0.005550603,10090
44.56621005,15,2,66.18049225,0.254086549,81.48,2,25842.7105,3,0.349996581,10091
33.83561644,15,1,67.68459435,0.28329679,76.93,3,29763.18416,3,0.147944221,10092
71.59817352,2,20,54.9680948,0.473704291,82.82,3,38242.13065,0,0.191426209,10093
61.32420091,10,1,64.49407475,0.339553552,77.53,2,32592.49003,3,0.440378915,10094
41.82648402,13,8,56.79124886,0.569268662,80.41,3,32768.27946,3,0.163962378,10095
34.88584475,11,5,55.19598906,0.240382979,81.26,1,26770.26254,1,0.982300261,10096
52.69406393,16,3,50.27347311,0.479474216,83.94,5,30195.73922,1,0.019927715,10097
19.543379,19,17,60.02734731,0.299524702,76.77,3,44290.07023,2,0.219973374,10098
17.57990868,16,3,65.58796718,0.269953841,76.17,4,24613.54889,1,0.046238993,10099
42.51141553,12,7,68.91522334,0.413120087,81.15,3,24783.15015,1,0.122498421,10100
47.85388128,14,1,44.02917046,0.456033898,76.86,6,32749.97793,2,0.008176606,10101
44.65753425,12,1,52.68915223,0.334865489,77.4,3,21268.83955,3,0.10574923,10102
16.16438356,17,5,61.53144941,0.423217454,79.22,2,29969.88689,2,0.405867134,10103
40.2283105,13,19,53.46399271,0.508323837,78.43,3,39380.29135,1,0.196274797,10104
5.205479452,20,6,69.64448496,0.258774612,83.73,1,36979.55264,2,1.366364361,10105
40.3196347,13,0,51.82315406,0.494620267,77.93,7,34830.514,5,0.003219267,10106
43.60730594,15,7,65.95259799,0.362633249,77.76,5,17731.55428,2,0.011374111,10107
27.85388128,17,14,69.96353692,0.332701767,76.77,3,30349.95642,3,0.151734513,10108
78.58447489,8,1,73.47310848,0.222712586,80.67,7,19550.42361,2,0.001551839,10109
59.6347032,7,19,53.87420237,0.356863325,78.04,6,35937.70074,1,0.009197041,10110
43.60730594,12,2,62.67092069,0.425020555,87.34,6,32349.23736,0,0.00809425,10111
59.13242009,7,5,52.09662716,0.488489722,80.17,6,26531.17709,1,0.00670008,10112
28.99543379,13,0,65.04102097,0.438002885,82.02,4,11827.16334,4,0.022024369,10113
44.33789954,15,19,77.84867821,0.247595384,78.92,2,34007.01765,2,0.460234937,10114
30.3196347,12,6,74.93163172,0.227400649,77.75,7,36131.65244,2,0.003023353,10115
42.42009132,12,19,60.75660893,0.366960692,86.4,5,52015.79442,4,0.034004246,10116
63.19634703,13,8,79.89972653,0.235334295,78.24,7,17326.7709,4,0.001939656,10117
22.73972603,15,7,70.19143118,0.324046881,75.34,4,30873.54002,1,0.056666427,10118
13.78995434,17,4,71.60437557,0.30962207,80.09,7,27398.98777,3,0.002279511,10119
56.94063927,8,21,69.2342753,0.462885683,77.62,1,34183.3512,4,1.251600835,10120
41.36986301,13,8,81.99635369,0.226679409,83.55,7,31398.41154,2,0.002703379,10121
59.6347032,10,17,78.53236098,0.179438154,81.83,2,27658.72343,2,0.372844371,10122
36.62100457,14,4,79.39835916,0.270675081,80.58,3,27417.59945,3,0.136461854,10123
46.34703196,8,29,71.96900638,0.207205914,83.32,4,34371.68397,3,0.062808634,10124
27.26027397,20,18,51.09389243,0.487407862,78.57,1,30282.77185,1,1.113570002,10125
40.0456621,9,14,62.35186873,0.247234764,79.54,7,31251.83484,2,0.00277624,10126
43.01369863,15,1,75.11394713,0.288345474,78.16,5,41279.15695,2,0.027207138,10127
66.11872146,12,1,79.35278031,0.234252434,84.96,6,28658.63314,2,0.007074855,10128
36.02739726,14,6,67.31996354,0.298803462,76.78,6,30122.31936,0,0.007442839,10129
56.48401826,11,9,76.57247037,0.197108547,77.52,2,33256.46682,2,0.452214632,10130
44.70319635,8,0,62.57976299,0.352535882,77.3,4,28529.86564,1,0.052118022,10131
41.27853881,13,28,68.68732908,0.254447169,76.42,4,26837.21715,0,0.04891531,10132
47.71689498,11,2,73.51868733,0.262741435,79.88,6,29216.41599,1,0.00718264,10133
37.53424658,10,1,66.27164995,0.460721962,77.1,1,27179.87288,2,0.999891644,10134
28.94977169,13,4,78.66909754,0.262380815,80.55,4,27158.35686,2,0.050389694,10135
63.97260274,13,4,53.46399271,0.48488352,78.31,7,31532.35946,2,0.002625597,10136
64.61187215,9,2,70.00911577,0.408071403,76.45,2,14865.90565,2,0.201188155,10137
34.74885845,14,6,65.86144029,0.269953841,81.88,6,44465.27191,1,0.010751682,10138
16.98630137,19,23,68.50501367,0.398695276,77.74,1,19806.97905,0,0.723355682,10139
37.07762557,14,12,63.35460346,0.433675442,80.03,3,33528.51335,1,0.16789319,10140
48.99543379,10,0,56.15314494,0.345684097,81.93,4,22475.12587,1,0.041271889,10141
28.40182648,13,13,51.5952598,0.421774973,81.17,2,57472.21153,2,0.741478293,10142
25.29680365,14,0,47.85779398,0.544025243,78.46,4,39522.79311,2,0.072543285,10143
21.32420091,23,1,58.38650866,0.414201947,76.9,2,15019.86126,2,0.205120204,10144
25.84474886,14,2,73.42752963,0.463246304,81.72,7,27009.59537,2,0.002295664,10145
51.46118721,13,1,65.54238833,0.318276956,81.79,2,31716.22732,1,0.429665881,10146
28.90410959,16,3,69.59890611,0.370927515,81.64,1,36093.49888,3,1.325258967,10147
91.23287671,6,3,52.46125798,0.36335449,82.86,7,36841.50111,2,0.003590835,10148
44.42922374,8,0,38.78760255,0.759315543,81.11,4,39304.361,3,0.071719022,10149
45.57077626,19,0,70.14585232,0.33702921,78.09,3,41401.72298,1,0.206458994,10150
42.19178082,16,15,88.87876026,0.317195096,84.48,2,30619.78737,1,0.414791699,10151
58.40182648,11,3,71.1030082,0.386073567,79.65,2,31661.62881,4,0.429274158,10152
63.78995434,13,11,57.52051048,0.426823657,78.72,5,15509.4345,3,0.011204959,10153
30.91324201,16,2,62.62534184,0.307818969,76.68,6,40238.33209,2,0.009523106,10154
30.95890411,16,0,76.52689152,0.233891814,77.47,3,40416.90348,1,0.201783602,10155
39.9543379,13,1,65.26891522,0.25516841,80.22,3,41704.73986,1,0.207345837,10156
30.1826484,13,37,79.71741112,0.450263974,75.84,1,42049.77575,3,1.534797942,10157
41.27853881,13,28,68.14038286,0.273199423,77.94,4,28270.77664,3,0.051350229,10158
52.92237443,9,12,63.12670921,0.551958889,76.48,3,24513.05061,1,0.12207819,10159
43.92694064,15,0,86.78213309,0.263462676,77.3,2,36030.71845,2,0.485304812,10160
51.87214612,6,6,50.63810392,0.329095564,77.3,5,44417.40704,2,0.029100155,10161
34.42922374,11,1,88.24065634,0.162849621,77.86,1,16233.83322,1,0.601699588,10162
53.19634703,16,0,88.01276208,0.333783628,83.07,7,25829.38539,0,0.002409014,10163
57.44292237,11,11,62.16955333,0.33666859,79.42,2,23768.2796,4,0.321668685,10164
4.292237443,23,4,67.00091158,0.504717634,83.34,3,11781.87363,1,0.059449586,10165
46.25570776,15,21,70.8295351,0.194944825,76.86,5,27171.77467,1,0.018857394,10166
38.03652968,14,4,74.52142206,0.328734944,82.26,3,37435.14562,3,0.186511988,10167
62.55707763,10,6,49.68094804,0.346405337,77.15,2,9666.940558,2,0.130827814,10168
17.16894977,16,14,75.66089335,0.2959185,76.65,4,27416.39475,2,0.049958723,10169
17.89954338,20,12,52.55241568,0.407350162,79.59,4,52614.28743,2,0.09280466,10170
40.86757991,13,3,64.3573382,0.331259286,79.48,4,22941.18158,1,0.041976807,10171
38.63013699,17,21,74.74931632,0.456033898,79.12,2,50246.90015,3,0.675069585,10172
60.456621,10,7,45.25979945,0.699813199,78.61,7,31898.64017,3,0.00281614,10173
38.76712329,13,0,57.70282589,0.312507032,79.24,3,44502.49662,0,0.221481273,10174
48.35616438,10,3,45.80674567,0.355781464,80.08,2,26252.0559,2,0.356122221,10175
40.73059361,16,7,54.74020055,0.467213127,85.02,7,35698.62678,1,0.003309241,10176
9.497716895,18,19,73.06289881,0.327292463,79.62,1,23811.18487,2,0.87447727,10177
46.89497717,11,0,54.7857794,0.362633249,81.89,6,35888.93989,2,0.008265888,10178
67.30593607,8,1,64.99544211,0.365518211,75.27,4,18869.58762,4,0.035089083,10179
41.46118721,9,3,72.01458523,0.4311511,83.07,4,16209.2903,1,0.029080212,10180
16.11872146,17,5,87.69371012,0.306737108,83.54,3,41380.20066,2,0.203350841,10181
69.7260274,8,6,58.79671832,0.489932203,75.58,5,49898.05012,2,0.035319452,10182
35.20547945,11,1,78.8969918,0.232809953,80.35,5,36963.93427,3,0.024816226,10183
27.94520548,17,7,67.31996354,0.298803462,76.56,7,31180.60808,2,0.002768918,10184
76.98630137,6,29,64.49407475,0.371288136,77.36,2,27058.17254,2,0.366224285,10185
4.931506849,20,0,60.02734731,0.298082221,82.02,3,31549.44734,2,0.156343719,10186
17.48858447,16,7,38.14949863,0.535370357,81.18,1,37034.40564,3,1.351274876,10187
40.82191781,9,3,92.61622607,0.225597548,81.53,1,28834.57693,3,1.060390686,10188
21.27853881,15,4,71.0118505,0.43079048,80.85,3,11809.79506,2,0.059449586,10189
65.89041096,9,7,49.40747493,0.444133429,83.22,7,48569.55629,2,0.005073611,10190
20.50228311,19,3,71.87784868,0.28329679,78.17,6,26538.32226,4,0.007016713,10191
43.65296804,15,6,70.00911577,0.672406058,76.98,3,20882.42212,3,0.103606695,10192
49.45205479,17,3,60.25524157,0.313228273,86.94,7,31541.91533,2,0.002904919,10193
68.63013699,11,4,73.92889699,0.295197259,81.07,7,34239.84979,2,0.00322386,10194
18.17351598,16,1,76.52689152,0.335947349,79.91,4,34769.18504,5,0.064307931,10195
34.65753425,11,5,67.18322698,0.610739993,79.39,3,23340.34701,3,0.117866214,10196
13.37899543,17,3,48.76937101,0.619394879,77.5,5,34932.94237,5,0.022751475,10197
13.92694064,21,3,73.10847767,0.235334295,76.55,2,49396.87641,3,0.674154766,10198
50.4109589,10,12,52.05104831,0.40482582,77.24,3,18083.04954,0,0.09084832,10199
64.56621005,9,11,73.65542388,0.473704291,78.31,5,33358.98408,3,0.021375751,10200
50.4109589,13,54,69.64448496,0.362633249,88.48,4,38538.5523,1,0.070527103,10201
48.44748858,11,19,62.26071103,0.302770285,83.96,3,37917.17971,0,0.189245731,10202
46.11872146,15,8,60.98450319,0.287263613,77.27,1,21693.82358,1,0.790553606,10203
34.15525114,15,3,52.41567912,0.454952038,85.99,4,23113.78552,0,0.042069811,10204
34.38356164,15,2,53.05378304,0.407350162,75.04,2,25016.36379,2,0.336918385,10205
39.04109589,10,0,67.09206928,0.411316985,77.76,1,34614.44982,1,1.274150561,10206
39.543379,21,8,66.68185962,0.192781103,80.01,7,40973.90952,2,0.003706522,10207
52.51141553,9,0,61.03008204,0.480556076,75.58,3,32243.55261,3,0.160821288,10208
35.38812785,18,1,76.61804923,0.278608727,78.74,2,30184.66489,2,0.411327728,10209
34.84018265,11,9,62.39744758,0.454591417,75.98,5,32624.82262,1,0.021344099,10210
64.93150685,9,15,41.52233364,0.637425893,79.81,1,38407.95471,1,1.411374297,10211
49.6803653,7,6,65.17775752,0.321883159,81.97,4,19243.13309,1,0.035617203,10212
54.10958904,12,10,75.25068368,0.312867652,77.03,5,43907.20025,3,0.030245811,10213
28.21917808,13,8,61.39471285,0.52599423,75.94,4,31875.45212,2,0.059016717,10214
77.89954338,5,2,45.67000912,0.414923188,76.53,6,30866.69533,3,0.007698561,10215
28.94977169,13,1,61.85050137,0.312146412,76.49,7,38394.55093,0,0.00359948,10216
52.73972603,9,0,69.00638104,0.394367833,88.11,6,24421.65768,3,0.006234471,10217
59.9086758,11,13,74.47584321,0.466131266,76.48,6,24740.79458,3,0.006300939,10218
25.98173516,20,1,56.74567001,0.231728092,79.16,6,26930.37623,2,0.006662971,10219
80.3196347,8,7,73.38195077,0.295197259,83.24,3,38792.57767,2,0.193047059,10220
54.70319635,12,2,39.88149499,0.619394879,76.92,6,21876.09992,2,0.005610034,10221
45.06849315,15,1,60.61987238,0.531764154,80.98,5,41870.02622,3,0.02826658,10222
52.87671233,13,0,77.66636281,0.313228273,80.53,1,47492.61457,3,1.756611611,10223
24.88584475,14,9,59.79945305,0.39076163,82.66,3,37158.0803,1,0.184050091,10224
38.31050228,13,13,67.36554239,0.321161918,79.06,4,26069.49687,2,0.048670086,10225
51.68949772,10,1,84.00182315,0.162849621,82.67,3,39207.16762,3,0.195566783,10226
47.76255708,14,7,80.08204193,0.224876307,83.41,2,30393.23765,4,0.411684928,10227
56.52968037,12,1,55.51504102,0.508684457,78.08,3,38732.7087,2,0.192253395,10228
67.03196347,12,6,44.94074749,0.637425893,78.08,7,20785.93764,3,0.001768882,10229
25.98173516,14,9,78.66909754,0.367681933,81.15,4,33101.08572,0,0.059850391,10230
67.30593607,12,1,64.99544211,0.289787955,78.5,4,29333.07,2,0.052536702,10231
40.82191781,13,0,51.82315406,0.462885683,79.05,3,18784.40868,4,0.09559865,10232
4.931506849,20,4,59.38924339,0.392564731,81.64,1,34469.92498,1,1.262768809,10233
50.68493151,10,1,79.71741112,0.240022358,81.53,6,27417.59945,1,0.006857542,10234
19.6803653,16,0,61.349134,0.385712946,77.65,4,29969.74838,2,0.054445065,10235
57.44292237,15,2,80.85688241,0.358305806,76.89,2,37853.25603,2,0.511578157,10236
37.21461187,11,4,60.39197812,0.39040101,75.21,2,61815.49829,1,0.773009611,10237
30.456621,16,0,72.15132179,0.340274793,81.02,6,14625.17424,2,0.003838188,10238
26.48401826,13,12,70.46490428,0.371288136,79.05,7,32099.60495,3,0.002906113,10239
22.73972603,15,9,44.75843209,0.543664623,77.16,1,27638.22035,3,1.010362078,10240
70,11,5,48.76937101,0.675291021,76.63,3,18438.39087,2,0.092674984,10241
37.99086758,14,5,56.92798541,0.522748648,85.61,6,29541.18411,2,0.007035821,10242
30.1369863,12,6,82.45214221,0.18809304,79.16,6,30357.98583,3,0.007547421,10243
27.39726027,17,0,67.09206928,0.422856834,80.76,3,37047.55116,2,0.185150092,10244
29.36073059,13,0,80.53783045,0.308900829,85.13,4,48352.0148,3,0.089282736,10245
34.38356164,15,2,70.46490428,0.394728453,80.98,3,29267.16487,3,0.145497843,10246
40.4109589,13,0,59.70829535,0.344962856,79.71,4,33524.34366,1,0.061401977,10247
15.75342466,20,28,29.44393801,0.60641255,80.78,6,35760.97362,0,0.008406733,10248
39.26940639,10,0,53.91978122,0.273199423,82.31,6,28988.7327,2,0.007092741,10249
26.34703196,14,0,65.17775752,0.346405337,80.19,4,28529.86564,3,0.051338425,10250
26.94063927,17,3,52.37010027,0.33702921,77.85,4,25797.67668,1,0.046480814,10251
15.75342466,19,23,68.86964448,0.267429499,75.68,3,33643.98877,3,0.168314611,10252
89.08675799,5,2,78.07657247,0.342438514,83.99,7,29665.79366,1,0.002657566,10253
46.11872146,15,3,70.64721969,0.29555788,77.56,5,41259.82281,2,0.027443533,10254
26.62100457,17,5,65.17775752,0.395810314,82.91,2,46832.98709,2,0.630774369,10255
33.33333333,15,0,66.40838651,0.387516048,80.72,6,37860.21826,2,0.009322316,10256
48.99543379,10,6,36.59981768,0.455673278,76.05,2,32840.8105,0,0.442290264,10257
30.73059361,12,0,64.03828624,0.508323837,77.56,4,33315.56836,3,0.061026709,10258
29.31506849,16,6,75.38742024,0.271035701,80.79,3,24377.04536,0,0.121917537,10259
57.03196347,8,5,56.33546035,0.365878832,76.48,2,29202.56773,2,0.394504816,10260
61.23287671,10,3,60.48313582,0.273560043,84.02,2,27287.79299,2,0.370496202,10261
38.03652968,17,6,63.58249772,0.298442842,76.86,2,30660.27529,2,0.414791699,10262
22.83105023,18,0,66.54512306,0.346405337,83.72,3,42442.88524,2,0.211178176,10263
72.55707763,10,1,65.90701914,0.312507032,83.73,4,24554.58551,2,0.04455572,10264
50.1369863,13,5,70.14585232,0.547270826,76.79,7,35353.91899,2,0.003031013,10265
62.19178082,7,1,66.1349134,0.315752614,77.18,3,53751.55782,1,0.265482925,10266
45.34246575,15,4,41.79580675,0.571071763,77.33,3,11809.79506,4,0.062723562,10267
82.51141553,7,10,82.1786691,0.231367472,80.54,7,28435.80371,3,0.002836763,10268
70.0456621,7,3,62.7620784,0.47190119,81.14,2,48457.37655,1,0.653014214,10269
53.88127854,12,17,70.69279854,0.205042193,77.52,5,27171.77467,2,0.018398826,10270
54.52054795,12,5,73.47310848,0.298803462,78.35,6,23955.31763,2,0.00617359,10271
64.65753425,9,15,42.023701,0.754627479,78.4,5,32510.72173,2,0.021984843,10272
34.74885845,15,8,46.627165,0.560253155,85.31,6,36060.04787,2,0.008502117,10273
25.25114155,17,9,58.29535096,0.330538045,76.74,3,29579.78794,2,0.146661195,10274
50.73059361,13,0,84.09298086,0.186650559,84.34,2,40745.76859,1,0.550538134,10275
27.16894977,13,0,72.19690064,0.419971872,81.62,4,30752.09309,2,0.058145989,10276
11.87214612,18,5,55.69735643,0.633098449,78.02,1,28064.35466,3,1.045190491,10277
46.25570776,11,3,45.80674567,0.60677317,79.64,6,35975.29776,1,0.008317076,10278
56.16438356,15,4,66.72743847,0.312146412,80.43,6,36428.26376,2,0.008699993,10279
43.33333333,15,1,58.79671832,0.311425171,81.92,2,25813.38054,2,0.349743055,10280
48.44748858,7,2,82.95350957,0.245431662,79.51,4,40293.09003,1,0.073373755,10281
56.94063927,12,5,85.05013674,0.189896141,80.16,2,31326.11146,1,0.423471024,10282
40.4109589,13,10,55.05925251,0.334865489,77.39,3,46457.44044,2,0.232873362,10283
59.543379,10,13,79.1704649,0.317555716,78.37,2,37614.55942,3,0.508611262,10284
37.30593607,14,9,55.24156791,0.550877028,83.57,2,44363.18912,1,0.600390476,10285
40.73059361,9,7,54.05651778,0.592348359,78.67,4,37608.90615,2,0.068069416,10286
61.64383562,10,5,66.68185962,0.372730617,77.34,3,27093.54456,3,0.134106923,10287
41.55251142,16,0,64.49407475,0.302409665,79.37,3,17011.95524,2,0.084033025,10288
24.88584475,14,1,54.64904284,0.450624594,77.32,1,21231.14341,3,0.78641576,10289
42.46575342,16,10,57.47493163,0.60641255,82.71,5,38340.91776,0,0.026012414,10290
51.91780822,13,11,66.63628077,0.246513523,80.34,7,40101.91966,2,0.003717087,10291
43.92694064,15,3,62.12397448,0.257332131,83.85,4,22674.84765,1,0.042334375,10292
20.95890411,15,5,80.62898815,0.358305806,78.32,1,17818.34046,2,0.655110147,10293
45.06849315,15,8,70.23701003,0.672406058,79.17,5,37608.90615,1,0.024298002,10294
38.26484018,10,0,71.28532361,0.249037865,81.53,1,31944.00127,1,1.16938262,10295
32.87671233,15,1,69.5077484,0.333062387,81.26,7,40619.77897,2,0.003581416,10296
55.98173516,12,7,59.93618961,0.352175261,81.79,2,28904.69701,2,0.392319835,10297
41.91780822,12,4,48.67821331,0.575759827,80.45,3,16144.19376,2,0.079301599,10298
40.82191781,16,2,80.03646308,0.289066715,81.7,2,27206.77747,3,0.370578627,10299
36.43835616,11,0,73.74658159,0.364796971,80.26,4,21744.27302,3,0.039778087,10300
44.15525114,12,2,72.6071103,0.326931843,79.06,6,50517.11991,2,0.01298163,10301
35.15981735,11,0,60.16408387,0.242907321,78.74,4,34572.81112,1,0.063091838,10302
25.66210046,17,3,61.75934366,0.452067075,78.4,3,20743.33747,3,0.104480971,10303
61.00456621,10,3,66.36280766,0.386794807,77.02,5,30752.6338,3,0.020720962,10304
64.88584475,13,5,60.16408387,0.391843491,80.22,4,41899.63286,2,0.075886726,10305
73.60730594,10,1,65.90701914,0.278608727,78.11,7,43264.26465,4,0.003891851,10306
43.19634703,12,10,62.62534184,0.425020555,84.01,3,32509.93126,5,0.162085007,10307
52.73972603,6,4,80.08204193,0.289066715,76.49,1,28684.06764,1,1.058850069,10308
39.9086758,13,12,71.78669098,0.392564731,77.11,6,35683.71709,2,0.008404336,10309
33.15068493,15,2,68.64175023,0.251922827,75.81,3,45132.30485,2,0.224051805,10310
31.27853881,12,13,61.75934366,0.500029571,77.65,2,42365.06106,1,0.573748944,10311
23.42465753,14,23,71.19416591,0.355420844,80.6,4,43635.75469,4,0.080470584,10312
24.38356164,14,12,58.20419325,0.388597908,79.78,4,35186.87528,0,0.06396106,10313
43.78995434,15,3,82.04193254,0.317916336,78.84,7,20238.63788,2,0.001979077,10314
7.762557078,19,20,69.73564266,0.314670754,79.62,4,33771.9963,4,0.06199507,10315
19.9543379,16,8,72.01458523,0.388958529,79.54,4,32099.60495,2,0.059229229,10316
41.00456621,9,12,49.58979034,0.531042914,87.47,4,37524.25422,4,0.068210006,10317
26.48401826,14,0,65.17775752,0.346405337,82.57,7,34952.12711,3,0.003264625,10318
62.78538813,9,6,73.65542388,0.448821493,82.74,5,29213.27813,2,0.019927301,10319
38.40182648,13,10,73.15405652,0.275363145,81.37,3,38544.3879,1,0.193472476,10320
27.48858447,20,2,74.33910665,0.307097728,78.91,2,17081.90511,1,0.231292269,10321
22.32876712,15,7,70.19143118,0.35001154,75.34,7,35527.97427,1,0.00309622,10322
39.26940639,10,6,67.54785779,0.242907321,75.55,4,35067.70508,2,0.063620211,10323
36.11872146,11,3,62.57976299,0.523469888,80.47,7,35910.20041,2,0.003000485,10324
36.62100457,10,4,73.70100273,0.300967184,78.93,4,26902.31882,2,0.048897582,10325
50.77625571,10,5,68.77848678,0.28257555,81.1,6,30479.98025,1,0.007058452,10326
60.3652968,7,20,51.00273473,0.53897656,82.2,3,25800.58899,3,0.12826303,10327
63.88127854,13,0,60.39197812,0.24146484,78.95,3,29333.07,2,0.144959688,10328
67.48858447,11,1,79.35278031,0.262380815,79.63,7,40120.47482,4,0.003578425,10329
71.46118721,11,9,69.55332726,0.518421204,78.67,7,35962.00532,4,0.003309895,10330
28.49315068,16,16,77.43846855,0.231006852,76.11,1,16837.05984,2,0.664870454,10331
31.64383562,12,1,80.44667274,0.22812189,83.62,4,25119.24211,2,0.046132904,10332
13.78995434,17,4,70.73837739,0.243989181,76.55,3,49396.87641,1,0.245932566,10333
33.24200913,15,0,76.75478578,0.3226044,78.15,6,20974.95965,2,0.005603373,10334
37.57990868,14,6,71.05742935,0.177995673,75.14,3,49396.87641,2,0.250941168,10335
45.93607306,11,7,47.26526892,0.421053732,80.23,1,42902.38498,1,1.563651046,10336
36.07305936,11,15,72.01458523,0.261659574,77.94,4,34703.19719,2,0.062953935,10337
48.85844749,17,5,69.78122151,0.244349802,83.22,7,33771.9963,3,0.003019385,10338
23.74429224,14,13,54.7857794,0.375976199,78.22,2,49516.44247,3,0.680017846,10339
52.78538813,13,4,59.29808569,0.374894338,82.82,5,24262.89639,2,0.016468912,10340
56.71232877,11,7,73.33637192,0.456394519,80.12,2,42371.65869,4,0.573748944,10341
57.03196347,11,1,58.24977211,0.399055896,81.45,2,40617.97888,2,0.551419592,10342
22.83105023,15,0,63.35460346,0.482359178,78.19,4,35901.48037,2,0.06657895,10343
45.20547945,11,5,60.30082042,0.338832312,79.8,6,32471.86678,3,0.007672797,10344
43.05936073,9,1,80.08204193,0.358305806,83.82,4,41920.24716,0,0.076741855,10345
55.43378995,5,0,66.72743847,0.419971872,77.34,4,46371.52752,0,0.085265848,10346
40.456621,16,2,64.26618049,0.406268301,77.13,1,23350.89106,2,0.859539949,10347
48.85844749,14,35,71.55879672,0.280051208,77.03,7,45576.01434,1,0.003850961,10348
20.1369863,19,1,62.16955333,0.351454021,83.72,3,42442.88524,2,0.210513626,10349
47.89954338,11,0,85.09571559,0.245792283,82.58,3,45176.83262,3,0.222453977,10350
20.2283105,15,5,67.22880583,0.470458709,81.26,4,13118.5373,3,0.025557014,10351
56.71232877,15,7,57.52051048,0.662308691,76.81,7,34887.21721,2,0.003044113,10352
77.89954338,4,6,45.53327256,0.508684457,76.41,2,36575.09962,3,0.49421571,10353
57.03196347,11,1,58.24977211,0.26887198,76.35,2,43870.35704,2,0.592637234,10354
61.78082192,10,0,60.66545123,0.328374324,76.35,5,48332.48481,3,0.033184857,10355
38.72146119,14,5,61.48587056,0.338832312,76.8,4,35038.74863,2,0.063905757,10356
45.89041096,11,1,48.13126709,0.516978723,77.95,2,43237.50877,5,0.588559895,10357
37.48858447,10,6,69.14311759,0.330898666,81.53,4,10722.23213,2,0.020264181,10358
20.1826484,15,3,61.89608022,0.223433826,83.85,4,20584.32399,2,0.037390916,10359
44.29223744,15,3,69.4165907,0.335586729,84.48,2,32597.01971,4,0.440378915,10360
64.20091324,13,7,70.41932543,0.421774973,77.82,1,46844.00005,1,1.720528817,10361
21.73515982,15,13,56.65451231,0.505799495,77.79,4,35509.22852,3,0.064797311,10362
34.29223744,15,3,70.46490428,0.251922827,75.55,3,36166.00391,1,0.179231173,10363
50.0456621,16,0,69.64448496,0.360469528,83.5,5,33551.97583,2,0.022767235,10364
31.91780822,15,3,44.75843209,0.543304003,82.75,6,35975.29776,2,0.008856804,10365
48.63013699,17,1,63.67365542,0.379221781,76.3,7,46027.18141,2,0.003888909,10366
62.32876712,13,5,61.48587056,0.496423368,77.39,7,32577.99085,3,0.003072618,10367
71.32420091,7,3,84.00182315,0.199993509,75.76,2,26960.23151,1,0.36446301,10368
48.40182648,11,4,76.61804923,0.28329679,83.38,6,24759.21736,4,0.006088804,10369
57.89954338,8,1,79.1704649,0.232449333,78.72,3,32932.72392,0,0.163604816,10370
41.91780822,16,22,72.56153145,0.272117562,77.8,1,28973.30331,1,1.067633041,10371
56.21004566,15,4,68.96080219,0.254086549,80.84,7,19018.70511,2,0.001890972,10372
53.47031963,16,2,70.8295351,0.337750451,83.07,5,11025.73474,3,0.00259798,10373
38.08219178,13,54,71.23974476,0.316473855,79.63,1,40780.27346,3,1.479849388,10374
63.97260274,9,18,84.27529626,0.326571223,82.3,2,31661.62881,2,0.429274158,10375
44.42922374,15,8,47.12853236,0.351454021,81.18,2,38375.43748,1,0.51935507,10376
4.520547945,20,8,55.92525068,0.319358817,82.6,1,30363.14075,2,1.110431765,10377
35.15981735,11,1,79.21604376,0.297360981,77.47,7,29572.33173,2,0.002671148,10378
22.92237443,18,8,65.90701914,0.291230436,76.75,4,39706.93398,1,0.072821185,10379
38.44748858,17,22,76.89152233,0.381746123,78.47,7,40394.14453,1,0.003657956,10380
33.83561644,11,1,69.96353692,0.224876307,78.9,4,11328.56848,3,0.01594635,10381
48.85844749,17,2,78.12215132,0.342438514,76.3,7,34315.19241,1,0.003153441,10382
43.47031963,12,2,56.4721969,0.365878832,79.4,3,23159.69887,0,0.115019368,10383
39.45205479,17,1,59.16134913,0.354699603,78.44,2,35666.0434,3,0.482942372,10384
64.88584475,12,19,46.17137648,0.571071763,79.64,3,36060.04787,4,0.178841695,10385
44.42922374,15,7,49.31631723,0.52635485,85.4,7,44977.61376,1,0.003972932,10386
59.543379,14,15,64.4484959,0.230646232,78.24,7,27917.30258,2,0.002859213,10387
62.10045662,13,0,56.83682771,0.777707176,79.03,7,49015.88883,1,0.00442897,10388
43.10502283,12,0,52.55241568,0.335226109,83.51,3,42442.88524,1,0.211178176,10389
30.59360731,19,3,57.24703737,0.343159755,83.58,2,44363.18912,1,0.599471586,10390