Safety_Score,Days_Since_Inspection,Total_Safety_Complaints,Control_Metric,Turbulence_In_gforces,Cabin_Temperature,Accident_Type_Code,Max_Elevation,Violations,Adverse_Weather_Metric,Accident_ID
35.38812785,18,8,68.77848678,0.265265777,77.07,5,36156.82636,3,0.024627978,10391
52.55707763,13,2,82.1786691,0.26887198,79.54,5,28885.57324,1,0.021002845,10392
47.12328767,11,13,51.00273473,0.507602596,77.74,1,18180.96658,2,0.636699055,10393
32.10045662,12,8,73.51868733,0.406268301,79.45,6,38281.71425,2,0.010327149,10394
50.73059361,6,9,86.00729262,0.484522899,79.77,3,14552.73491,2,0.071962069,10395
72.46575342,10,2,63.90154968,0.35073278,78.13,7,41031.63541,3,0.00350125,10396
34.33789954,11,6,50.77484047,0.534288496,84.63,4,46283.82289,1,0.085541759,10397
46.84931507,7,20,65.04102097,0.340274793,78.67,4,36384.88629,2,0.065892713,10398
60.456621,10,1,70.14585232,0.381746123,75.09,2,46273.24001,2,0.627545994,10399
32.87671233,15,8,78.53236098,0.308900829,79.73,3,35378.13292,0,0.175624748,10400
23.47031963,14,0,78.07657247,0.304573386,87.62,3,30912.081,2,0.153788001,10401
42.51141553,9,13,68.04922516,0.547992066,76.19,1,26949.95577,1,1.000881409,10402
50.3652968,13,10,72.83500456,0.262020195,77.22,5,30175.43702,2,0.020054276,10403
36.94063927,14,13,72.83500456,0.4044652,76.92,6,31993.45889,2,0.007845731,10404
55.75342466,12,1,93.66453965,0.180159394,80.64,1,47106.13538,1,1.720039326,10405
57.39726027,8,4,73.29079307,0.392925352,81.56,3,36581.58513,4,0.181249987,10406
19.40639269,15,3,53.32725615,0.395449693,75.2,3,14274.05901,2,0.071066355,10407
58.44748858,11,3,69.37101185,0.333423008,81.37,2,46308.24392,4,0.62857432,10408
34.70319635,15,0,83.27256153,0.263462676,76.96,3,29575.35166,2,0.14641085,10409
20.95890411,19,4,37.83044667,0.399416516,80.9,3,42526.73924,1,0.211029209,10410
41.96347032,12,2,74.52142206,0.264905157,79.77,3,26266.36796,3,0.130415664,10411
48.99543379,10,29,56.5633546,0.5396978,80.98,3,35329.41208,2,0.175588565,10412
26.57534247,20,0,56.3810392,0.315752614,84.76,6,26930.37623,2,0.006662971,10413
4.657534247,20,9,64.99544211,0.457115759,83.36,4,33735.86318,3,0.062276334,10414
22.51141553,15,8,92.38833181,0.238940498,79.23,3,28834.57693,2,0.143456826,10415
52.78538813,9,0,72.6071103,0.334865489,77.89,3,24044.67151,1,0.120446192,10416
43.97260274,12,10,43.80127621,0.43187234,79.3,6,27222.89413,1,0.006662971,10417
13.83561644,17,3,66.72743847,0.254447169,77.29,3,27607.90091,1,0.137332931,10418
47.53424658,17,4,52.09662716,0.491014064,81.8,7,30457.89176,0,0.002567284,10419
41.68949772,19,17,75.38742024,0.397613415,79.12,6,39863.36832,1,0.010438892,10420
53.19634703,13,0,47.53874202,0.602445727,79.33,5,29656.97675,1,0.019720596,10421
21.78082192,15,10,75.25068368,0.494980887,79.22,4,38859.98557,2,0.071719022,10422
37.16894977,14,24,71.23974476,0.385712946,81.85,3,37805.36321,1,0.188494927,10423
60.54794521,10,1,62.62534184,0.314670754,78.63,5,41329.44355,0,0.027958096,10424
32.14611872,12,0,48.3135825,0.511569419,77.68,4,44182.83316,4,0.081535051,10425
37.80821918,13,1,87.46581586,0.277887486,77.08,6,32761.0173,1,0.008048971,10426
52.19178082,13,3,67.27438469,0.327653083,83.56,7,35862.16829,1,0.003195618,10427
87.48858447,3,2,69.05195989,0.408071403,76.85,6,35044.20884,1,0.00880519,10428
52.19178082,13,7,84.00182315,0.181241255,78.37,2,28885.57324,3,0.391901326,10429
54.84018265,12,1,50.95715588,0.499668951,77.93,5,45864.17804,2,0.032026073,10430
49.36073059,16,4,55.83409298,0.281493689,76.96,4,40646.95283,2,0.074006732,10431
50.86757991,13,0,69.96353692,0.372730617,84.02,6,33551.97583,1,0.008672093,10432
85.75342466,2,4,60.66545123,0.297000361,79.72,2,47715.83146,2,0.648151779,10433
36.02739726,14,10,60.98450319,0.407710783,77,3,40087.80334,2,0.19895819,10434
32.55707763,12,16,62.9443938,0.312507032,79.14,2,28824.40733,1,0.388023789,10435
24.65753425,18,4,60.80218778,0.493899026,78.83,4,36405.03304,5,0.066496379,10436
32.78538813,15,1,77.62078396,0.386073567,85.3,3,39527.63881,1,0.197627289,10437
58.85844749,14,9,66.72743847,0.209009016,81.34,7,23467.08178,1,0.002216365,10438
66.62100457,12,11,60.16408387,0.267790119,78.01,7,33393.25319,2,0.003131268,10439
32.87671233,15,2,86.23518687,0.317916336,76.96,4,24898.35591,2,0.045332399,10440
80.59360731,8,11,62.53418414,0.346405337,77.86,6,29260.14924,2,0.007347073,10441
37.07762557,14,0,59.07019143,0.484522899,77.63,6,27657.19109,2,0.006656118,10442
64.84018265,9,7,40.51959891,0.619394879,76.35,2,23758.61155,1,0.318991758,10443
36.98630137,10,0,60.25524157,0.24146484,83.82,7,35342.30106,1,0.003153441,10444
6.02739726,22,1,71.1030082,0.271396322,77.01,6,12642.68202,1,0.003838975,10445
53.42465753,12,8,66.95533273,0.293394158,75.05,2,21524.20126,2,0.296424469,10446
48.35616438,11,6,30.72014585,0.777707176,77.93,2,31220.94917,2,0.422623433,10447
37.21461187,10,5,61.21239745,0.275363145,79.72,4,44465.27191,1,0.082558252,10448
25.47945205,14,7,38.96991796,0.72902344,82.49,1,39070.0088,0,1.43817383,10449
42.42009132,12,15,53.60072926,0.56674432,77.74,3,43209.8141,4,0.215610803,10450
74.70319635,6,11,41.56791249,0.584054093,79.95,3,41837.53442,0,0.207345837,10451
26.57534247,17,1,77.11941659,0.24218608,81.88,4,21852.7136,2,0.039237203,10452
45.34246575,8,1,69.73564266,0.251562207,77.11,4,12798.70583,3,0.023566018,10453
51.68949772,10,3,74.2023701,0.388958529,81.11,5,30105.47428,2,0.020353891,10454
41.73515982,16,9,81.03919781,0.283657411,86.94,7,35048.02659,0,0.00332244,10455
46.94063927,11,20,56.28988149,0.459640101,76.96,3,20375.81543,3,0.102254542,10456
65.79908676,9,12,48.76937101,0.638147133,80.91,2,45903.4682,2,0.621235887,10457
31.91780822,12,8,67.7301732,0.343159755,82.18,4,16360.96377,2,0.029793486,10458
47.30593607,7,0,58.38650866,0.502553913,79.33,4,22564.4372,1,0.041081726,10459
36.94063927,14,3,72.698268,0.299164082,79.92,3,21101.54895,3,0.105814391,10460
49.8630137,10,14,52.68915223,0.430429859,78.93,3,24170.08953,2,0.11971137,10461
33.28767123,15,3,64.26618049,0.416365669,79.46,2,24871.20114,2,0.336918385,10462
51.36986301,16,4,81.72288058,0.325849982,79.81,6,26734.01403,3,0.006687082,10463
5.753424658,20,6,35.82497721,0.881926433,78.73,3,37920.67541,3,0.189583681,10464
43.05936073,15,1,58.79671832,0.356502705,77.89,2,37925.70021,0,0.511578157,10465
27.39726027,13,2,55.24156791,0.260938334,81.1,1,26770.26254,4,0.984521583,10466
46.25570776,7,2,63.53691887,0.302409665,77.62,4,32018.58444,4,0.059249695,10467
21.23287671,15,2,65.58796718,0.523469888,80.85,2,43290.0146,3,0.586145252,10468
20.2283105,15,5,67.22880583,0.439805986,83.64,4,21564.02504,1,0.039202189,10469
62.69406393,13,3,36.64539654,0.564219978,80.15,7,31314.17631,2,0.002891241,10470
48.35616438,10,26,60.43755697,0.413120087,78.29,3,29542.29355,1,0.147082419,10471
32.05479452,15,19,62.07839562,0.353617743,79.86,6,18441.89901,3,0.004774618,10472
38.72146119,13,5,75.93436645,0.434036062,78.94,3,35921.31471,2,0.177891441,10473
62.73972603,6,6,60.43755697,0.329095564,81.15,3,22977.01515,3,0.114860899,10474
4.292237443,20,9,64.94986326,0.388237288,82.91,6,36011.63454,2,0.00923432,10475
44.88584475,7,3,52.91704649,0.426823657,77.36,1,27841.62831,3,1.020970924,10476
9.589041096,19,12,58.56882407,0.422135593,77.04,1,37446.78988,1,1.372374168,10477
57.44292237,11,0,59.93618961,0.406268301,76.09,2,30488.79694,1,0.412117131,10478
34.84018265,11,10,62.07839562,0.370566895,76.85,2,15542.64367,3,0.219247712,10479
66.48401826,12,15,73.01731996,0.32368626,79.6,7,39615.1051,2,0.003590835,10480
26.16438356,17,2,62.67092069,0.492095925,79.1,3,20743.33747,2,0.10348709,10481
38.76712329,10,1,51.82315406,0.396892175,79.62,4,33718.27869,2,0.062500905,10482
53.15068493,12,0,66.36280766,0.361551388,84.38,2,39765.51486,3,0.538167722,10483
24.88584475,14,22,54.7857794,0.508323837,86.43,3,20597.38906,3,0.101046351,10484
13.78995434,17,3,67.77575205,0.290148576,76.45,4,33495.77609,1,0.061274296,10485
48.35616438,11,4,76.61804923,0.247595384,79.09,5,37541.67637,0,0.024298002,10486
79.49771689,7,5,40.51959891,0.589824017,79.58,7,25644.46842,1,0.002433605,10487
54.20091324,12,6,50.77484047,0.495341507,83.39,7,26017.68469,1,0.002395215,10488
22.28310502,15,6,73.33637192,0.434396682,86.43,3,35214.81917,3,0.175707515,10489
35.98173516,11,15,72.01458523,0.261659574,79.85,5,38544.3879,3,0.026949467,10490
24.93150685,14,0,49.31631723,0.302049044,81.32,1,29232.82186,2,1.082698752,10491
67.03196347,12,4,49.04284412,0.687191489,79.06,7,24626.23299,1,0.002491943,10492
25.98173516,14,12,71.05742935,0.351454021,79.17,7,41263.02536,3,0.003992844,10493
38.44748858,10,7,70.51048314,0.225597548,81.53,1,37118.89873,2,1.362419645,10494
24.38356164,14,12,70.78395624,0.302409665,77.03,4,22253.1682,1,0.041338453,10495
36.89497717,14,4,69.82680036,0.312146412,82.26,2,34505.25483,4,0.46754898,10496
34.70319635,11,9,73.10847767,0.325489362,77.65,1,35104.56703,1,1.29142485,10497
65.70776256,12,0,86.59981768,0.173668229,79.63,7,44434.08715,3,0.003835866,10498
18.90410959,19,14,75.25068368,0.222351965,75.94,3,17927.33842,4,0.089254962,10499
57.35159817,8,4,89.24339107,0.274641904,79.12,6,34497.64398,1,0.00857348,10500
31.27853881,15,0,63.44576117,0.443051569,81.01,6,41373.23488,2,0.010153212,10501
17.16894977,16,0,71.19416591,0.253725929,81.49,4,28395.06401,3,0.051489305,10502
75.20547945,9,1,51.36736554,0.480556076,79.78,7,38720.45237,2,0.003700851,10503
51.27853881,10,3,69.09753874,0.203960332,79.52,3,29653.00768,2,0.147944221,10504
54.10958904,16,6,61.21239745,0.491014064,78.5,7,19804.49457,1,0.001654836,10505
34.84018265,11,3,84.54876937,0.319358817,81.21,4,13945.57287,2,0.023911124,10506
29.17808219,13,1,74.79489517,0.399055896,80.55,3,45972.62254,2,0.226944244,10507
42.60273973,9,1,63.94712853,0.306737108,81.86,7,40724.08358,1,0.003401548,10508
20.1826484,19,17,82.22424795,0.436199784,86.43,3,37011.99752,1,0.18482686,10509
58.44748858,11,2,69.59890611,0.321161918,82.14,2,30873.54002,2,0.417407396,10510
36.39269406,14,11,62.44302644,0.403022719,79.86,3,42590.72938,0,0.212242281,10511
39.36073059,17,5,67.41112124,0.245431662,78.64,2,30282.33327,1,0.412493537,10512
32.83105023,19,0,48.72379216,0.508684457,77.4,2,30701.49036,2,0.416213586,10513
56.94063927,8,6,52.09662716,0.494259647,80.17,4,36421.57363,1,0.066752274,10514
38.35616438,17,3,59.29808569,0.33666859,80.2,2,27292.00134,3,0.368581315,10515
68.76712329,8,15,61.62260711,0.532124775,78.67,1,25274.84447,1,0.920195563,10516
51.59817352,13,13,65.54238833,0.344962856,85.25,2,57329.68061,2,0.736627401,10517
38.76712329,17,2,71.69553327,0.287624234,77.96,1,15487.67017,2,0.569124611,10518
52.60273973,13,4,44.75843209,0.591627119,79.89,6,33766.18212,1,0.008502117,10519
28.76712329,13,2,52.78030994,0.304573386,77.92,4,23677.78125,1,0.04408286,10520
42.46575342,8,12,39.88149499,0.745972593,79.56,1,37945.78025,1,1.389295497,10521
28.90410959,13,4,68.73290793,0.414923188,86.96,4,26548.89266,4,0.048506476,10522
39.26940639,13,0,72.15132179,0.386794807,79.86,6,24530.35683,2,0.006257062,10523
61.87214612,13,13,66.36280766,0.306376488,84.11,7,39352.59973,2,0.00371164,10524
61.32420091,10,1,63.67365542,0.568547422,77.39,3,38281.29237,2,0.191426209,10525
46.84931507,7,4,72.83500456,0.406268301,78.61,4,39274.99085,2,0.071423456,10526
67.48858447,12,3,69.64448496,0.331619906,84.64,4,38050.44131,2,0.069701428,10527
48.99543379,10,6,45.2142206,0.637425893,78.61,3,29067.56185,2,0.145739059,10528
76.11872146,6,29,65.08659982,0.399055896,76.18,3,20840.1407,2,0.103274996,10529
45.06849315,11,28,57.15587967,0.438002885,80.66,3,21422.7868,2,0.105892407,10530
59.08675799,11,2,69.37101185,0.337389831,81.99,2,27975.79944,2,0.376624807,10531
51.05022831,13,4,64.72196901,0.403022719,77.1,2,47115.29983,1,0.637457087,10532
56.66666667,11,20,64.08386509,0.339192932,87.89,1,32399.61356,3,1.197910272,10533
41.46118721,16,6,73.92889699,0.409513884,76.79,7,38974.53532,2,0.003734089,10534
33.33333333,15,2,63.67365542,0.448460873,77.44,5,30175.04683,3,0.020353891,10535
76.66666667,6,0,89.24339107,0.231367472,81.24,3,36027.86127,2,0.179167189,10536
17.85388128,16,3,58.61440292,0.589824017,77.65,1,34719.03767,2,1.277242017,10537
42.42009132,12,11,40.06381039,0.433314821,80.85,3,30810.90656,2,0.152942206,10538
16.48401826,17,3,43.5278031,0.479113595,79.67,4,21448.46855,1,0.039826025,10539
31.41552511,12,0,80.674567,0.22884313,79.83,1,25520.92453,2,0.937147431,10540
22.60273973,15,15,65.36007293,0.351093401,78.63,7,39792.62264,3,0.00350125,10541
38.08219178,13,13,58.38650866,0.475507393,75.97,3,49341.22322,2,0.245772497,10542
39.26940639,10,1,89.24339107,0.203599712,79.41,4,38002.03543,1,0.069784362,10543
67.53424658,11,9,65.22333637,0.348569059,81.31,4,12204.9766,3,0.022024369,10544
82.51141553,8,19,80.99361896,0.298803462,88.71,1,39297.99863,2,1.445369612,10545
57.07762557,11,39,58.47766636,0.459640101,78.1,5,45751.98341,3,0.031824685,10546
46.02739726,8,20,77.34731085,0.269953841,80.09,4,39024.02909,2,0.07180187,10547
38.76712329,13,30,68.68732908,0.25516841,87.74,6,38524.33189,2,0.010259549,10548
54.52054795,12,1,87.69371012,0.277526866,76.18,5,37253.90537,4,0.024095554,10549
64.33789954,9,6,73.65542388,0.39112225,78.56,5,20761.98442,3,0.014549465,10550
30.68493151,16,0,84.86782133,0.220548864,78.84,5,37623.17303,1,0.024767682,10551
22.92237443,15,0,67.45670009,0.304573386,84.21,3,40212.0403,3,0.202628386,10552
22.78538813,15,6,57.976299,0.448100252,77.51,1,40593.90886,3,1.486882055,10553
16.11872146,17,2,51.5952598,0.422496213,78.34,4,52319.16629,3,0.09666903,10554
39.45205479,10,0,49.45305378,0.491014064,79.89,1,34614.44982,2,1.279502423,10555
38.03652968,17,6,71.74111212,0.367681933,76.62,1,23171.54509,2,0.849133434,10556
47.99086758,11,6,66.90975387,0.450263974,82.69,2,32421.59478,1,0.439042375,10557
54.84018265,5,3,80.674567,0.264183916,78.01,4,31213.75222,3,0.056854927,10558
33.05936073,12,1,62.03281677,0.425381176,77.78,1,24605.47132,2,0.898387825,10559
20.86757991,19,2,77.34731085,0.272117562,76.63,3,24272.05911,2,0.120446192,10560
45.52511416,15,14,60.80218778,0.510848179,82.46,5,47228.64177,3,0.031341318,10561
37.21461187,14,35,74.52142206,0.531042914,82.13,6,47228.64177,3,0.01194006,10562
39.8173516,9,0,80.99361896,0.362633249,78.7,4,25934.11849,2,0.04735187,10563
38.21917808,13,2,48.26800365,0.510848179,77.95,4,35380.63501,3,0.064820393,10564
29.7716895,12,0,78.12215132,0.283657411,79.16,4,51844.94077,1,0.094957321,10565
51.18721461,10,11,77.11941659,0.465049405,85.08,3,15414.09902,3,0.078488125,10566
28.26484018,13,0,56.92798541,0.330538045,79.71,5,42176.92229,3,0.028823203,10567
51.32420091,13,3,53.0993619,0.3226044,77.92,2,37249.52009,2,0.506304901,10568
40.82191781,9,12,54.05651778,0.621197981,80.91,4,45701.74149,1,0.082792377,10569
45.02283105,19,0,44.16590702,0.594151461,79.58,7,24122.82342,1,0.002394744,10570
53.19634703,16,4,53.69188696,0.488129102,84.4,4,33055.49189,1,0.060223054,10571
36.11872146,11,14,54.92251595,0.395089073,86.13,4,34715.23615,2,0.06304682,10572
37.76255708,10,10,74.97721057,0.251922827,77.65,4,43023.01699,1,0.07929952,10573
68.03652968,12,35,72.65268915,0.29663974,87.05,7,32861.27684,1,0.003115493,10574
35.52511416,14,5,62.07839562,0.51229066,79.09,6,39759.02259,3,0.009537387,10575
46.16438356,11,4,54.7857794,0.421774973,76.96,3,27569.72084,4,0.13831005,10576
57.99086758,4,2,40.56517776,0.44521529,75.98,3,23340.34701,1,0.117926964,10577
47.12328767,11,2,72.10574294,0.315752614,77.03,3,30465.08999,2,0.151931986,10578
35.06849315,11,1,60.66545123,0.395089073,82.19,4,29969.74838,2,0.054865468,10579
23.37899543,14,7,74.74931632,0.271396322,78.39,4,36804.68065,2,0.067847156,10580
65.43378995,12,15,77.66636281,0.298082221,76.56,2,36485.43005,1,0.49421571,10581
44.52054795,12,10,56.01640839,0.440887847,80.55,6,28403.23611,1,0.007365801,10582
22.28310502,18,8,68.04922516,0.294115398,79.4,4,41118.82065,2,0.074743334,10583
42.78538813,9,5,57.61166819,0.530321673,83.56,4,38055.69038,1,0.069701428,10584
51.59817352,13,12,56.51777575,0.279690588,79.24,2,23734.78472,2,0.321668685,10585
55.43378995,12,1,51.09389243,0.375615579,80.13,5,31639.1855,2,0.021240851,10586
47.53424658,11,0,83.81950775,0.245792283,84.41,3,31976.35149,2,0.158930779,10587
16.71232877,16,5,68.86964448,0.399777137,80.84,1,36960.65853,3,1.35970664,10588
11.59817352,18,0,88.28623519,0.21513956,76.96,4,25251.21204,3,0.04544947,10589
19.13242009,16,1,73.01731996,0.204320952,83.17,4,39449.49282,2,0.072643765,10590
28.58447489,16,1,68.64175023,0.25588965,80.55,5,44285.44743,1,0.029811797,10591
64.33789954,9,6,73.65542388,0.335947349,78.35,5,15414.09902,2,0.010807266,10592
34.42922374,14,6,65.86144029,0.239661738,79.47,5,34572.81112,2,0.023233267,10593
66.80365297,5,1,56.24430264,0.271035701,80.34,6,37177.37893,2,0.008559038,10594
38.35616438,14,3,71.05742935,0.20143599,88.93,3,20970.59354,3,0.104738442,10595
50.91324201,10,1,55.69735643,0.36371511,76.4,3,28318.3292,3,0.140626767,10596
64.93150685,9,0,64.99544211,0.393646592,83.84,2,37749.23125,4,0.510633766,10597
45.75342466,15,0,71.05742935,0.423938695,78.63,5,37860.21826,2,0.025573726,10598
31.41552511,12,10,69.5077484,0.371288136,78.08,5,28798.04809,2,0.019411422,10599
14.70319635,17,0,50.63810392,0.479474216,78.13,7,35901.48037,3,0.003143447,10600
52.51141553,9,0,63.81039198,0.489932203,77.6,3,30497.88866,2,0.152109025,10601
22.87671233,18,13,66.27164995,0.254447169,78.52,6,38399.4551,2,0.010337253,10602
55.79908676,8,9,64.17502279,0.462525063,80.71,4,25859.1798,2,0.04730817,10603
29.6347032,16,8,73.38195077,0.223794446,83.41,3,43306.58745,3,0.215610803,10604
20.86757991,23,7,75.93436645,0.325849982,81.29,1,25149.7751,1,0.93041879,10605
37.16894977,14,14,74.43026436,0.364436351,80.65,3,31728.65669,3,0.156969136,10606
52.46575342,13,0,43.66453965,0.735153985,78.4,6,11287.27098,2,0.002920434,10607
38.81278539,13,1,68.27711942,0.335586729,79.7,3,38973.16475,1,0.195200993,10608
34.65753425,15,3,68.32269827,0.258774612,78.8,1,33405.15256,1,1.234982187,10609
40.3196347,13,15,76.93710119,0.381746123,77.11,5,37862.91999,2,0.025877226,10610
5.205479452,20,1,65.31449407,0.424299315,82.91,4,35976.20214,1,0.065771826,10611
33.83561644,11,7,50.77484047,0.55340137,81.05,4,37524.25422,4,0.068229449,10612
50.86757991,13,4,62.07839562,0.437281644,78.67,2,37853.16775,2,0.512298965,10613
45.79908676,15,1,73.60984503,0.386073567,84.56,5,23921.68749,0,0.01556415,10614
35.20547945,11,1,79.21604376,0.22920375,81.21,7,25758.1198,4,0.002353876,10615
70.4109589,11,14,55.05925251,0.474786152,83.31,7,33954.17858,2,0.003129141,10616
50.2283105,10,14,54.9680948,0.55268013,83.6,3,25800.58899,1,0.128131027,10617
20.95890411,15,5,61.349134,0.432954201,86.43,4,21564.02504,4,0.039772063,10618
49.36073059,10,3,65.45123063,0.311785792,80.84,4,30063.66224,2,0.055012332,10619
24.79452055,14,14,62.03281677,0.430429859,78.23,4,45004.0014,3,0.08203656,10620
53.56164384,9,1,82.08751139,0.22884313,76.42,3,28801.5389,1,0.142969917,10621
67.53424658,12,3,78.76025524,0.245792283,85.61,7,25486.82546,2,0.00253164,10622
35.20547945,11,0,74.24794895,0.326931843,78.93,4,41578.71699,2,0.076360978,10623
30.1826484,12,6,68.41385597,0.25516841,76.39,1,26837.21715,0,0.987183897,10624
58.58447489,11,5,65.63354603,0.54005842,79.6,2,11806.55067,2,0.155681435,10625
50.59360731,13,31,69.59890611,0.329095564,77.05,2,51069.62087,2,0.690878232,10626
67.67123288,12,3,78.76025524,0.313228273,77.86,2,28658.63314,0,0.387233081,10627
27.80821918,13,5,66.27164995,0.298803462,81.09,4,14871.66492,3,0.026891665,10628
50.3652968,13,11,66.77301732,0.246513523,78.2,1,23787.7963,0,0.872917277,10629
50.4109589,10,2,70.32816773,0.237137396,84.02,6,24386.64992,2,0.006375142,10630
29.543379,16,7,67.8213309,0.395810314,81.26,3,37664.92132,3,0.187016357,10631
24.79452055,14,2,38.96991796,0.740563289,80.47,1,39070.0088,1,1.45138366,10632
58.03652968,11,5,64.03828624,0.448460873,78.52,2,29784.27436,3,0.401309819,10633
41.64383562,9,2,60.80218778,0.25625027,77.89,3,41704.73986,1,0.208475823,10634
61.64383562,10,0,83.54603464,0.264183916,76,2,21526.32425,4,0.29685444,10635
40.63926941,13,0,54.32999088,0.204681572,80.06,6,27350.12992,1,0.006512082,10636
41.36986301,9,12,34.86782133,0.683945907,82.16,1,35305.17414,1,1.300281783,10637
44.20091324,8,2,60.61987238,0.48524414,77.62,2,30536.53639,1,0.411327728,10638
51.09589041,10,1,52.41567912,0.393285972,77.48,3,29213.84098,2,0.145497843,10639
32.14611872,12,2,54.14767548,0.487407862,77.69,1,28411.2232,2,1.046036393,10640
56.30136986,12,4,82.04193254,0.338111071,78.95,2,26391.63169,2,0.356477189,10641
72.64840183,7,11,65.72470374,0.54005842,85.09,2,31122.64585,3,0.421126243,10642
80.59360731,8,19,62.53418414,0.219467003,80.36,2,21384.95016,2,0.285471831,10643
50.0456621,17,0,69.64448496,0.415644428,77.47,7,40657.7634,2,0.003617362,10644
31.18721461,16,14,65.13217867,0.293394158,79.21,4,20692.524,2,0.036900366,10645
28.85844749,16,7,51.18505014,0.37741868,80.13,4,25131.3222,1,0.046284345,10646
40.3652968,10,7,58.52324521,0.304573386,80.55,4,27518.72352,3,0.050325785,10647
21.36986301,15,1,62.16955333,0.402301479,87.44,5,38457.39589,3,0.026422899,10648
63.92694064,13,4,57.52051048,0.426102416,80.07,5,41899.63286,3,0.02824564,10649
39.543379,16,7,54.37556974,0.467213127,78.48,5,33528.51335,1,0.023357404,10650
40.63926941,13,5,65.90701914,0.381746123,77.5,3,21725.04363,2,0.107222523,10651
75.29680365,5,7,57.52051048,0.470819329,87.1,6,38242.13065,0,0.00967149,10652
61.64383562,10,12,85.59708295,0.351093401,78.4,2,25723.82936,3,0.349996581,10653
25.89041096,14,2,33.9562443,0.870025965,82.99,2,37920.67541,2,0.511578157,10654
28.90410959,13,4,63.76481313,0.348569059,77.91,5,42483.53744,3,0.028486671,10655
69.9543379,8,6,82.13309025,0.180880635,75.2,2,23278.62889,1,0.315041983,10656
36.11872146,11,6,56.79124886,0.522748648,80.92,4,38526.01393,3,0.070096125,10657
29.17808219,13,4,79.53509572,0.268150739,82.38,4,46445.7091,0,0.085301448,10658
38.35616438,17,10,51.41294439,0.556286332,79.39,5,54914.79876,0,0.033947757,10659
53.88127854,12,11,83.40929809,0.289066715,82.26,5,27550.59137,1,0.018515923,10660
43.47031963,15,0,77.62078396,0.362272629,80.64,2,54429.81191,2,0.777801803,10661
47.03196347,14,13,85.77939836,0.143376127,83.32,2,24326.59899,4,0.323437571,10662
47.44292237,11,12,61.21239745,0.496423368,77.59,4,28555.35811,2,0.052129183,10663
44.01826484,15,9,76.70920693,0.325489362,82.09,1,27910.31755,3,1.024236266,10664
36.43835616,11,3,70.00911577,0.331619906,81.86,3,38078.90026,2,0.189583681,10665
39.13242009,10,8,75.93436645,0.281493689,79.39,4,30843.07933,0,0.056538934,10666
47.57990868,11,10,81.72288058,0.29555788,79.78,4,34578.13396,1,0.063183915,10667
72.46575342,10,3,63.90154968,0.35073278,78.83,7,30049.56963,2,0.002834829,10668
29.8630137,13,14,66.90975387,0.409513884,80.75,4,40169.15547,2,0.074040846,10669
56.21004566,15,4,67.41112124,0.219827624,82.09,6,36191.03222,3,0.008519933,10670
32.92237443,15,0,71.78669098,0.424299315,80.67,3,37860.21826,2,0.18906238,10671
72.14611872,10,7,62.26071103,0.402301479,80.55,7,29171.21137,1,0.002604304,10672
42.23744292,12,0,58.52324521,0.430069239,80.72,3,32424.13743,1,0.161430275,10673
43.78995434,12,14,77.07383774,0.344602236,82,6,35974.82174,4,0.008505971,10674
14.84018265,17,1,54.92251595,0.479113595,77.67,1,33960.58158,2,1.256370837,10675
48.81278539,10,1,68.32269827,0.258774612,79.56,6,28202.75965,1,0.006561604,10676
58.12785388,11,7,68.91522334,0.270675081,80.84,2,19364.54539,1,0.252547765,10677
50.73059361,13,0,74.52142206,0.239301118,84.41,2,34007.01765,2,0.460234937,10678
22.19178082,15,1,54.92251595,0.368763794,81.78,4,28203.48913,2,0.051779734,10679
49.5890411,7,3,76.89152233,0.288706094,80.5,4,28024.97631,2,0.051489305,10680
32.46575342,15,6,64.94986326,0.45891886,80.59,7,23078.09972,1,0.002366971,10681
30.82191781,16,6,53.2816773,0.395089073,82.03,5,32666.80939,1,0.021351401,10682
55.93607306,12,0,61.2579763,0.444133429,80.31,7,44189.17829,3,0.004016691,10683
29.26940639,16,9,42.023701,0.473704291,81.18,2,11344.02219,3,0.170460594,10684
62.32876712,10,0,78.07657247,0.268150739,83.53,2,34747.02646,1,0.470269643,10685
41.32420091,16,2,80.03646308,0.321522539,85.22,7,14087.13134,1,0.000763559,10686
0,21,14,67.41112124,0.2959185,83.01,7,18802.59104,2,0.00189627,10687
67.12328767,12,4,71.19416591,0.238940498,85.61,7,46726.16644,2,0.003802181,10688
49.5890411,10,38,51.04831358,0.37741868,82.82,5,44574.06272,3,0.02902201,10689
69.7716895,7,0,75.7064722,0.354699603,78.64,5,24792.92848,1,0.016738846,10690
32.92237443,15,2,78.66909754,0.298442842,78.15,4,42485.50645,4,0.077906415,10691
38.58447489,13,0,63.58249772,0.332701767,77.8,2,26284.08868,2,0.355420403,10692