Safety_Score,Days_Since_Inspection,Total_Safety_Complaints,Control_Metric,Turbulence_In_gforces,Cabin_Temperature,Accident_Type_Code,Max_Elevation,Violations,Adverse_Weather_Metric,Accident_ID
27.48858447,17,13,54.37556974,0.541140281,77.4,1,29430.80343,4,1.090265981,10994
25.89041096,14,0,51.45852325,0.422496213,80.33,4,28203.48913,2,0.052018817,10995
13.10502283,17,5,48.99726527,0.590545258,79.71,4,36350.87515,3,0.066039462,10996
34.38356164,15,2,70.46490428,0.251922827,75.84,3,18418.66999,3,0.091701158,10997
36.25570776,11,1,60.57429353,0.380303642,82.81,4,32880.40967,2,0.059954534,10998
32.37442922,15,22,79.0793072,0.352535882,78.29,3,39792.62264,3,0.197627289,10999
51.27853881,10,3,65.99817685,0.386073567,82.3,5,37002.51928,4,0.024275811,11000
33.01369863,15,0,56.19872379,0.372369996,81.71,4,26238.33762,1,0.048506476,11001
9.315068493,18,4,56.10756609,0.354699603,79.22,1,29801.50652,3,1.086592366,11002
52.19178082,13,1,67.27438469,0.327653083,86.96,7,30444.56941,2,0.002822372,11003
55.70776256,12,11,62.8532361,0.295197259,77.99,3,39110.39587,1,0.195276857,11004
31.09589041,16,3,64.22060164,0.406628922,77.9,6,26433.28614,2,0.006794821,11005
33.97260274,11,5,60.84776664,0.303852146,76.49,1,35012.60116,2,1.293014764,11006
34.47488584,11,8,62.67092069,0.454591417,80.52,1,42639.1392,2,1.556913308,11007
26.98630137,17,2,65.95259799,0.422856834,78.83,3,22547.19524,3,0.111288342,11008
45.75342466,11,3,81.90519599,0.355060224,76.87,3,37209.43346,3,0.185178267,11009
77.30593607,2,19,45.53327256,0.35001154,81.35,2,37455.34117,2,0.509916462,11010
39.543379,10,5,76.61804923,0.28329679,78.5,4,26232.98814,2,0.048625993,11011
46.89497717,7,9,67.18322698,0.413841327,75.35,1,59153.88674,1,2.057714104,11012
33.97260274,11,4,63.90154968,0.456033898,79.31,5,29234.31639,2,0.019551683,11013
16.25570776,16,6,66.54512306,0.250119726,81.57,7,23183.57878,2,0.002414052,11014
49.31506849,14,10,64.3573382,0.409874504,79.01,2,20299.80593,1,0.273798141,11015
51.41552511,9,1,88.92433911,0.276805626,82.58,6,35640.05233,1,0.008367916,11016
22.28310502,18,8,68.04922516,0.294115398,79.4,7,41118.82065,1,0.00394519,11017
45.02283105,15,1,93.80127621,0.180520014,86.08,5,30619.78737,1,0.019522058,11018
41.09589041,9,2,69.5077484,0.407710783,86.58,4,32475.3942,2,0.05941457,11019
34.47488584,14,13,73.29079307,0.33702921,79.81,6,20873.14046,2,0.005372627,11020
45.34246575,8,1,69.00638104,0.35001154,81.53,4,43482.85208,0,0.08016312,11021
54.20091324,5,0,73.83773929,0.364796971,78.64,1,37384.68157,2,1.380642713,11022
74.84018265,10,3,62.48860529,0.317195096,77.66,7,28153.68356,1,0.002778057,11023
14.52054795,17,1,80.44667274,0.281854309,76.75,4,27464.48878,1,0.049764333,11024
36.75799087,10,6,65.08659982,0.313588893,76.04,4,43870.35704,2,0.079641622,11025
42.42009132,12,3,68.04922516,0.311064551,79.46,1,20061.5449,4,0.741000086,11026
36.43835616,10,13,70.41932543,0.261659574,77.94,4,33767.05943,2,0.062337426,11027
73.37899543,6,4,72.01458523,0.315752614,77.76,7,11939.14899,1,0.000367501,11028
54.24657534,9,5,62.53418414,0.402662099,77.98,5,43704.68597,3,0.02902201,11029
50,13,1,68.86964448,0.199632889,82.53,4,33523.70234,2,0.06153888,11030
30.82191781,16,3,57.15587967,0.372009376,81.72,1,30380.86152,2,1.109627272,11031
41.64383562,9,7,45.48769371,0.520945546,77.74,1,52118.26964,3,1.917323991,11032
55.70776256,12,21,58.0674567,0.437642265,79.6,6,32879.76364,2,0.008176606,11033
43.69863014,15,0,68.00364631,0.362993869,76.95,2,32682.90181,3,0.443808474,11034
46.80365297,14,3,50.82041933,0.596675802,83.28,2,45105.84144,3,0.613499623,11035
33.97260274,11,14,73.42752963,0.222351965,79.97,5,31180.80116,4,0.019846267,11036
25.25114155,17,8,42.61622607,0.578284169,80.53,5,21720.57383,3,0.013804617,11037
48.26484018,7,8,73.88331814,0.370927515,75.35,4,35235.68818,2,0.064150199,11038
36.98630137,14,4,88.01276208,0.226679409,77.77,7,43442.14511,1,0.00394519,11039
40.59360731,13,11,71.78669098,0.392564731,77.11,6,47430.2732,2,0.011328329,11040
49.7260274,7,0,78.94257065,0.316473855,77.85,4,28364.61146,1,0.051779734,11041
30.1826484,12,1,56.88240656,0.378139921,83.58,3,42442.88524,1,0.212462296,11042
69.9543379,11,5,62.39744758,0.317195096,79.22,5,28153.68356,3,0.019342855,11043
22.00913242,15,6,60.61987238,0.345323476,77.65,4,16360.96377,1,0.029080212,11044
25.89041096,14,3,62.26071103,0.532846015,80.47,4,49288.63551,3,0.090275285,11045
56.16438356,15,0,76.07110301,0.520945546,81.14,2,33357.8874,2,0.449741029,11046
37.57990868,10,12,67.41112124,0.219827624,75.55,5,35067.70508,1,0.023390942,11047
32.51141553,12,10,52.05104831,0.511569419,77.68,4,41018.75157,4,0.075128464,11048
54.20091324,12,1,46.35369189,0.438724125,86.42,3,34210.20436,2,0.170794963,11049
63.65296804,10,1,63.90154968,0.277526866,81.26,5,19742.27302,2,0.012514412,11050
14.47488584,17,3,50.68368277,0.527076091,76.8,1,25614.29953,3,0.939602704,11051
47.30593607,11,1,80.40109389,0.218385142,78.93,3,32932.72392,1,0.16370192,11052
53.78995434,5,5,80.03646308,0.284018031,77.87,5,33186.72081,1,0.021433195,11053
5.205479452,20,1,76.02552416,0.388237288,76.44,2,25019.92995,1,0.33878978,11054
45.75342466,11,3,82.90793072,0.317916336,76.87,3,20399.78282,3,0.10150267,11055
52.19178082,9,1,80.03646308,0.223433826,83.37,1,41910.80988,0,1.53031873,11056
38.21917808,13,2,73.51868733,0.388958529,78.65,3,19754.58124,2,0.098496104,11057
45.52511416,11,30,66.90975387,0.420332492,86.36,6,21422.7868,3,0.005477108,11058
37.80821918,17,16,80.674567,0.370927515,80.06,4,31867.72783,1,0.059458512,11059
69.8630137,8,2,74.65815861,0.2959185,80.67,5,26328.77174,3,0.017028224,11060
69.8173516,11,1,61.71376481,0.48596538,78.64,4,46975.27577,3,0.086740473,11061
59.40639269,11,6,74.47584321,0.234973675,78.56,7,19550.42361,2,0.002027048,11062
54.52054795,8,1,60.02734731,0.510848179,77.85,3,44244.62918,3,0.221832091,11063
82.23744292,8,14,62.53418414,0.345323476,77.97,3,53739.52912,1,0.264749961,11064
61.87214612,13,9,74.61257976,0.233531194,80.92,7,36493.19435,1,0.003146767,11065
37.53424658,10,6,52.59799453,0.456033898,79.66,4,49341.22322,1,0.089775732,11066
53.19634703,16,1,82.95350957,0.333783628,86.96,4,40561.69267,3,0.074291332,11067
80.3196347,8,13,45.89790337,0.668078615,81.08,4,39488.30147,2,0.072261048,11068
36.98630137,11,6,66.31722881,0.547992066,81.02,3,15560.24743,2,0.080402718,11069
57.44292237,15,3,67.45670009,0.31034331,83.81,6,21374.97911,2,0.005326978,11070
35.29680365,14,2,72.56153145,0.271035701,77.08,3,25722.52802,2,0.128707665,11071
62.28310502,10,7,68.23154057,0.359027047,78.52,3,40406.30633,0,0.199929006,11072
33.78995434,11,2,69.96353692,0.314310133,76.3,1,34505.25483,1,1.268472711,11073
50.73059361,6,6,76.20783956,0.28329679,80.83,7,25359.44439,2,0.002295664,11074
34.42922374,15,23,59.7538742,0.294836639,79.99,7,33401.02555,1,0.003297356,11075
40.0913242,10,0,76.29899727,0.411316985,78.69,1,34614.44982,1,1.276659279,11076
39.9086758,13,12,62.07839562,0.490292824,79.33,1,25631.34571,2,0.939602704,11077
26.48401826,13,5,52.32452142,0.264183916,79.09,1,10975.93602,1,0.202495647,11078
30.3652968,16,5,78.25888788,0.205402813,78.08,6,37623.17303,3,0.010012707,11079
26.25570776,14,30,55.24156791,0.510848179,83.56,4,23561.29284,1,0.043855655,11080
26.34703196,20,8,54.8769371,0.383188604,80.6,2,40716.71421,1,0.549704568,11081
49.17808219,14,22,46.9006381,0.541140281,77.12,2,32441.08736,1,0.438933418,11082
28.31050228,13,8,64.40291705,0.330898666,77.91,2,23407.411,2,0.317264638,11083
34.93150685,11,7,60.84776664,0.272117562,77.16,2,44465.27191,1,0.597413022,11084
43.88127854,15,0,80.03646308,0.333423008,82.57,3,31111.53846,2,0.153870217,11085
24.93150685,14,0,55.78851413,0.47154057,76.07,4,39443.72433,2,0.073235561,11086
51.36986301,17,6,74.43026436,0.283657411,79.31,7,28110.11566,3,0.002852553,11087
71.59817352,3,0,56.3810392,0.365878832,80.81,2,29984.23582,1,0.405598313,11088
61.46118721,13,25,65.45123063,0.422135593,86.39,7,15545.13971,4,0.000468916,11089
25.11415525,14,9,55.42388332,0.421774973,76.26,7,32624.82262,2,0.003329428,11090
38.90410959,10,0,54.32999088,0.325128741,79.22,4,41643.76829,1,0.076566406,11091
38.85844749,17,2,68.00364631,0.338471691,84.01,7,41724.56872,1,0.004076263,11092
39.6347032,17,8,62.26071103,0.427184277,79.17,2,54788.24704,1,0.775872856,11093
63.83561644,13,0,52.82588879,0.292312297,78.98,3,26473.2907,4,0.131904151,11094
30.95890411,16,0,70.51048314,0.324407501,82.57,3,32338.7124,3,0.159696996,11095
39.45205479,13,4,77.02825889,0.299885323,78.28,3,46794.80628,3,0.230544955,11096
50.91324201,10,4,55.69735643,0.36371511,76.95,3,29290.61483,4,0.145506162,11097
48.72146119,18,0,49.27073838,0.541140281,81.42,7,45332.30276,2,0.003874501,11098
19.543379,23,8,66.36280766,0.421774973,78.19,4,31273.8224,2,0.057359255,11099
35.02283105,11,5,48.22242479,0.670963577,79.49,4,33766.18212,2,0.06199507,11100
43.97260274,12,10,52.14220602,0.522748648,82.23,3,32044.55638,3,0.159286052,11101
16.16438356,17,3,61.53144941,0.294115398,80.96,2,39572.92752,2,0.536298869,11102
46.62100457,18,0,48.54147675,0.407710783,83.01,4,36789.68548,1,0.067382659,11103
65.66210046,12,7,49.58979034,0.475146772,78.1,7,25006.93476,3,0.002295664,11104
41.82648402,13,1,74.52142206,0.328734944,79.93,3,37860.21826,0,0.188494927,11105
43.01369863,15,1,58.79671832,0.514454382,77.17,4,23927.73723,1,0.043019277,11106
28.31050228,13,12,69.96353692,0.226679409,81.59,4,22468.65367,3,0.040926354,11107
49.22374429,14,4,79.12488605,0.283657411,80.84,2,20432.27973,3,0.274913005,11108
18.31050228,16,3,57.83956244,0.355420844,76.79,4,21448.46855,1,0.039859773,11109
34.93150685,11,7,84.18413856,0.198911648,81.21,4,30357.98583,2,0.05576251,11110
36.07305936,11,3,86.91886964,0.362993869,80.65,2,39903.49673,0,0.543669819,11111
40.77625571,16,7,53.00820419,0.439805986,85.02,2,47423.38606,2,0.63974034,11112
37.44292237,14,0,46.17137648,0.675291021,79.66,6,44090.84961,3,0.010772314,11113
50.3652968,13,11,69.59890611,0.475146772,78.67,2,43774.33972,1,0.596791289,11114
21.78082192,15,10,67.50227894,0.39040101,80.42,4,25988.33351,2,0.048625993,11115
39.04109589,10,4,60.25524157,0.391843491,78.64,5,35320.94545,2,0.02354737,11116
77.89954338,3,14,76.61804923,0.237137396,78.37,4,32690.62577,2,0.060403966,11117
77.99086758,8,1,77.52962625,0.355060224,84.82,7,831.6955534,5,0.001234514,11118
77.67123288,3,8,45.67000912,0.514093761,77.6,3,25800.58899,2,0.128896402,11119
18.90410959,16,5,70.51048314,0.247234764,74.85,7,28395.06401,1,0.00277624,11120
54.52054795,9,3,67.77575205,0.392564731,83.36,3,42528.13418,1,0.211029209,11121
63.65296804,10,0,60.07292616,0.406268301,76.67,1,27465.74031,1,1.01040812,11122
27.85388128,17,5,62.53418414,0.263462676,75.05,6,35598.84613,1,0.008476701,11123
30.91324201,16,0,82.90793072,0.396892175,82.57,3,31111.53846,0,0.15401046,11124
45.43378995,11,8,89.65360073,0.207566534,78.24,6,29451.42975,2,0.007207928,11125
43.65296804,12,1,62.67092069,0.425020555,84.8,5,9025.604542,3,0.00868878,11126
66.25570776,12,0,73.33637192,0.432593581,80.85,7,40677.51029,2,0.003625472,11127
19.543379,19,0,56.15314494,0.338111071,77.85,3,20985.56407,1,0.103168421,11128
10.63926941,18,4,47.90337284,0.460000721,79.28,2,41045.694,4,0.553503806,11129
68.03652968,12,5,77.75752051,0.185568698,80.66,7,21902.97033,3,0.001949146,11130
42.42009132,12,10,60.66545123,0.473704291,77.55,4,24192.26439,2,0.044566011,11131
36.43835616,14,11,64.5396536,0.245431662,81.99,5,22999.94802,1,0.015031447,11132
45.20547945,11,28,50.54694622,0.523469888,83.73,6,21768.78552,2,0.005610034,11133
39.7260274,17,3,70.14585232,0.355060224,80.2,4,49250.69389,2,0.090592444,11134
58.90410959,14,4,61.62260711,0.220548864,78.77,7,39110.39587,1,0.003462771,11135
33.74429224,18,29,54.55788514,0.279690588,87.65,2,37258.09685,1,0.506304901,11136
38.99543379,10,2,62.80765725,0.329095564,82.23,7,35862.16829,3,0.003146767,11137
63.97260274,9,0,80.26435734,0.262380815,80.86,1,36467.42424,0,1.34141887,11138
15.75342466,20,28,59.38924339,0.294836639,76.21,3,33643.98877,2,0.168140869,11139
30.4109589,12,1,74.61257976,0.399055896,78.34,6,43619.81531,0,0.01056921,11140
62.37442922,13,5,60.98450319,0.370927515,77.1,7,27034.8777,2,0.00218528,11141
40.82191781,9,34,50.86599818,0.495341507,80.23,1,21022.74327,3,0.770245197,11142
33.69863014,15,8,64.3573382,0.337389831,76.13,3,16360.96377,2,0.083257487,11143
43.65296804,12,3,78.66909754,0.36335449,81.27,6,15487.53227,2,0.003414515,11144
42.78538813,12,4,59.7538742,0.523830508,83.03,3,32349.23736,2,0.15976162,11145
28.90410959,13,8,63.30902461,0.383188604,78.7,4,39792.62264,2,0.072643765,11146
33.19634703,12,14,76.61804923,0.383188604,80.21,4,52430.45212,3,0.09280466,11147
47.48858447,14,1,55.60619872,0.384270465,81.08,2,47892.29855,2,0.641130507,11148
40.73059361,16,2,80.03646308,0.321522539,76.92,7,43907.20025,2,0.003891851,11149
55.25114155,12,4,61.66818596,0.529600433,77.16,6,36323.60297,2,0.009083376,11150
32.19178082,12,10,50.18231541,0.447739632,81.89,7,31317.09211,2,0.002908779,11151
22.28310502,18,10,67.09206928,0.268150739,77.58,6,44681.07562,0,0.01075244,11152
38.40182648,13,7,41.61349134,0.428987378,76.22,3,30858.54314,3,0.154895229,11153
69.9543379,11,3,84.59434822,0.186650559,80.66,7,28435.80371,2,0.002886358,11154
49.5890411,10,16,70.19143118,0.394007212,76.98,6,27903.57087,4,0.006461982,11155
55.25114155,12,2,39.88149499,0.591627119,77.25,3,26959.61317,2,0.134002354,11156
53.78995434,5,3,71.05742935,0.304573386,78.64,4,35906.44155,2,0.065732886,11157
22.69406393,18,0,57.56608933,0.308540209,78.17,4,39572.92752,3,0.072614185,11158
64.42922374,13,7,61.66818596,0.48596538,79.49,3,42607.0711,4,0.210513626,11159
65.98173516,9,3,72.74384686,0.272838803,86.97,1,33311.17306,2,1.21979395,11160
50.2283105,16,0,63.67365542,0.321161918,83.5,7,30269.97101,2,0.002798876,11161
63.65296804,13,0,77.84867821,0.303852146,80.55,7,24305.3909,1,0.002433605,11162
65.79908676,9,5,58.79671832,0.381746123,76.13,2,26687.6998,3,0.362071261,11163
68.12785388,5,6,54.9680948,0.348929679,81.63,2,30232.14602,2,0.408642256,11164
44.70319635,12,4,80.40109389,0.340996033,79.22,3,25735.80475,2,0.12803262,11165
46.34703196,11,1,73.88331814,0.441609088,81.63,4,37921.07399,1,0.069507345,11166
14.47488584,17,0,49.49863263,0.362272629,77.18,4,40296.81608,3,0.073676815,11167
53.01369863,6,0,59.07019143,0.364796971,76.37,2,34354.11122,2,0.465273335,11168
26.02739726,14,2,59.61713765,0.367321313,83.57,1,49722.57434,3,1.829191286,11169
30.73059361,12,1,48.90610757,0.634901551,77.71,4,38800.96731,3,0.071028764,11170
44.61187215,12,13,67.18322698,0.415644428,79.89,3,33889.04939,1,0.167165431,11171
76.62100457,6,14,55.05925251,0.427905517,84.27,2,52077.30167,3,0.706982634,11172
26.71232877,14,2,74.79489517,0.229564371,82.07,7,37066.96224,2,0.003578441,11173
45.98173516,18,10,33.9562443,0.683945907,82.49,7,38340.91776,2,0.003546195,11174
23.60730594,18,3,67.8213309,0.352535882,83.21,1,23763.88,4,0.877709245,11175
41.91780822,12,0,70.19143118,0.393646592,77.39,3,46514.64047,0,0.230657865,11176
69.543379,8,4,70.46490428,0.272838803,76.45,5,36048.36682,1,0.024510974,11177
68.67579909,8,2,56.70009116,0.572514245,83.42,7,25644.46842,2,0.002295897,11178
19.9543379,15,10,72.01458523,0.261659574,79.58,4,30479.0843,2,0.055826031,11179
43.10502283,9,3,68.00364631,0.547992066,86.51,4,36297.4081,2,0.065992443,11180
76.62100457,9,9,63.53691887,0.577923549,80.07,3,28245.64126,3,0.140526429,11181
70.1369863,7,1,56.3810392,0.549795168,81.79,2,37342.65062,2,0.506304901,11182
77.99086758,8,13,61.48587056,0.542582762,79.53,7,38526.01393,2,0.003665215,11183
15.43378995,17,0,60.16408387,0.316834475,81.78,4,36228.38126,1,0.065952202,11184
12.69406393,17,34,70.55606199,0.230646232,78.2,7,23734.75131,3,0.002310369,11185
28.72146119,13,1,62.7620784,0.329095564,76.85,6,41432.74871,3,0.009972107,11186
34.74885845,15,5,76.93710119,0.396892175,78.75,1,36093.49888,1,1.343206675,11187
30.3196347,12,10,74.93163172,0.28293617,80.21,4,36131.65244,0,0.066777347,11188
55.43378995,5,2,51.41294439,0.60641255,79.01,5,33766.18212,1,0.023571355,11189
38.12785388,10,1,79.1704649,0.275723765,81.7,1,27158.35686,1,1.000881409,11190
31.59817352,15,2,61.57702826,0.344962856,81.02,3,29267.16487,2,0.145875313,11191
22.60273973,15,8,74.61257976,0.412759466,89.19,1,25342.98088,2,0.9328825,11192
76.62100457,9,1,68.14038286,0.276084385,86.47,7,40010.14576,2,0.003578425,11193
77.67123288,4,14,59.79945305,0.63418031,81.08,2,26753.64857,2,0.362925272,11194
32.10045662,12,17,88.46855059,0.200354129,76.75,1,22458.28253,4,0.82662142,11195
21.46118721,15,9,74.74931632,0.385352326,78.32,4,39792.62264,2,0.072254077,11196
28.94977169,20,3,57.52051048,0.447379012,81.46,2,40840.64636,2,0.551040805,11197
40.86757991,16,8,57.74840474,0.284739272,79.49,5,32734.06616,2,0.022453057,11198
39.17808219,13,2,69.14311759,0.373091237,79.86,3,22719.48409,1,0.113281897,11199
31.23287671,12,12,66.49954421,0.386794807,81.3,2,26040.29909,2,0.352028408,11200
31.14155251,12,1,85.59708295,0.256971511,83.01,4,20028.16316,4,0.036387678,11201
29.36073059,13,13,69.64448496,0.226679409,79.05,4,22468.65367,3,0.041065217,11202
20.1826484,15,0,66.81859617,0.365878832,81.16,4,34769.18504,4,0.063847963,11203
34.38356164,11,4,88.24065634,0.245071042,83.94,6,26360.68314,2,0.006682773,11204
12.42009132,18,3,55.69735643,0.479113595,77.51,1,33143.98531,1,1.217896254,11205
17.57990868,16,5,58.61440292,0.311425171,77.53,4,19165.55334,2,0.034202197,11206
35.02283105,11,0,74.24794895,0.218024522,82.2,4,36963.93427,2,0.0672593,11207
51.36986301,17,0,67.59343665,0.340274793,77.04,2,50046.07836,2,0.678555592,11208
32.69406393,12,0,41.52233364,0.5396978,80.85,2,19136.0861,3,0.264253744,11209
36.84931507,14,13,59.70829535,0.391482871,79.99,4,12854.04566,2,0.023566018,11210
27.16894977,13,0,72.19690064,0.390040389,77.57,6,34758.93444,2,0.008502117,11211
36.02739726,14,4,82.90793072,0.317916336,79.71,3,22753.31325,0,0.112813799,11212
35.02283105,11,5,60.20966272,0.307097728,77.36,1,30660.27529,0,1.130367137,11213
30.68493151,16,0,84.86782133,0.312146412,78.63,6,26863.37839,2,0.006452921,11214
58.31050228,11,4,71.74111212,0.45855824,80.23,5,39669.18786,3,0.025793732,11215
45.20547945,15,12,68.82406563,0.262020195,78.83,7,35698.39319,2,0.00331236,11216
22.32876712,18,3,68.77848678,0.25588965,80.62,4,15246.09305,2,0.027990371,11217
95.25114155,6,3,72.97174111,0.492817166,82.57,2,38977.28414,2,0.52473602,11218
32.05479452,15,3,58.93345488,0.360108907,81.06,3,26459.33273,1,0.131453134,11219
14.20091324,17,0,63.40018232,0.482359178,79.71,4,19494.85874,3,0.035396261,11220
29.49771689,16,11,61.53144941,0.451345835,78.97,6,27930.81786,3,0.006569039,11221
26.71232877,14,2,74.79489517,0.306737108,79.81,7,36131.65244,1,0.003332008,11222
44.42922374,15,0,47.12853236,0.663029931,78.55,2,32681.07569,3,0.443808474,11223
47.48858447,14,2,46.03463993,0.351454021,79.61,2,16332.79427,0,0.209602823,11224
39.40639269,10,0,55.74293528,0.47154057,76.18,7,37668.36949,2,0.003465838,11225
16.48401826,20,20,67.6390155,0.449903354,76.79,1,25013.50879,2,0.932316164,11226
74.10958904,5,7,64.76754786,0.371648756,82.49,2,33226.13069,2,0.450995316,11227
67.57990868,12,3,46.8094804,0.557007573,86.3,7,27237.90631,2,0.002239088,11228
45.70776256,11,1,74.88605287,0.306015867,78.04,6,48317.93035,3,0.011241529,11229
38.85844749,17,0,74.06563355,0.339192932,79.89,1,35132.22646,2,1.29142485,11230
20.59360731,19,3,54.55788514,0.303491525,81.92,1,37582.06871,1,1.379409622,11231
44.42922374,8,4,38.78760255,0.707746845,81.11,4,33871.58628,2,0.062115872,11232
38.44748858,10,2,73.51868733,0.40410458,77.25,4,30061.71559,2,0.055119247,11233
27.16894977,17,5,78.76025524,0.304573386,77.49,1,49272.8265,2,1.882949811,11234
30.0913242,16,3,49.13400182,0.407710783,81.26,1,27865.46808,1,1.025113282,11235
4.794520548,20,13,58.84229717,0.554122611,82.93,2,29969.88689,2,0.406933962,11236
52.28310502,9,3,63.81039198,0.306015867,88.11,6,32018.58444,2,0.008009077,11237
23.60730594,18,0,56.15314494,0.328374324,83.25,4,31450.5946,3,0.057497265,11238
65.70776256,12,1,73.29079307,0.260938334,81.26,5,30882.72638,3,0.021075799,11239
54.29223744,16,15,60.75660893,0.423217454,81.71,4,15186.50795,3,0.027935419,11240
48.35616438,11,1,66.90975387,0.420332492,79.61,1,35207.22856,2,1.293014764,11241
20.2283105,15,2,70.51048314,0.456755139,81.16,4,37773.35538,3,0.069384269,11242
41.36986301,13,20,60.25524157,0.420332492,85.97,5,16880.67677,3,0.010239283,11243
34.06392694,11,1,50.86599818,0.55340137,81.38,1,45027.38573,2,1.682724875,11244
12.92237443,18,1,66.49954421,0.520945546,79.69,4,25762.31819,2,0.047528167,11245
21.23287671,15,2,67.68459435,0.449903354,82.19,4,26483.63833,1,0.048506476,11246
22.83105023,15,0,58.97903373,0.278608727,81.78,4,23220.92205,1,0.041981418,11247
54.29223744,12,2,50.77484047,0.626607285,79.33,3,29697.52971,1,0.147855294,11248
34.84018265,14,5,52.41567912,0.392564731,80.58,4,31200.25273,2,0.057508197,11249
42.51141553,12,13,35.27803099,0.619394879,80.2,5,21253.8452,3,0.014064555,11250
37.30593607,14,4,55.05925251,0.488489722,82.99,2,48525.86034,2,0.656726105,11251
23.19634703,19,2,54.55788514,0.372009376,84.8,6,42526.73924,2,0.010630226,11252
31.41552511,19,7,57.24703737,0.444133429,77.16,2,23197.32945,3,0.31294089,11253
49.36073059,14,14,70.87511395,0.276805626,80.36,2,30056.21522,3,0.405792505,11254
57.67123288,11,9,61.39471285,0.418529391,77.83,1,41139.7992,2,1.527735309,11255
54.88584475,15,2,68.68732908,0.386794807,79.8,7,49860.81887,2,0.00441333,11256
38.03652968,13,0,75.93436645,0.388237288,78.7,3,28145.04092,0,0.141031134,11257
54.10958904,12,2,68.96080219,0.335586729,83.56,4,32349.23736,4,0.058362398,11258
19.9543379,15,1,85.5515041,0.280051208,78.91,4,16355.89056,1,0.028858732,11259
32.87671233,15,7,65.58796718,0.321883159,81.8,3,36656.54735,2,0.182899219,11260
39.6803653,13,2,60.66545123,0.321522539,78.2,2,36656.54735,1,0.49421571,11261
55.70776256,12,10,64.67639015,0.388237288,79.42,5,9560.909439,2,0.008530901,11262
31.59817352,12,3,45.67000912,0.509405698,77.86,4,27296.49509,1,0.049908812,11263
42.32876712,12,1,67.50227894,0.256610891,83.07,6,47814.23112,1,0.011775986,11264
51.05022831,13,3,70.60164084,0.334144248,81.14,1,51183.88256,3,1.818558216,11265
45.70776256,11,0,63.90154968,0.306737108,81.18,6,30269.97101,0,0.007417154,11266
56.75799087,8,1,54.9680948,0.259856473,83.6,5,28377.24994,1,0.019273344,11267
58.49315068,11,22,30.72014585,0.734793365,78.4,1,37764.96703,3,1.39011858,11268
56.75799087,8,12,61.48587056,0.570350523,78.67,3,26697.17509,3,0.133480825,11269
31.82648402,12,5,62.53418414,0.480556076,75.58,2,37908.08189,2,0.51088029,11270
41.00456621,16,44,67.36554239,0.276084385,81.26,1,34641.51186,2,1.272692293,11271
24.06392694,14,9,69.64448496,0.573596105,79.36,7,40424.93221,3,0.003622184,11272
11.00456621,18,5,47.90337284,0.496783988,78.9,5,33783.78236,3,0.023687069,11273
35.98173516,11,3,74.2935278,0.218024522,78.91,2,23690.6304,2,0.321668685,11274
59.45205479,14,9,79.30720146,0.26851136,78.5,7,42024.5141,4,0.004076263,11275
30.68493151,16,6,70.69279854,0.341356653,74.94,3,11036.8282,2,0.055825517,11276
31.82648402,19,0,57.83956244,0.514454382,77.56,4,33315.56836,0,0.061112571,11277
28.72146119,13,1,71.87784868,0.522748648,82.38,4,17004.11201,2,0.032483178,11278
51.23287671,10,15,74.2023701,0.338832312,81.26,3,24740.79458,1,0.1217547,11279
48.63013699,17,1,63.67365542,0.432593581,77.41,7,28029.83029,3,0.002867923,11280
53.92694064,12,7,49.31631723,0.421053732,81.45,2,9666.940558,3,0.096298659,11281
33.05936073,15,23,72.33363719,0.384631085,86.43,6,33101.08572,3,0.007651089,11282
40.86757991,9,12,54.05651778,0.548713307,82.2,4,38526.01393,2,0.070124997,11283
29.08675799,16,11,61.53144941,0.451345835,78.23,6,44997.47382,2,0.011775811,11284
38.81278539,20,2,48.67821331,0.441969708,77.68,7,35247.2888,4,0.00313031,11285
45.06849315,15,3,72.24247949,0.306376488,79.09,4,23536.9009,2,0.04340991,11286
70.1369863,4,0,77.84867821,0.40374396,80.71,2,42371.65869,1,0.576201429,11287
42.28310502,16,15,72.78942571,0.317195096,77.8,1,33596.65076,3,1.229645331,11288
40.77625571,13,6,76.75478578,0.281854309,81.04,3,32654.53382,4,0.162589615,11289
35.02283105,14,0,76.84594348,0.486686621,87.11,2,37649.20665,3,0.50694664,11290
17.71689498,20,8,52.55241568,0.389319149,80.92,3,34956.47223,1,0.174775776,11291
36.02739726,14,4,48.90610757,0.252644068,78.52,5,9966.281392,3,0.005659998,11292
29.13242009,16,0,47.08295351,0.560253155,80.25,3,47433.01624,2,0.236948192,11293
24.79452055,14,14,75.47857794,0.532124775,84.28,1,42321.29153,3,1.566207555,11294
42.28310502,9,11,60.98450319,0.423217454,82.22,4,29080.79713,2,0.052850543,11295