Safety_Score,Days_Since_Inspection,Total_Safety_Complaints,Control_Metric,Turbulence_In_gforces,Cabin_Temperature,Accident_Type_Code,Max_Elevation,Violations,Adverse_Weather_Metric,Accident_ID
37.39726027,14,1,79.76298997,0.362633249,85.3,6,24421.65768,1,0.006234471,11899
40.2739726,9,6,80.99361896,0.264183916,78.31,4,26572.96667,1,0.048461958,11900
28.03652968,13,0,88.14949863,0.30962207,78.52,4,25111.1749,3,0.046284345,11901
66.80365297,12,4,69.64448496,0.292312297,79.64,7,38924.62144,2,0.003406017,11902
50.77625571,10,7,79.71741112,0.313588893,83.07,2,24377.04536,3,0.32809531,11903
28.53881279,13,5,55.78851413,0.311425171,81.25,2,48722.48476,2,0.659387128,11904
44.52054795,12,10,57.24703737,0.281133069,78.37,2,28425.90918,0,0.384836755,11905
11.00456621,18,6,31.54056518,0.717844212,80.34,1,46768.82219,2,1.748519461,11906
54.74885845,15,2,74.79489517,0.338471691,80.42,5,26023.20726,2,0.017223947,11907
58.26484018,11,32,64.58523245,0.414201947,78.29,5,35818.65322,2,0.024627978,11908
42.23744292,12,9,83.40929809,0.287263613,79.62,3,33137.90774,0,0.164679544,11909
66.43835616,12,14,45.89790337,0.630213487,79.99,3,31544.58699,3,0.156961863,11910
37.07762557,14,6,57.976299,0.560974396,79.49,7,28245.64126,1,0.002678065,11911
76.11872146,6,29,65.90701914,0.399055896,76.63,7,13241.15405,1,0.001299831,11912
35.98173516,11,7,85.96171376,0.198911648,76.89,2,25520.92453,3,0.344926674,11913
72.00913242,10,3,62.9443938,0.639589614,82.67,2,31122.64585,2,0.421126243,11914
58.35616438,7,4,67.68459435,0.40374396,81.57,2,27154.08525,4,0.369357073,11915
25.29680365,14,8,54.83135825,0.34965092,78.22,4,23459.11372,2,0.04340991,11916
36.80365297,14,0,57.52051048,0.560974396,77.04,3,34735.45825,1,0.173066681,11917
17.57990868,16,1,62.89881495,0.477671114,78.37,4,29260.96565,3,0.053900361,11918
45.47945205,11,6,20.96627165,0.600282005,79.89,6,5142.286073,3,0.001206359,11919
45.02283105,15,2,59.29808569,0.453509556,77.98,3,30071.57756,2,0.148832135,11920
56.62100457,12,6,54.19325433,0.405186441,81.43,2,45331.83128,3,0.619279393,11921
59.40639269,11,12,81.35824977,0.226679409,83.11,2,31529.76232,3,0.425813096,11922
27.67123288,13,29,58.47766636,0.467573747,78.47,4,49364.72567,2,0.090540253,11923
34.47488584,11,3,60.66545123,0.402301479,76.73,4,33249.38107,2,0.060911324,11924
40.2283105,13,3,56.79124886,0.507241976,75.67,5,30312.60316,1,0.019585569,11925
48.67579909,7,3,76.75478578,0.281854309,78.86,4,32183.65662,2,0.0592112,11926
42.10045662,16,15,67.68459435,0.237137396,84.51,5,46328.87068,2,0.032026073,11927
31.91780822,12,16,66.36280766,0.344602236,81.39,1,27087.62336,2,1.006015505,11928
48.21917808,11,10,51.00273473,0.507602596,81.85,2,52978.47906,1,0.695172259,11929
38.03652968,13,1,77.02825889,0.369485034,81.21,4,28145.04092,2,0.051350229,11930
45.15981735,8,4,74.52142206,0.339192932,78.56,4,27093.09727,2,0.049908812,11931
46.66666667,11,7,60.16408387,0.405186441,81.45,6,28542.00418,2,0.007161153,11932
53.74429224,9,3,30.40109389,0.771576632,82.85,5,32655.84193,2,0.021791943,11933
45.66210046,11,1,51.36736554,0.639950234,79.89,3,40797.96021,0,0.205286209,11934
26.94063927,17,0,52.37010027,0.438002885,76.1,6,32785.64591,1,0.007752006,11935
33.56164384,15,29,55.42388332,0.510848179,81.89,5,32473.86421,2,0.021984843,11936
53.65296804,9,10,77.43846855,0.185568698,83.55,3,19340.25511,2,0.096619645,11937
43.92694064,15,0,86.78213309,0.186650559,82.75,1,38768.3708,3,1.428695679,11938
48.26484018,10,5,67.27438469,0.261298954,82.14,3,25842.7105,1,0.128896402,11939
62.73972603,13,8,56.15314494,0.450624594,80.83,7,31706.30381,2,0.002840716,11940
60.1826484,11,13,81.40382862,0.237137396,81.35,2,39378.28389,2,0.533684622,11941
38.76712329,13,30,68.14038286,0.253365308,80.61,4,30098.57239,0,0.054552666,11942
41.55251142,9,1,60.80218778,0.380303642,81.96,4,36221.85839,2,0.066710822,11943
19.9543379,16,4,66.90975387,0.416365669,84.72,6,23720.17893,0,0.006066867,11944
62.78538813,10,18,54.05651778,0.37741868,75.35,2,38600.79941,2,0.522749652,11945
58.03652968,14,2,78.12215132,0.303852146,80.89,7,30950.39131,2,0.002908779,11946
54.74885845,15,2,60.11850501,0.484522899,81.04,5,15703.56056,2,0.012184263,11947
25.84474886,14,2,66.90975387,0.335586729,81.26,4,42483.53744,1,0.076960353,11948
43.24200913,12,7,78.66909754,0.298082221,79.02,5,38883.49145,2,0.02626212,11949
47.53424658,17,12,48.22242479,0.441969708,77.4,6,29662.59216,1,0.007246463,11950
30.91324201,12,3,64.03828624,0.444133429,80.39,1,32337.3177,2,1.18372104,11951
57.99086758,14,8,78.12215132,0.341717274,79.29,3,15414.09902,3,0.077216928,11952
32.00913242,15,0,59.29808569,0.424299315,81.76,7,36221.85839,3,0.00312227,11953
50.59360731,13,10,69.91795807,0.354699603,83.51,2,45878.87959,1,0.620903116,11954
51.27853881,13,14,64.85870556,0.379582402,78.02,2,40421.43339,1,0.545990856,11955
57.07762557,11,0,55.97082954,0.36335449,79.63,5,29213.84098,2,0.020865409,11956
34.79452055,11,0,81.72288058,0.325849982,76.8,3,41578.71699,2,0.208414226,11957
15.89041096,17,8,38.14949863,0.556646953,79.2,1,27638.22035,3,1.01040812,11958
48.72146119,14,35,66.77301732,0.319719437,78.64,1,23787.7963,3,0.870409654,11959
25.25114155,14,3,79.53509572,0.268150739,80.58,4,27158.35686,1,0.049563454,11960
50.59360731,13,31,66.77301732,0.3226044,80.84,3,39269.05393,3,0.194627897,11961
50.2739726,13,5,68.86964448,0.200354129,80.44,5,36028.49759,2,0.025219565,11962
65.02283105,9,0,82.90793072,0.269953841,78.74,5,35819.0665,1,0.024465794,11963
45.02283105,15,10,65.99817685,0.30998269,78.3,1,43264.26465,4,1.623752406,11964
64.20091324,13,1,70.64721969,0.321161918,81.94,7,44036.81466,2,0.003777834,11965
23.01369863,14,16,37.51139471,0.594512081,80.02,1,26015.69112,2,0.959037978,11966
42.87671233,12,3,67.7301732,0.252644068,81.98,4,33951.33867,3,0.061877156,11967
3.287671233,22,6,64.12944394,0.416365669,80.86,4,42500.22323,2,0.077528301,11968
58.67579909,14,5,62.53418414,0.314670754,84.28,7,43296.07115,2,0.003912944,11969
50.77625571,10,16,70.19143118,0.439805986,79.21,2,42692.4127,2,0.57878352,11970
62.51141553,10,15,84.27529626,0.371288136,79.63,2,31661.62881,2,0.42849355,11971
36.30136986,14,2,73.10847767,0.321161918,78.82,3,36434.97764,2,0.181272564,11972
11.96347032,18,1,47.90337284,0.554122611,79.28,4,28162.02042,2,0.052308589,11973
20.50228311,15,29,70.46490428,0.339914172,81.99,4,46623.751,1,0.085541759,11974
46.11872146,8,1,63.53691887,0.306737108,79.36,4,27372.91297,2,0.050214879,11975
41.27853881,13,8,69.14311759,0.331980527,79.81,3,37862.91999,2,0.188871235,11976
76.89497717,9,1,81.81403829,0.158882798,77.09,7,17287.25562,1,0.002064275,11977
58.40182648,11,4,71.1030082,0.386073567,76.73,2,28473.78615,0,0.385350791,11978
22.92237443,22,8,97.76663628,0.370927515,87.34,4,31488.24789,1,0.056617451,11979
33.83561644,15,0,67.00091158,0.430429859,79.92,6,18311.19206,2,0.004792302,11980
16.52968037,16,5,85.5515041,0.271396322,78.37,2,38564.12923,2,0.522405012,11981
24.29223744,14,0,67.54785779,0.257332131,76.75,4,31278.38645,0,0.058088148,11982
50.4109589,13,9,68.45943482,0.421053732,79.42,7,26424.95084,2,0.002123894,11983
67.03196347,12,8,53.05378304,0.590184638,76.99,7,21681.66127,2,0.001945069,11984
54.52054795,9,3,72.4247949,0.315752614,80.37,1,39338.09069,0,1.45138366,11985
32.55707763,12,5,63.90154968,0.353617743,77.34,5,17417.24824,2,0.011204959,11986
77.85388128,4,2,49.63536919,0.347487198,83.5,2,17182.47277,1,0.232539482,11987
5.205479452,20,1,67.7301732,0.199632889,78.37,6,38472.69896,2,0.00967034,11988
41.91780822,16,9,72.15132179,0.35001154,81.86,2,37236.74911,1,0.504761267,11989
43.78995434,9,6,73.60984503,0.384270465,78.75,4,34481.22582,1,0.063091838,11990
53.56164384,9,10,41.20328168,0.683945907,80.25,2,26064.93189,2,0.352325724,11991
57.94520548,15,2,80.62898815,0.341356653,77.76,7,39274.99085,1,0.003706522,11992
20.86757991,19,4,54.55788514,0.469376848,79.58,1,36512.14298,1,1.329209211,11993
27.57990868,17,1,69.37101185,0.337389831,80.44,2,15883.29958,2,0.214957085,11994
28.58447489,16,1,47.99453054,0.658702488,80.82,2,25824.95393,1,0.349502745,11995
41.68949772,9,1,57.976299,0.385352326,80.48,4,42176.92229,1,0.077906415,11996
18.35616438,20,3,65.26891522,0.412038226,80.43,3,12598.36415,1,0.062723562,11997
58.44748858,11,2,70.41932543,0.294115398,81.09,7,40360.21541,3,0.003491451,11998
30.0913242,16,5,60.02734731,0.245792283,83.85,6,35260.13537,2,0.008636515,11999
37.30593607,17,11,60.02734731,0.409513884,80.01,2,36490.53711,2,0.488383083,12000
39.13242009,10,6,57.47493163,0.304573386,79.31,7,23734.78472,2,0.002280337,12001
71.78082192,10,2,56.70009116,0.572514245,83.56,7,24997.87526,2,0.002302843,12002
17.71689498,20,18,54.83135825,0.315752614,78.95,4,30448.47001,2,0.056187079,12003
64.01826484,13,5,52.59799453,0.456394519,81.43,5,44888.17302,2,0.030341706,12004
15.75342466,20,4,76.75478578,0.335947349,77.36,1,33776.65219,1,1.239804261,12005
11.64383562,18,0,64.5396536,0.306376488,82.36,4,31365.23957,1,0.05793462,12006
46.89497717,17,2,68.68732908,0.251922827,84.4,2,24953.13826,2,0.338559668,12007
41.87214612,12,4,73.92889699,0.373451857,89.19,6,38801.36905,1,0.010337253,12008
40.73059361,13,20,65.58796718,0.412038226,77.51,3,40904.2991,1,0.203121083,12009
50.50228311,13,22,47.72105743,0.448460873,78.75,2,38666.04541,3,0.521562589,12010
39.8173516,9,6,69.05195989,0.408071403,80.96,4,47430.2732,1,0.086740473,12011
31.05022831,16,6,62.71649954,0.427544897,80.25,4,23078.09972,1,0.041981418,12012
53.74429224,16,20,60.75660893,0.378861161,77.27,3,29542.29355,4,0.146661195,12013
1.141552511,21,14,56.3810392,0.461803823,83.82,4,46573.01263,3,0.08427082,12014
41.68949772,16,5,55.10483136,0.307097728,77.27,3,30162.7965,0,0.150239799,12015
59.40639269,11,1,79.44393801,0.245431662,81.04,5,60869.7487,3,0.033621042,12016
54.52054795,9,2,53.1905196,0.621197981,82.17,3,24079.42436,2,0.11971137,12017
62.37442922,13,5,66.31722881,0.383188604,82.33,3,22169.2086,2,0.109948345,12018
65.66210046,12,2,36.64539654,0.456033898,75.98,6,37252.01679,3,0.008502117,12019
51.91780822,13,3,69.4165907,0.227400649,82.43,1,46564.11059,1,1.66486419,12020
51.55251142,13,11,84.91340018,0.25552903,78.47,2,30792.69503,3,0.413957737,12021
64.56621005,9,18,66.0437557,0.461082582,79.42,2,37050.85688,4,0.502390494,12022
27.94520548,17,6,76.57247037,0.233531194,76.98,6,29971.74446,2,0.007547421,12023
11.00456621,18,4,47.90337284,0.554122611,78.95,4,28559.52199,3,0.051338425,12024
29.17808219,13,11,74.06563355,0.330538045,81.37,1,29699.40053,3,1.075385434,12025
61.41552511,10,1,83.54603464,0.30998269,80.55,3,38986.28694,0,0.195684891,12026
7.945205479,22,0,70.55606199,0.271396322,80.74,3,21536.21947,2,0.10798312,12027
45.61643836,11,28,52.68915223,0.391482871,80.55,7,17474.54856,1,0.001922183,12028
45.47945205,11,2,58.61440292,0.488489722,77.2,3,47462.72803,4,0.23987657,12029
37.21461187,10,0,65.04102097,0.25516841,81.13,5,32629.29756,2,0.021732157,12030
52.69406393,6,16,34.04740201,0.584775334,86.59,4,33367.09882,2,0.06148171,12031
34.84018265,15,8,53.05378304,0.426823657,81.2,2,37999.3671,1,0.51675316,12032
27.62557078,13,5,59.11577028,0.509766318,77.35,1,31619.82942,1,1.155226839,12033
55.15981735,9,8,85.77939836,0.40374396,81.2,2,42692.4127,2,0.578381947,12034
37.39726027,14,1,79.76298997,0.362633249,85.3,6,24171.84286,2,0.006234471,12035
36.89497717,14,10,91.20328168,0.287263613,83.96,5,26959.58191,4,0.018989774,12036
28.81278539,16,2,56.97356427,0.414562568,80.16,2,24974.74173,4,0.33878978,12037
33.56164384,18,10,62.26071103,0.425020555,81.8,3,25239.66271,2,0.125490502,12038
53.15068493,13,1,60.80218778,0.369124414,84.38,2,38767.3596,2,0.530620426,12039
43.24200913,15,0,77.16499544,0.33630797,77.81,2,36906.1699,1,0.499470696,12040
42.42009132,12,8,48.3135825,0.384991706,81.56,3,52513.91269,2,0.255560647,12041
60.1369863,10,11,79.30720146,0.383909845,79.26,6,20630.71685,3,0.005395942,12042
51.55251142,16,0,70.19143118,0.392564731,83.07,3,25829.38539,2,0.128453569,12043
64.56621005,9,2,72.5159526,0.522748648,82.68,5,33346.78557,2,0.021563395,12044
30.1826484,12,1,52.96262534,0.401219618,77.99,3,27182.92171,1,0.134776273,12045
54.74885845,9,6,74.02005469,0.250840966,78.16,7,40762.81328,2,0.003662182,12046
42.42009132,12,8,48.3135825,0.40410458,77.56,3,33138.54374,2,0.166305015,12047
50.0913242,13,9,63.53691887,0.225958168,80.83,2,27123.07651,2,0.367070924,12048
56.52968037,12,10,72.01458523,0.277887486,77.69,2,30175.43702,0,0.407910453,12049
34.06392694,15,1,51.18505014,0.375615579,79.64,3,33806.89327,2,0.167794868,12050
37.80821918,10,7,61.2579763,0.264183916,78.52,4,32629.29756,3,0.060446553,12051
43.97260274,12,8,72.78942571,0.231728092,80.03,1,21934.74107,2,0.819092325,12052
74.84018265,9,1,74.79489517,0.224876307,80.43,7,33256.46682,2,0.00303558,12053
24.97716895,14,5,65.04102097,0.549434547,80.35,1,18760.36016,1,0.699659061,12054
30.59360731,19,1,76.07110301,0.386434187,79.74,7,37047.55116,1,0.003716021,12055
52.51141553,9,5,54.74020055,0.36371511,79.39,3,42253.18094,1,0.211029209,12056
29.26940639,13,4,85.27803099,0.351093401,85.13,7,38735.75134,3,0.003640686,12057
47.53424658,11,3,84.04740201,0.259856473,83.65,3,43240.6767,2,0.217592819,12058
43.65296804,9,1,68.00364631,0.345684097,83.44,1,28434.21719,3,1.046003753,12059
31.73515982,21,17,58.20419325,0.496423368,76.21,7,36290.23036,2,0.003309895,12060
29.6347032,16,4,53.91978122,0.312867652,85.04,1,27435.28693,2,0.991433467,12061
50.77625571,10,15,56.3810392,0.586939055,82.2,3,22022.45204,5,0.110391365,12062
45.29680365,11,2,58.61440292,0.468655608,81.06,3,47462.72803,2,0.23368441,12063
53.74429224,13,4,53.73746582,0.39076163,76.96,3,19625.02034,1,0.098918623,12064
38.03652968,17,2,75.11394713,0.389679769,78.1,5,22172.69835,3,0.015649566,12065
56.48401826,15,6,71.37648131,0.263462676,78.41,7,38935.45459,0,0.003622184,12066
66.21004566,12,7,70.41932543,0.22884313,80.03,7,33693.91269,2,0.003173757,12067
38.72146119,13,0,57.70282589,0.312507032,77.2,1,45969.45269,2,1.660431955,12068
41.50684932,19,17,50.36463081,0.329095564,78.24,2,45105.84144,2,0.617217585,12069
20.2283105,15,1,65.08659982,0.424299315,81.52,4,43672.61801,3,0.080537705,12070
45.29680365,11,1,62.71649954,0.234613054,79.15,1,41385.36858,2,1.507831491,12071
67.12328767,12,1,72.97174111,0.365157591,79.63,7,21490.56117,2,0.002068028,12072
70,11,5,84.59434822,0.180880635,80.66,7,38986.28694,4,0.003512413,12073
32.10045662,12,10,54.37556974,0.405186441,81.89,4,22341.097,2,0.040894288,12074
46.21004566,11,0,78.07657247,0.449182113,80.68,3,42065.38243,3,0.209340193,12075
42.37442922,12,2,67.50227894,0.208287775,84.34,3,16266.69199,4,0.080220399,12076
55.02283105,16,1,76.07110301,0.380664263,84.01,7,54279.88661,2,0.004729735,12077
33.69863014,15,0,61.75934366,0.346405337,82.45,3,30063.57973,2,0.149678161,12078
40.456621,9,5,92.61622607,0.185208078,79.43,1,28834.57693,1,1.058850069,12079
44.42922374,15,3,93.66453965,0.22920375,78.46,5,34610.76061,4,0.022772326,12080
43.97260274,8,4,71.87784868,0.258413992,84.68,2,37304.99762,3,0.503944599,12081
41.00456621,16,9,58.43208751,0.284739272,79.49,2,27678.5184,2,0.376624807,12082
34.79452055,14,6,74.74931632,0.281133069,78.16,3,38907.60335,3,0.192011668,12083
62.69406393,13,1,64.85870556,0.293033538,86.57,4,43489.02078,1,0.080470584,12084
55.52511416,12,21,63.94712853,0.258774612,87.74,3,39929.36979,2,0.19895819,12085
22.00913242,15,6,70.32816773,0.379582402,76.36,4,19873.28241,2,0.035320494,12086
41.73515982,16,1,53.00820419,0.520945546,76.79,1,17590.82705,3,0.631202512,12087
23.60730594,18,0,56.15314494,0.328374324,80.37,6,34458.29672,4,0.008974208,12088
34.33789954,11,7,50.0911577,0.752463758,78.58,4,34209.16098,2,0.06189151,12089
48.90410959,14,4,72.01458523,0.321161918,80.84,4,46240.75501,2,0.08427082,12090
16.11872146,20,19,38.78760255,0.754627479,78.95,7,40671.27507,1,0.003539786,12091
48.26484018,11,4,64.90428441,0.250840966,80.63,4,29944.11548,3,0.055059953,12092
76.39269406,9,9,81.67730173,0.433675442,81.2,2,42371.65869,2,0.576201429,12093
42.87671233,12,10,62.62534184,0.419250631,80.55,4,28878.39582,3,0.053398411,12094
62.28310502,6,2,72.10574294,0.358305806,78.23,6,44792.42195,2,0.010812271,12095
63.05936073,13,1,66.49954421,0.421053732,79.8,5,28815.05953,2,0.019970105,12096
36.98630137,11,0,73.70100273,0.291591057,78.94,3,28856.05672,1,0.143456826,12097
60.0913242,10,6,79.1704649,0.317555716,79.83,2,39422.79561,0,0.533529521,12098
16.48401826,16,0,47.90337284,0.493899026,79.07,4,36968.46322,3,0.067523537,12099
15.98173516,17,3,84.27529626,0.218745763,76.78,4,31250.15837,1,0.057508197,12100
45.89041096,7,15,48.54147675,0.520945546,77.78,1,17807.74008,3,0.636699055,12101
30.4109589,12,0,75.25068368,0.384631085,78.79,7,28529.86564,2,0.002782891,12102
9.360730594,18,2,71.42206016,0.290148576,82.07,4,12642.68202,2,0.022417824,12103
18.35616438,19,20,65.99817685,0.49930833,75.74,4,36997.32988,3,0.067711449,12104
20.1369863,15,5,71.78669098,0.388958529,80.59,4,32626.60559,3,0.059850391,12105
57.67123288,11,11,77.07383774,0.240022358,77.69,1,28259.68062,2,1.037197908,12106
19.13242009,16,1,69.14311759,0.28257555,77.29,4,24534.8445,2,0.044790941,12107
51.18721461,10,1,57.06472197,0.26887198,81.16,5,35207.39867,2,0.02354737,12108
52.28310502,13,8,79.30720146,0.361190768,79.96,2,32584.01461,2,0.440378915,12109
89.08675799,6,1,80.26435734,0.232449333,84.83,2,37908.77657,0,0.5130301,12110
32.55707763,12,0,41.43117593,0.5396978,80.78,4,34143.67516,1,0.06199507,12111
36.71232877,11,7,61.21239745,0.262380815,79.72,2,33155.09654,1,0.447344516,12112
61.41552511,10,2,50.18231541,0.484522899,81.26,6,43696.17854,4,0.010830605,12113
34.47488584,11,9,89.42570647,0.266708258,77.65,2,9764.863991,1,0.096298659,12114
49.31506849,14,5,72.15132179,0.351093401,78.51,2,23026.62966,2,0.309944944,12115
24.88584475,14,9,59.79945305,0.424299315,78.47,4,34446.97622,3,0.063446375,12116
37.21461187,10,2,62.53418414,0.371288136,80.53,5,29676.60197,4,0.019411422,12117
39.36073059,13,5,59.07019143,0.504717634,78.37,4,28401.68789,0,0.051656492,12118
40.2283105,13,16,59.07019143,0.273199423,77.2,3,26210.19223,2,0.130405357,12119
27.16894977,13,1,69.37101185,0.36371511,77.87,4,24317.56146,1,0.044302591,12120
49.45205479,17,5,81.72288058,0.433675442,79.01,7,13538.09195,2,0.00135807,12121
19.543379,23,8,71.1030082,0.339192932,80.52,3,38634.49184,0,0.193090444,12122
61.78082192,14,13,63.26344576,0.383188604,80.07,6,52418.7151,1,0.012677216,12123
3.287671233,23,2,67.04649043,0.427184277,79.88,1,20348.90502,2,0.750477042,12124
0.913242009,20,7,65.63354603,0.21550018,78.5,2,23004.89479,1,0.314173974,12125
11.50684932,18,1,89.88149499,0.21513956,76.49,3,27464.48878,2,0.135825197,12126
18.94977169,16,2,76.52689152,0.299164082,80.33,6,40072.97662,2,0.009733825,12127
36.75799087,14,1,66.2260711,0.460000721,79.18,3,18784.40868,4,0.09418704,12128
58.76712329,14,9,62.71649954,0.33666859,79.6,6,12204.9766,3,0.002959419,12129
33.92694064,15,8,57.88514129,0.284739272,80.7,6,45969.45269,2,0.011215686,12130
48.63013699,17,1,69.73564266,0.272838803,77.29,7,33243.80412,3,0.003023353,12131
32.10045662,12,2,59.98176846,0.316834475,79.81,1,39744.98674,2,1.461942549,12132
65.98173516,9,18,70.23701003,0.439805986,79.42,6,32879.76364,2,0.007669187,12133
35.11415525,14,1,71.92342753,0.368042553,77.51,3,35559.48299,1,0.177465947,12134
22.96803653,15,9,62.9443938,0.492817166,85.02,7,38859.98557,1,0.003491451,12135
59.7716895,10,13,97.99453054,0.212975838,77.91,2,35345.32342,2,0.478763293,12136
56.94063927,12,10,76.57247037,0.281493689,76.56,5,33959.19162,2,0.022751475,12137
29.9543379,13,2,56.92798541,0.322243779,78.68,5,38818.4709,2,0.026789419,12138
17.71689498,16,7,53.32725615,0.395449693,78.04,4,40951.91633,1,0.075006051,12139
54.42922374,12,4,59.98176846,0.529600433,82.64,5,36294.38961,2,0.025252146,12140
25.15981735,14,9,65.86144029,0.193502344,81.82,7,29684.84284,2,0.002677742,12141
40.91324201,16,2,60.71103008,0.349290299,81.2,2,44363.18912,3,0.599383374,12142
41.18721461,13,2,60.11850501,0.340274793,78.64,6,22719.48409,1,0.005383992,12143
33.60730594,15,21,64.08386509,0.467213127,76.13,3,29722.83991,3,0.148514921,12144
40.86757991,13,1,62.9443938,0.380664263,80.31,6,30588.64529,3,0.007066863,12145
54.01826484,16,4,58.52324521,0.388237288,83.94,7,30195.73922,3,0.002902411,12146
41.55251142,16,6,84.13855971,0.333062387,84,7,50549.59003,3,0.004693901,12147
41.14155251,13,7,80.26435734,0.340996033,79.09,3,47430.2732,2,0.236948192,12148
40.2739726,10,3,74.97721057,0.324046881,78.4,4,29978.38207,3,0.055027123,12149
58.31050228,11,8,45.25979945,0.714238009,76.01,2,28164.48457,2,0.381827222,12150
46.02739726,15,15,72.01458523,0.392925352,80.35,6,30310.85218,3,0.007614603,12151
25.34246575,14,6,76.93710119,0.355060224,79.52,5,46688.72896,4,0.032032877,12152
49.08675799,14,3,68.09480401,0.367321313,77.32,1,33218.17025,2,1.220620896,12153
42.19178082,12,3,80.99361896,0.396892175,78,3,38622.61981,3,0.193472476,12154
28.94977169,16,9,54.46672744,0.317555716,77,7,37007.77514,1,0.003434911,12155
33.74429224,11,7,61.48587056,0.26851136,79.01,4,20390.80249,0,0.036900366,12156
24.29223744,14,2,84.18413856,0.29627912,84.78,6,27037.41641,1,0.006656118,12157
30.50228311,12,1,68.64175023,0.412038226,79.7,5,49951.14276,2,0.035319452,12158
45.75342466,11,4,81.90519599,0.316834475,77.72,7,52054.30024,0,0.004602863,12159
40.1826484,10,1,62.26071103,0.480556076,79.33,1,25456.28952,4,0.936484556,12160
60,14,13,64.4484959,0.418529391,77.27,7,45795.50296,4,0.003790467,12161
36.16438356,14,3,82.90793072,0.317916336,76.48,3,11622.01044,4,0.059449586,12162
54.79452055,5,28,71.55879672,0.173307609,80.05,2,30248.93497,2,0.407458629,12163
56.62100457,11,13,62.16955333,0.330898666,78.18,4,26782.02428,0,0.048984932,12164
30.50228311,12,6,82.45214221,0.18809304,77.29,6,26227.62357,3,0.006501178,12165
25.57077626,17,2,49.58979034,0.49930833,78.9,4,23918.37405,1,0.043960927,12166
51.64383562,10,0,72.56153145,0.387155427,76.73,3,22352.8611,2,0.111428701,12167
49.45205479,14,5,59.11577028,0.375976199,84.82,4,44801.73232,1,0.081070592,12168
63.10502283,6,6,45.48769371,0.269953841,77.46,1,36219.52131,2,1.34141887,12169
40.82191781,13,0,64.22060164,0.243628561,78.97,4,23364.71825,1,0.042283526,12170
35.98173516,11,6,74.2935278,0.218024522,78.91,1,22174.64685,2,0.809499228,12171
29.6347032,20,12,72.56153145,0.392925352,78.27,4,42569.04978,1,0.077150985,12172
50.0913242,13,3,63.67365542,0.298442842,78.63,1,27372.91297,2,0.993891141,12173
61.73515982,10,1,83.54603464,0.482359178,78.64,5,38281.29237,1,0.025793732,12174
48.99543379,14,1,72.01458523,0.373451857,79.89,6,29225.69399,3,0.007514933,12175
20.50228311,15,5,81.35824977,0.20107537,79.32,6,34068.41332,2,0.00900118,12176
14.88584475,17,0,60.57429353,0.395089073,77.92,4,24703.1217,1,0.045349159,12177
58.21917808,8,2,92.29717411,0.185208078,81.83,7,14287.47546,2,0.001302849,12178
29.8173516,16,7,52.82588879,0.638507753,80.92,3,45955.03814,0,0.228868428,12179
62.00913242,10,1,66.49954421,0.266347638,78.96,2,40973.90952,2,0.556606595,12180
36.30136986,18,0,76.61804923,0.242907321,81.88,2,20313.47617,2,0.276520836,12181
62.32876712,14,5,58.75113947,0.416005049,74.82,3,43447.15183,3,0.215610803,12182
44.42922374,15,1,48.04010939,0.693322034,78.37,2,35740.55744,5,0.482827206,12183
14.15525114,17,0,63.40018232,0.631295348,80.07,4,51650.72424,2,0.093491646,12184
30.77625571,20,2,56.83682771,0.364436351,83.58,4,33055.49189,2,0.060586611,12185
51.32420091,13,11,41.29443938,0.648244501,79.53,3,35387.67007,0,0.17567501,12186
22.64840183,15,25,79.94530538,0.524912369,77.94,4,19947.87021,3,0.035467402,12187
33.92694064,11,4,86.50865998,0.351093401,80.95,6,25794.58087,1,0.006353241,12188
56.52968037,12,10,76.57247037,0.245431662,81.83,7,35956.37581,2,0.003242795,12189
48.72146119,14,33,71.28532361,0.339914172,81.29,3,40252.22774,1,0.199929006,12190
11.23287671,18,0,60.98450319,0.395089073,78.02,6,41940.40947,3,0.010012707,12191
31.82648402,15,0,63.21786691,0.334865489,77.81,3,44236.01775,1,0.221481273,12192
15.20547945,21,3,57.01914312,0.786362063,83.45,3,22533.68783,3,0.112198794,12193
26.57534247,17,9,97.31084777,0.211172737,77.09,5,52371.63387,1,0.035165033,12194
44.56621005,8,1,66.72743847,0.330538045,79.24,4,50950.78516,3,0.094084616,12195
31.78082192,12,3,56.28988149,0.271035701,76.35,4,43870.35704,3,0.080577652,12196
32.42009132,12,1,68.32269827,0.162849621,80.43,3,28202.75965,1,0.140033441,12197
56.02739726,11,13,57.52051048,0.62047674,77.62,2,42365.06106,2,0.573348754,12198
51.59817352,7,0,66.18049225,0.261659574,78.91,7,12090.3042,3,0.001417533,12199